isin,symbol,company_name,series,bse_code,bse_sector,bse_industry,bse_industry_new,bse_i_group,bse_i_sub_group,classification_status,classification_source,failure_reason,attempted_at_utc,attempt_count
INE144J01027,20MICRONS,20 Microns Limited,EQ,533022,Commodities,Industrial Minerals,Metals & Mining,Minerals & Mining,Industrial Minerals,CLASSIFIED,,,,0
INE253B01015,21STCENMGM,21st Century Management Services Limited,EQ,526921,Financial Services,Other Capital Market related Services,Financial Services,Capital Markets,Other Capital Market related Services,CLASSIFIED,,,,0
INE466L01038,360ONE,360 ONE WAM LIMITED,EQ,542772,Financial Services,Stockbroking & Allied,Financial Services,Capital Markets,Stockbroking & Allied,CLASSIFIED,,,,0
INE994E01018,3BBLACKBIO,3B Blackbio Dx Limited,EQ,532067,Healthcare,Healthcare Service Provider,Healthcare,Healthcare Services,Healthcare Service Provider,CLASSIFIED,,,,0
INE748C01038,3IINFOLTD,3i Infotech Limited,BE,532628,Information Technology,Computers - Software & Consulting,Information Technology,IT - Software,Computers - Software & Consulting,CLASSIFIED,,,,0
INE470A01017,3MINDIA,3M India Limited,EQ,523395,Diversified,Diversified,Diversified,Diversified,Diversified,CLASSIFIED,,,,0
INE105C01023,3PLAND,3P Land Holdings Limited,EQ,516092,Financial Services,Investment Company,Financial Services,Finance,Investment Company,CLASSIFIED,,,,0
INE618L01018,5PAISA,5Paisa Capital Limited,EQ,540776,Financial Services,Stockbroking & Allied,Financial Services,Capital Markets,Stockbroking & Allied,CLASSIFIED,,,,0
INE111B01023,63MOONS,63 moons technologies limited,EQ,526881,Information Technology,Computers - Software & Consulting,Information Technology,IT - Software,Computers - Software & Consulting,CLASSIFIED,,,,0
INE619I01012,A2ZINFRA,A2Z Infra Engineering Limited,EQ,533292,Services,Diversified Commercial Services,Services,Commercial Services & Supplies,Diversified Commercial Services,CLASSIFIED,,,,0
INE0D0U01013,AAATECH,AAA Technologies Limited,EQ,543671,Services,Consulting Services,Services,Commercial Services & Supplies,Consulting Services,CLASSIFIED,,,,0
INE883F01010,AADHARHFC,Aadhar Housing Finance Limited,EQ,544176,Financial Services,Housing Finance Company,Financial Services,Finance,Housing Finance Company,CLASSIFIED,,,,0
INE087Z01024,AAKASH,Aakash Exploration Services Limited,EQ,,,,,,,BSE_RETRY,,No BSE code found for ISIN,2026-09-07T12:51:15Z,1
INE198H01019,AAREYDRUGS,Aarey Drugs & Pharmaceuticals Limited,EQ,524412,Healthcare,Pharmaceuticals,Healthcare,Pharmaceuticals & Biotechnology,Pharmaceuticals,CLASSIFIED,,,,0
INE750R01016,AARNAV,Aarnav Fashions Limited,BE,539562,Consumer Discretionary,Other Textile Products,Textiles,Textiles & Apparels,Other Textile Products,CLASSIFIED,,,,0
INE721Z01010,AARON,Aaron Industries Limited,EQ,,,,,,,BSE_RETRY,,No BSE code found for ISIN,2026-09-07T12:51:15Z,1
INE01C001026,AARTECH,Aartech Solonics Limited,BE,542580,Industrials,Heavy Electrical Equipment,Capital Goods,Electrical Equipment,Heavy Electrical Equipment,CLASSIFIED,,,,0
INE767A01016,AARTIDRUGS,Aarti Drugs Limited,EQ,524348,Healthcare,Pharmaceuticals,Healthcare,Pharmaceuticals & Biotechnology,Pharmaceuticals,CLASSIFIED,,,,0
INE769A01020,AARTIIND,Aarti Industries Limited,EQ,524208,Commodities,Specialty Chemicals,Chemicals,Chemicals & Petrochemicals,Specialty Chemicals,CLASSIFIED,,,,0
INE0LRU01027,AARTIPHARM,Aarti Pharmalabs Limited,EQ,543748,Healthcare,Pharmaceuticals,Healthcare,Pharmaceuticals & Biotechnology,Pharmaceuticals,CLASSIFIED,,,,0
INE09EO01013,AARTISURF,Aarti Surfactants Limited,BE,543210,Commodities,Specialty Chemicals,Chemicals,Chemicals & Petrochemicals,Specialty Chemicals,CLASSIFIED,,,,0
INE754X01016,AARVI,Aarvi Encon Limited,EQ,544850,Services,Diversified Commercial Services,Services,Commercial Services & Supplies,Diversified Commercial Services,CLASSIFIED,,,,0
INE2FMX01012,AASTHA,Aastha Spintex Limited,EQ,544808,Consumer Discretionary,Other Textile Products,Textiles,Textiles & Apparels,Other Textile Products,CLASSIFIED,,,,0
INE216P01012,AAVAS,Aavas Financiers Limited,EQ,541988,Financial Services,Housing Finance Company,Financial Services,Finance,Housing Finance Company,CLASSIFIED,,,,0
INE421A01028,ABAN,Aban Offshore Limited,BE,523204,Energy,Offshore Support Solution Drilling,"Oil, Gas & Consumable Fuels",Oil,Offshore Support Solution Drilling,CLASSIFIED,,,,0
INE365O01028,ABANSENT,Abans Enterprises Limited,EQ,512165,Commodities,Trading - Metals,Metals & Mining,Metals & Minerals Trading,Trading - Metals,CLASSIFIED,,,,0
INE117A01022,ABB,ABB India Limited,EQ,500002,Industrials,Heavy Electrical Equipment,Capital Goods,Electrical Equipment,Heavy Electrical Equipment,CLASSIFIED,,,,0
INE358A01014,ABBOTINDIA,Abbott India Limited,EQ,500488,Healthcare,Pharmaceuticals,Healthcare,Pharmaceuticals & Biotechnology,Pharmaceuticals,CLASSIFIED,,,,0
INE674K01013,ABCAPITAL,Aditya Birla Capital Limited,EQ,540691,Financial Services,Investment Company,Financial Services,Finance,Investment Company,CLASSIFIED,,,,0
INE08PH01015,ABCOTS,A B Cotspin India Limited,EQ,544522,Consumer Discretionary,Other Textile Products,Textiles,Textiles & Apparels,Other Textile Products,CLASSIFIED,,,,0
INE552Z01027,ABDL,Allied Blenders and Distillers Limited,EQ,544203,Fast Moving Consumer Goods,Breweries & Distilleries,Fast Moving Consumer Goods,Beverages,Breweries & Distilleries,CLASSIFIED,,,,0
INE647O01011,ABFRL,Aditya Birla Fashion and Retail Limited,EQ,535755,Consumer Discretionary,Speciality Retail,Consumer Services,Retailing,Speciality Retail,CLASSIFIED,,,,0
INE00YB01025,ABINFRA,A B Infrabuild Limited,EQ,544281,Industrials,Civil Construction,Construction,Construction,Civil Construction,CLASSIFIED,,,,0
INE14LE01019,ABLBL,Aditya Birla Lifestyle Brands Limited,EQ,544403,Consumer Discretionary,Speciality Retail,Consumer Services,Retailing,Speciality Retail,CLASSIFIED,,,,0
INE251C01025,ABMINTLLTD,ABM International Limited,BE,,,,,,,BSE_RETRY,,No BSE code found for ISIN,2026-09-07T12:51:15Z,1
INE850B01026,ABMKNO,ABM Knowledgeware Limited,EQ,531161,Information Technology,Software Products,Information Technology,IT - Software,Software Products,CLASSIFIED,,,,0
INE055A01016,ABREL,Aditya Birla Real Estate Limited,EQ,500040,Consumer Discretionary,"Residential, Commercial Projects",Realty,Realty,"Residential, Commercial Projects",CLASSIFIED,,,,0
INE404A01024,ABSLAMC,Aditya Birla Sun Life AMC Limited,EQ,543374,Financial Services,Asset Management Company,Financial Services,Capital Markets,Asset Management Company,CLASSIFIED,,,,0
INE012A01025,ACC,ACC Limited,EQ,500410,Commodities,Cement & Cement Products,Construction Materials,Cement & Cement Products,Cement & Cement Products,CLASSIFIED,,,,0
INE793A01012,ACCELYA,Accelya Solutions India Limited,EQ,532268,Information Technology,Computers - Software & Consulting,Information Technology,IT - Software,Computers - Software & Consulting,CLASSIFIED,,,,0
INE648Z01023,ACCURACY,Accuracy Shipping Limited,BE,544598,Services,Logistics Solution Provider,Services,Transport Services,Logistics Solution Provider,CLASSIFIED,,,,0
INE731H01025,ACE,Action Construction Equipment Limited,EQ,532762,Industrials,Construction Vehicles,Capital Goods,"Agricultural, Commercial & Construction Vehicles",Construction Vehicles,CLASSIFIED,,,,0
INE543V01017,ACEINTEG,Ace Integrated Solutions Limited,EQ,,,,,,,BSE_RETRY,,No BSE code found for ISIN,2026-09-07T12:51:15Z,1
INE451C01013,ACGL,Automobile Corporation of Goa Limited,EQ,505036,Consumer Discretionary,Auto Components & Equipments,Automobile and Auto Components,Auto Components,Auto Components & Equipments,CLASSIFIED,,,,0
INE128X01021,ACI,Archean Chemical Industries Limited,EQ,543657,Commodities,Specialty Chemicals,Chemicals,Chemicals & Petrochemicals,Specialty Chemicals,CLASSIFIED,,,,0
INE666E01020,ACL,Andhra Cements Limited,EQ,532141,Commodities,Cement & Cement Products,Construction Materials,Cement & Cement Products,Cement & Cement Products,CLASSIFIED,,,,0
INE622W01025,ACMESOLAR,Acme Solar Holdings Limited,EQ,544283,Utilities,Power Generation,Power,Power,Power Generation,CLASSIFIED,,,,0
INE366C01021,ACSTECH,ACS Technologies Limited,EQ,530745,Information Technology,IT Enabled Services,Information Technology,IT - Services,IT Enabled Services,CLASSIFIED,,,,0
INE00FF01025,ACUTAAS,Acutaas Chemicals Limited,EQ,543349,Healthcare,Pharmaceuticals,Healthcare,Pharmaceuticals & Biotechnology,Pharmaceuticals,CLASSIFIED,,,,0
INE931S01010,ADANIENSOL,Adani Energy Solutions Limited,EQ,539254,Utilities,Power Distribution,Power,Power,Power Distribution,CLASSIFIED,,,,0
INE423A01024,ADANIENT,Adani Enterprises Limited,EQ,512599,Commodities,Trading - Minerals,Metals & Mining,Metals & Minerals Trading,Trading - Minerals,CLASSIFIED,,,,0
INE364U01010,ADANIGREEN,Adani Green Energy Limited,EQ,541450,Utilities,Power Generation,Power,Power,Power Generation,CLASSIFIED,,,,0
INE742F01042,ADANIPORTS,Adani Ports and Special Economic Zone Limited,EQ,532921,Services,Port & Port services,Services,Transport Infrastructure,Port & Port services,CLASSIFIED,,,,0
INE814H01029,ADANIPOWER,Adani Power Limited,EQ,533096,Utilities,Integrated Power Utilities,Power,Power,Integrated Power Utilities,CLASSIFIED,,,,0
INE757C01021,ADDIND,Addi Industries Limited,EQ,507852,Consumer Discretionary,Garments & Apparels,Textiles,Textiles & Apparels,Garments & Apparels,CLASSIFIED,,,,0
INE982B01027,ADFFOODS,ADF Foods Limited,EQ,519183,Fast Moving Consumer Goods,Packaged Foods,Fast Moving Consumer Goods,Food Products,Packaged Foods,CLASSIFIED,,,,0
INE0CHO01012,ADL,Archidply Decor Limited,EQ,543231,Consumer Discretionary,Plywood Boards/ Laminates,Consumer Durables,Consumer Durables,Plywood Boards/ Laminates,CLASSIFIED,,,,0
INE045A01017,ADOR,Ador Welding Limited,EQ,517041,Industrials,Other Industrial Products,Capital Goods,Industrial Products,Other Industrial Products,CLASSIFIED,,,,0
INE737B01033,ADROITINFO,Adroit Infotech Limited,EQ,532172,Information Technology,IT Enabled Services,Information Technology,IT - Services,IT Enabled Services,CLASSIFIED,,,,0
INE102I01027,ADSL,Allied Digital Services Limited,EQ,532875,Information Technology,IT Enabled Services,Information Technology,IT - Services,IT Enabled Services,CLASSIFIED,,,,0
INE0ALI01010,ADVAIT,Advait Energy Transitions Limited,EQ,543230,Industrials,Other Electrical Equipment,Capital Goods,Electrical Equipment,Other Electrical Equipment,CLASSIFIED,,,,0
INE1B0W01010,ADVANCE,Advance Agrolife Limited,EQ,544562,Commodities,Pesticides & Agrochemicals,Chemicals,Fertilizers & Agrochemicals,Pesticides & Agrochemicals,CLASSIFIED,,,,0
INE199C01026,ADVANIHOTR,Advani Hotels & Resorts (India) Limited,EQ,523269,Consumer Discretionary,Hotels & Resorts,Consumer Services,Leisure Services,Hotels & Resorts,CLASSIFIED,,,,0
INE28GN01010,ADVENTHTL,Advent Hotels International Limited,EQ,544446,Consumer Discretionary,Hotels & Resorts,Consumer Services,Leisure Services,Hotels & Resorts,CLASSIFIED,,,,0
INE837H01020,ADVENZYMES,Advanced Enzyme Technologies Limited,EQ,540025,Healthcare,Biotechnology,Healthcare,Pharmaceuticals & Biotechnology,Biotechnology,CLASSIFIED,,,,0
INE178T01024,ADVIKCA,Advik Capital Limited,EQ,539773,Financial Services,Non Banking Financial Company (NBFC),Financial Services,Finance,Non Banking Financial Company (NBFC),CLASSIFIED,,,,0
INE208C01025,AEGISLOG,Aegis Logistics Limited,EQ,500003,Energy,Trading - Gas,"Oil, Gas & Consumable Fuels",Gas,Trading - Gas,CLASSIFIED,,,,0
INE0INX01018,AEGISVOPAK,Aegis Vopak Terminals Limited,EQ,544407,Energy,Oil Storage & Transportation,"Oil, Gas & Consumable Fuels",Oil,Oil Storage & Transportation,CLASSIFIED,,,,0
INE757T01025,AEPL,Artemis Electricals and Projects Limited,EQ,542670,Industrials,Other Electrical Equipment,Capital Goods,Electrical Equipment,Other Electrical Equipment,CLASSIFIED,,,,0
INE947N01017,AEQUS,Aequs Limited,EQ,544634,Industrials,Aerospace & Defense,Capital Goods,Aerospace & Defense,Aerospace & Defense,CLASSIFIED,,,,0
INE065D01027,AEROENTER,Aeroflex Enterprises Limited,EQ,511076,Industrials,Iron & Steel Products,Capital Goods,Industrial Products,Iron & Steel Products,CLASSIFIED,,,,0
INE024001021,AEROFLEX,Aeroflex Industries Limited,EQ,543972,Industrials,Iron & Steel Products,Capital Goods,Industrial Products,Iron & Steel Products,CLASSIFIED,,,,0
INE035801013,AERONEU,Aeroflex Neu Limited,EQ,543743,Industrials,Packaging,Capital Goods,Industrial Products,Packaging,CLASSIFIED,,,,0
INE05TO01019,AEROPLANE,Amir Chand Jagdish Kumar (Exports) Limited,EQ,544743,Fast Moving Consumer Goods,Other Agricultural Products,Fast Moving Consumer Goods,Agricultural Food & other Products,Other Agricultural Products,CLASSIFIED,,,,0
INE0BWX01014,AETHER,Aether Industries Limited,EQ,543534,Commodities,Specialty Chemicals,Chemicals,Chemicals & Petrochemicals,Specialty Chemicals,CLASSIFIED,,,,0
INE101I01011,AFCONS,Afcons Infrastructure Limited,EQ,544280,Industrials,Civil Construction,Construction,Construction,Civil Construction,CLASSIFIED,,,,0
INE00WC01027,AFFLE,Affle 3i Limited,EQ,542752,Information Technology,IT Enabled Services,Information Technology,IT - Services,IT Enabled Services,CLASSIFIED,,,,0
INE692Z01013,AFFORDABLE,Affordable Robotic & Automation Limited,BE,541402,Industrials,Industrial Products,Capital Goods,Industrial Manufacturing,Industrial Products,CLASSIFIED,,,,0
INE916Y01027,AFIL,Akme Fintrade (India) Limited,EQ,544200,Financial Services,Non Banking Financial Company (NBFC),Financial Services,Finance,Non Banking Financial Company (NBFC),CLASSIFIED,,,,0
INE00ZE01026,AFSL,Abans Financial Services Limited,EQ,543712,Financial Services,Holding Company,Financial Services,Finance,Holding Company,CLASSIFIED,,,,0
INE204E01012,AGARIND,Agarwal Industrial Corporation Limited,EQ,531921,Commodities,Petrochemicals,Chemicals,Chemicals & Petrochemicals,Petrochemicals,CLASSIFIED,,,,0
INE943P01029,AGARWALEYE,Dr. Agarwal's Health Care Limited,EQ,544350,Healthcare,Hospital,Healthcare,Healthcare Services,Hospital,CLASSIFIED,,,,0
INE415A01038,AGI,AGI Greenpac Limited,EQ,500187,Industrials,Packaging,Capital Goods,Industrial Products,Packaging,CLASSIFIED,,,,0
INE976R01033,AGIIL,Agi Infra Limited,EQ,539042,Consumer Discretionary,"Residential, Commercial Projects",Realty,Realty,"Residential, Commercial Projects",CLASSIFIED,,,,0
INE1YPB01014,AGL,Allcargo Global Limited,EQ,544602,Services,Logistics Solution Provider,Services,Transport Services,Logistics Solution Provider,CLASSIFIED,,,,0
INE449G01018,AGRITECH,Agri-Tech (India) Limited,EQ,537292,Fast Moving Consumer Goods,Other Agricultural Products,Fast Moving Consumer Goods,Agricultural Food & other Products,Other Agricultural Products,CLASSIFIED,,,,0
INE740V01019,AGROPHOS,Agro Phos India Limited,EQ,,,,,,,BSE_RETRY,,No BSE code found for ISIN,2026-09-07T12:51:15Z,1
INE583L01014,AGSTRA,AGS Transact Technologies Limited,BZ,543451,Financial Services,Financial Technology (Fintech),Financial Services,Financial Technology (Fintech),Financial Technology (Fintech),CLASSIFIED,,,,0
INE0Y8W01025,AHCL,Anlon Healthcare Limited,EQ,544497,Healthcare,Pharmaceuticals,Healthcare,Pharmaceuticals & Biotechnology,Pharmaceuticals,CLASSIFIED,,,,0
INE00PV01013,AHLADA,Ahlada Engineers Limited,EQ,,,,,,,BSE_RETRY,,No BSE code found for ISIN,2026-09-07T12:51:15Z,1
INE926K01017,AHLEAST,Asian Hotels (East) Limited,EQ,533227,Consumer Discretionary,Hotels & Resorts,Consumer Services,Leisure Services,Hotels & Resorts,CLASSIFIED,,,,0
INE758C01029,AHLUCONT,Ahluwalia Contracts (India) Limited,EQ,532811,Industrials,Civil Construction,Construction,Construction,Civil Construction,CLASSIFIED,,,,0
INE915K01010,AHLWEST,Asian Hotels (West) Limited,BE,533221,Consumer Discretionary,Hotels & Resorts,Consumer Services,Leisure Services,Hotels & Resorts,CLASSIFIED,,,,0
INE212H01026,AIAENG,AIA Engineering Limited,EQ,532683,Industrials,Castings & Forgings,Capital Goods,Industrial Products,Castings & Forgings,CLASSIFIED,,,,0
INE206F01022,AIIL,Authum Investment & Infrastructure Limited,EQ,539177,Financial Services,Non Banking Financial Company (NBFC),Financial Services,Finance,Non Banking Financial Company (NBFC),CLASSIFIED,,,,0
INE645W01026,AIRAN,Airan Limited,EQ,543811,Information Technology,IT Enabled Services,Information Technology,IT - Services,IT Enabled Services,CLASSIFIED,,,,0
INE801L01010,AIROLAM,Airo Lam limited,EQ,,,,,,,BSE_RETRY,,No BSE code found for ISIN,2026-09-07T12:51:15Z,1
INE031B01049,AJANTPHARM,Ajanta Pharma Limited,EQ,532331,Healthcare,Pharmaceuticals,Healthcare,Pharmaceuticals & Biotechnology,Pharmaceuticals,CLASSIFIED,,,,0
INE274Y01021,AJAXENGG,Ajax Engineering Limited,EQ,544356,Industrials,Construction Vehicles,Capital Goods,"Agricultural, Commercial & Construction Vehicles",Construction Vehicles,CLASSIFIED,,,,0
INE298G01035,AJMERA,Ajmera Realty & Infra India Limited,EQ,513349,Consumer Discretionary,"Residential, Commercial Projects",Realty,Realty,"Residential, Commercial Projects",CLASSIFIED,,,,0
INE820Y01021,AJOONI,Ajooni Biotech Limited,EQ,,,,,,,BSE_RETRY,,No BSE code found for ISIN,2026-09-07T12:51:15Z,1
INE737W01013,AKASH,Akash Infra-Projects Limited,EQ,,,,,,,BSE_RETRY,,No BSE code found for ISIN,2026-09-07T12:51:15Z,1
INE701G01012,AKCAPIT,AK Capital Services Limited,EQ,530499,Financial Services,Non Banking Financial Company (NBFC),Financial Services,Finance,Non Banking Financial Company (NBFC),CLASSIFIED,,,,0
INE00Y801016,AKG,Akg Exim Limited,EQ,,,,,,,BSE_RETRY,,No BSE code found for ISIN,2026-09-07T12:51:15Z,1
INE642Z01026,AKI,AKI India Limited,EQ,542020,Consumer Discretionary,Leather And Leather Products,Consumer Durables,Consumer Durables,Leather And Leather Products,CLASSIFIED,,,,0
INE256Z01025,AKSHAR,Akshar Spintex Limited,EQ,541303,Consumer Discretionary,Other Textile Products,Textiles,Textiles & Apparels,Other Textile Products,CLASSIFIED,,,,0
INE542B01011,AKSHARCHEM,AksharChem India Limited,BE,524598,Commodities,Dyes And Pigments,Chemicals,Chemicals & Petrochemicals,Dyes And Pigments,CLASSIFIED,,,,0
INE523B01011,AKSHOPTFBR,Aksh Optifibre Limited,BE,532351,Telecommunication,Telecom -  Equipment & Accessories,Telecommunication,Telecom -  Equipment & Accessories,Telecom -  Equipment & Accessories,CLASSIFIED,,,,0
INE09XN01023,AKUMS,Akums Drugs and Pharmaceuticals Limited,EQ,544222,Healthcare,Pharmaceuticals,Healthcare,Pharmaceuticals & Biotechnology,Pharmaceuticals,CLASSIFIED,,,,0
INE914E01040,ALANKIT,Alankit Limited,EQ,531082,Services,Diversified Commercial Services,Services,Commercial Services & Supplies,Diversified Commercial Services,CLASSIFIED,,,,0
INE155C01010,ALBERTDAVD,Albert David Limited,EQ,524075,Healthcare,Pharmaceuticals,Healthcare,Pharmaceuticals & Biotechnology,Pharmaceuticals,CLASSIFIED,,,,0
INE426A01027,ALEMBICLTD,Alembic Limited,EQ,506235,Consumer Discretionary,"Residential, Commercial Projects",Realty,Realty,"Residential, Commercial Projects",CLASSIFIED,,,,0
INE782D01027,ALFREDHE,Alfred Herbert India Limited,EQ,505216,Financial Services,Non Banking Financial Company (NBFC),Financial Services,Finance,Non Banking Financial Company (NBFC),CLASSIFIED,,,,0
INE598D01035,ALGOQUANT,Algoquant Fintech Limited,EQ,505725,Financial Services,Stockbroking & Allied,Financial Services,Capital Markets,Stockbroking & Allied,CLASSIFIED,,,,0
INE062D01024,ALICON,Alicon Castalloy Limited,EQ,531147,Consumer Discretionary,Auto Components & Equipments,Automobile and Auto Components,Auto Components,Auto Components & Equipments,CLASSIFIED,,,,0
INE03Q201024,ALIVUS,Alivus Life Sciences Limited,EQ,543322,Healthcare,Pharmaceuticals,Healthcare,Pharmaceuticals & Biotechnology,Pharmaceuticals,CLASSIFIED,,,,0
INE773I01017,ALKALI,Alkali Metals Limited,BE,533029,Commodities,Specialty Chemicals,Chemicals,Chemicals & Petrochemicals,Specialty Chemicals,CLASSIFIED,,,,0
INE540L01014,ALKEM,Alkem Laboratories Limited,EQ,539523,Healthcare,Pharmaceuticals,Healthcare,Pharmaceuticals & Biotechnology,Pharmaceuticals,CLASSIFIED,,,,0
INE150B01039,ALKYLAMINE,Alkyl Amines Chemicals Limited,EQ,506767,Commodities,Specialty Chemicals,Chemicals,Chemicals & Petrochemicals,Specialty Chemicals,CLASSIFIED,,,,0
INE418H01029,ALLCARGO,Allcargo Logistics Limited,EQ,532749,Services,Logistics Solution Provider,Services,Transport Services,Logistics Solution Provider,CLASSIFIED,,,,0
INE835G01018,ALLDIGI,Alldigi Tech Limited,EQ,532633,Services,Business Process Outsourcing (BPO)/ Knowledge Process Outsourcing (KPO),Services,Commercial Services & Supplies,Business Process Outsourcing (BPO)/ Knowledge Process Outsourcing (KPO),CLASSIFIED,,,,0
INE0GV601021,ALLTIME,All Time Plastics Limited,EQ,544479,Consumer Discretionary,Houseware,Consumer Durables,Consumer Durables,Houseware,CLASSIFIED,,,,0
INE326B01035,ALMONDZ,Almondz Global Securities Limited,EQ,531400,Financial Services,Stockbroking & Allied,Financial Services,Capital Markets,Stockbroking & Allied,CLASSIFIED,,,,0
INE270A01029,ALOKINDS,Alok Industries Limited,EQ,521070,Consumer Discretionary,Other Textile Products,Textiles,Textiles & Apparels,Other Textile Products,CLASSIFIED,,,,0
INE385I01010,ALPA,Alpa Laboratories Limited,EQ,532878,Healthcare,Pharmaceuticals,Healthcare,Pharmaceuticals & Biotechnology,Pharmaceuticals,CLASSIFIED,,,,0
INE137C01018,ALPHAGEO,Alphageo (India) Limited,BE,526397,Energy,Offshore Support Solution Drilling,"Oil, Gas & Consumable Fuels",Oil,Offshore Support Solution Drilling,CLASSIFIED,,,,0
INE1JCQ01037,ALPINETEX,Alpine Texworld Limited,EQ,544825,Consumer Discretionary,Other Textile Products,Textiles,Textiles & Apparels,Other Textile Products,CLASSIFIED,,,,0
INE058F01019,ALUFLUOR,Alufluoride Limited,EQ,524634,Commodities,Commodity Chemicals,Chemicals,Chemicals & Petrochemicals,Commodity Chemicals,CLASSIFIED,,,,0
INE121R01077,AMAGI,Amagi Media Labs Limited,EQ,544679,Information Technology,IT Enabled Services,Information Technology,IT - Services,IT Enabled Services,CLASSIFIED,,,,0
INE841D01013,AMAL,Amal Limited,EQ,506597,Commodities,Specialty Chemicals,Chemicals,Chemicals & Petrochemicals,Specialty Chemicals,CLASSIFIED,,,,0
INE084K01015,AMANTA,Amanta Healthcare Limited,BE,544502,Healthcare,Pharmaceuticals,Healthcare,Pharmaceuticals & Biotechnology,Pharmaceuticals,CLASSIFIED,,,,0
INE484D01012,AMARJOTHI,Amarjothi Spinning Mills Limited,EQ,521097,Consumer Discretionary,Other Textile Products,Textiles,Textiles & Apparels,Other Textile Products,CLASSIFIED,,,,0
INE432A01017,AMBALALSA,Ambalal Sarabhai Enterprises Limited,BE,500009,Healthcare,Pharmaceuticals,Healthcare,Pharmaceuticals & Biotechnology,Pharmaceuticals,CLASSIFIED,,,,0
INE371P01015,AMBER,Amber Enterprises India Limited,EQ,540902,Consumer Discretionary,Household Appliances,Consumer Durables,Consumer Durables,Household Appliances,CLASSIFIED,,,,0
INE792B01012,AMBICAAGAR,Ambica Agarbathies & Aroma industries Limited,EQ,532335,Fast Moving Consumer Goods,Household Products,Fast Moving Consumer Goods,Household Products,Household Products,CLASSIFIED,,,,0
INE540G01014,AMBIKCO,Ambika Cotton Mills Limited,EQ,531978,Consumer Discretionary,Other Textile Products,Textiles,Textiles & Apparels,Other Textile Products,CLASSIFIED,,,,0
INE079A01024,AMBUJACEM,Ambuja Cements Limited,EQ,500425,Commodities,Cement & Cement Products,Construction Materials,Cement & Cement Products,Cement & Cement Products,CLASSIFIED,,,,0
INE005I01014,AMDIND,AMD Industries Limited,EQ,532828,Industrials,Packaging,Capital Goods,Industrial Products,Packaging,CLASSIFIED,,,,0
INE606A01024,AMJLAND,Amj Land Holdings Limited,EQ,500343,Consumer Discretionary,"Residential, Commercial Projects",Realty,Realty,"Residential, Commercial Projects",CLASSIFIED,,,,0
INE275D01022,AMNPLST,Amines & Plasticizers Limited,EQ,506248,Commodities,Commodity Chemicals,Chemicals,Chemicals & Petrochemicals,Commodity Chemicals,CLASSIFIED,,,,0
INE098F01031,AMRUTANJAN,Amrutanjan Health Care Limited,EQ,590006,Healthcare,Pharmaceuticals,Healthcare,Pharmaceuticals & Biotechnology,Pharmaceuticals,CLASSIFIED,,,,0
INE463V01026,ANANDRATHI,Anand Rathi Wealth Limited,EQ,543415,Financial Services,Financial Products Distributor,Financial Services,Capital Markets,Financial Products Distributor,CLASSIFIED,,,,0
INE242C01024,ANANTRAJ,Anant Raj Limited,EQ,515055,Consumer Discretionary,"Residential, Commercial Projects",Realty,Realty,"Residential, Commercial Projects",CLASSIFIED,,,,0
INE435A01051,ANDHRAPAP,ANDHRA PAPER LIMITED,EQ,502330,Commodities,Paper & Paper Products,Forest Materials,"Paper, Forest & Jute Products",Paper & Paper Products,CLASSIFIED,,,,0
INE715B01021,ANDHRSUGAR,The Andhra Sugars Limited,EQ,590062,Commodities,Commodity Chemicals,Chemicals,Chemicals & Petrochemicals,Commodity Chemicals,CLASSIFIED,,,,0
INE449C01025,ANDREWYU,Andrew Yule & Company Limited,EQ,526173,Fast Moving Consumer Goods,Tea & Coffee,Fast Moving Consumer Goods,Agricultural Food & other Products,Tea & Coffee,CLASSIFIED,,,,0
INE732I01021,ANGELONE,Angel One Limited,EQ,543235,Financial Services,Stockbroking & Allied,Financial Services,Capital Markets,Stockbroking & Allied,CLASSIFIED,,,,0
INE087B01017,ANIKINDS,Anik Industries Limited,EQ,519383,Services,Trading & Distributors,Services,Commercial Services & Supplies,Trading & Distributors,CLASSIFIED,,,,0
INE106I01010,ANKITMETAL,Ankit Metal & Power Limited,BZ,532870,Commodities,Iron & Steel,Metals & Mining,Ferrous Metals,Iron & Steel,CLASSIFIED,,,,0
INE02AR01019,ANMOL,Anmol India Limited,EQ,542437,Energy,Trading Coal,"Oil, Gas & Consumable Fuels",Consumable Fuels,Trading Coal,CLASSIFIED,,,,0
INE0MGM01017,ANNAPURNA,Annapurna Swadisht Limited,EQ,,,,,,,BSE_RETRY,,No BSE code found for ISIN,2026-09-07T12:51:15Z,1
INE436A01026,ANSALAPI,Ansal Properties & Infrastructure Limited,BZ,500013,Consumer Discretionary,"Residential, Commercial Projects",Realty,Realty,"Residential, Commercial Projects",CLASSIFIED,,,,0
INE030C01015,ANSALBU,Ansal Buildwell Limited,EQ,523007,Consumer Discretionary,"Residential, Commercial Projects",Realty,Realty,"Residential, Commercial Projects",CLASSIFIED,,,,0
INE818A01017,ANTELOPUS,Antelopus Selan Energy Limited,EQ,530075,Energy,Oil Exploration & Production,"Oil, Gas & Consumable Fuels",Oil,Oil Exploration & Production,CLASSIFIED,,,,0
INE414B01021,ANTGRAPHIC,Antarctica Limited,EQ,,,,,,,BSE_RETRY,,No BSE code found for ISIN,2026-09-07T12:51:15Z,1
INE0CZ201020,ANTHEM,Anthem Biosciences Limited,EQ,544449,Healthcare,Biotechnology,Healthcare,Pharmaceuticals & Biotechnology,Biotechnology,CLASSIFIED,,,,0
INE489G01022,ANUHPHR,Anuh Pharma Limited,EQ,506260,Healthcare,Pharmaceuticals,Healthcare,Pharmaceuticals & Biotechnology,Pharmaceuticals,CLASSIFIED,,,,0
INE294Z01018,ANUP,The Anup Engineering Limited,EQ,542460,Industrials,Industrial Products,Capital Goods,Industrial Manufacturing,Industrial Products,CLASSIFIED,,,,0
INE930P01018,ANURAS,Anupam Rasayan India Limited,EQ,543275,Commodities,Specialty Chemicals,Chemicals,Chemicals & Petrochemicals,Specialty Chemicals,CLASSIFIED,,,,0
INE372A01015,APARINDS,Apar Industries Limited,EQ,532259,Industrials,Other Electrical Equipment,Capital Goods,Electrical Equipment,Other Electrical Equipment,CLASSIFIED,,,,0
INE071F01012,APCL,Anjani Portland Cement Limited,EQ,518091,Commodities,Cement & Cement Products,Construction Materials,Cement & Cement Products,Cement & Cement Products,CLASSIFIED,,,,0
INE116A01032,APCOTEXIND,Apcotex Industries Limited,EQ,523694,Industrials,Rubber,Capital Goods,Industrial Products,Rubber,CLASSIFIED,,,,0
INE346W01013,APEX,Apex Frozen Foods Limited,EQ,540692,Fast Moving Consumer Goods,Seafood,Fast Moving Consumer Goods,Food Products,Seafood,CLASSIFIED,,,,0
INE702C01027,APLAPOLLO,APL Apollo Tubes Limited,EQ,533758,Industrials,Iron & Steel Products,Capital Goods,Industrial Products,Iron & Steel Products,CLASSIFIED,,,,0
INE901L01018,APLLTD,Alembic Pharmaceuticals Limited,EQ,533573,Healthcare,Pharmaceuticals,Healthcare,Pharmaceuticals & Biotechnology,Pharmaceuticals,CLASSIFIED,,,,0
INE713T01028,APOLLO,Apollo Micro Systems Limited,EQ,540879,Industrials,Aerospace & Defense,Capital Goods,Aerospace & Defense,Aerospace & Defense,CLASSIFIED,,,,0
INE437A01024,APOLLOHOSP,Apollo Hospitals Enterprise Limited,EQ,508869,Healthcare,Hospital,Healthcare,Healthcare Services,Hospital,CLASSIFIED,,,,0
INE126J01016,APOLLOPIPE,Apollo Pipes Limited,EQ,531761,Industrials,Plastic Products - Industrial,Capital Goods,Industrial Products,Plastic Products - Industrial,CLASSIFIED,,,,0
INE438A01022,APOLLOTYRE,Apollo Tyres Limited,EQ,500877,Consumer Discretionary,Tyres & Rubber Products,Automobile and Auto Components,Auto Components,Tyres & Rubber Products,CLASSIFIED,,,,0
INE451F01024,APOLSINHOT,Apollo Sindoori Hotels Limited,EQ,,,,,,,BSE_RETRY,,No BSE code found for ISIN,2026-09-07T12:51:15Z,1
INE217S01014,APOORVA,Apoorva Leasing Finance and Investment Company Limited,EQ,539545,Financial Services,Other Financial Services,Financial Services,Finance,Other Financial Services,CLASSIFIED,,,,0
INE266F01018,APTECHT,Aptech Limited,BE,532475,Consumer Discretionary,Education,Consumer Services,Other Consumer Services,Education,CLASSIFIED,,,,0
INE852O01025,APTUS,Aptus Value Housing Finance India Limited,EQ,543335,Financial Services,Housing Finance Company,Financial Services,Finance,Housing Finance Company,CLASSIFIED,,,,0
INE416A01051,AQYLON,Aqylon Nexus Limited,EQ,530943,Consumer Discretionary,TV Broadcasting & Software Production,"Media, Entertainment & Publication",Entertainment,TV Broadcasting & Software Production,CLASSIFIED,,,,0
INE877I01016,ARCHIDPLY,Archidply Industries Limited,EQ,532994,Consumer Discretionary,Plywood Boards/ Laminates,Consumer Durables,Consumer Durables,Plywood Boards/ Laminates,CLASSIFIED,,,,0
INE731A01020,ARCHIES,Archies Limited,EQ,532212,Consumer Discretionary,Leisure Products,Consumer Durables,Consumer Durables,Leisure Products,CLASSIFIED,,,,0
INE372M01010,ARCL,ARCL Organics Limited,EQ,543993,Commodities,Commodity Chemicals,Chemicals,Chemicals & Petrochemicals,Commodity Chemicals,CLASSIFIED,,,,0
INE0XNF01022,ARDEE,Ardee Industries Limited,EQ,544860,Commodities,Diversified Metals,Metals & Mining,Diversified Metals,Diversified Metals,CLASSIFIED,,,,0
INE885A01032,ARE&M,Amara Raja Energy & Mobility Limited,EQ,500008,Consumer Discretionary,Auto Components & Equipments,Automobile and Auto Components,Auto Components,Auto Components & Equipments,CLASSIFIED,,,,0
INE610C01014,ARENTERP,Rajdarshan Industries Limited,EQ,526662,Commodities,Trading - Minerals,Metals & Mining,Metals & Minerals Trading,Trading - Minerals,CLASSIFIED,,,,0
INE784R01023,ARFIN,Arfin India Limited,EQ,539151,Commodities,Aluminium,Metals & Mining,Non - Ferrous Metals,Aluminium,CLASSIFIED,,,,0
INE298I01015,ARIES,Aries Agro Limited,EQ,532935,Commodities,Fertilizers,Chemicals,Fertilizers & Agrochemicals,Fertilizers,CLASSIFIED,,,,0
INE413D01011,ARIHANT,Arihant Foundations & Housing Limited,EQ,531381,Consumer Discretionary,"Residential, Commercial Projects",Realty,Realty,"Residential, Commercial Projects",CLASSIFIED,,,,0
INE420B01036,ARIHANTCAP,Arihant Capital Markets Limited,EQ,511605,Financial Services,Stockbroking & Allied,Financial Services,Capital Markets,Stockbroking & Allied,CLASSIFIED,,,,0
INE643K01018,ARIHANTSUP,Arihant Superstructures Limited,EQ,506194,Consumer Discretionary,"Residential, Commercial Projects",Realty,Realty,"Residential, Commercial Projects",CLASSIFIED,,,,0
INE0H9P01028,ARIS,Arisinfra Solutions Limited,EQ,544419,Commodities,Other Construction Materials,Construction Materials,Other Construction Materials,Other Construction Materials,CLASSIFIED,,,,0
INE0QRL01017,ARKADE,Arkade Developers Limited,EQ,544261,Consumer Discretionary,"Residential, Commercial Projects",Realty,Realty,"Residential, Commercial Projects",CLASSIFIED,,,,0
INE109C01017,ARMANFIN,Arman Financial Services Limited,EQ,531179,Financial Services,Non Banking Financial Company (NBFC),Financial Services,Finance,Non Banking Financial Company (NBFC),CLASSIFIED,,,,0
INE210C01013,AROGRANITE,Aro Granite Industries Limited,EQ,513729,Consumer Discretionary,Granites & Marbles,Consumer Durables,Consumer Durables,Granites & Marbles,CLASSIFIED,,,,0
INE570D01018,ARROWGREEN,Arrow Greentech Limited,BE,516064,Industrials,Packaging,Capital Goods,Industrial Products,Packaging,CLASSIFIED,,,,0
INE968D01022,ARSHIYA,Arshiya Limited,BZ,506074,Services,Logistics Solution Provider,Services,Transport Services,Logistics Solution Provider,CLASSIFIED,,,,0
INE549H01021,ARSSBL,Anand Rathi Share and Stock Brokers Limited,EQ,544530,Financial Services,Stockbroking & Allied,Financial Services,Capital Markets,Stockbroking & Allied,CLASSIFIED,,,,0
INE025R01021,ARTEMISMED,Artemis Medicare Services Limited,EQ,542919,Healthcare,Hospital,Healthcare,Healthcare Services,Hospital,CLASSIFIED,,,,0
INE738V01013,ARTNIRMAN,Art Nirman Limited,EQ,,,,,,,BSE_RETRY,,No BSE code found for ISIN,2026-09-07T12:51:15Z,1
INE006Z01016,ARVEE,Arvee Laboratories (India) Limited,EQ,,,,,,,BSE_RETRY,,No BSE code found for ISIN,2026-09-07T12:51:15Z,1
INE034A01011,ARVIND,Arvind Limited,EQ,500101,Consumer Discretionary,Garments & Apparels,Textiles,Textiles & Apparels,Garments & Apparels,CLASSIFIED,,,,0
INE955V01021,ARVINDFASN,Arvind Fashions Limited,EQ,542484,Consumer Discretionary,Speciality Retail,Consumer Services,Retailing,Speciality Retail,CLASSIFIED,,,,0
INE034S01021,ARVSMART,Arvind SmartSpaces Limited,EQ,539301,Consumer Discretionary,"Residential, Commercial Projects",Realty,Realty,"Residential, Commercial Projects",CLASSIFIED,,,,0
INE032E01017,ARYAMAN,Aryaman Financial Services Limited,EQ,530245,Financial Services,Non Banking Financial Company (NBFC),Financial Services,Finance,Non Banking Financial Company (NBFC),CLASSIFIED,,,,0
INE439A01020,ASAHIINDIA,Asahi India Glass Limited,EQ,515030,Consumer Discretionary,Auto Components & Equipments,Automobile and Auto Components,Auto Components,Auto Components & Equipments,CLASSIFIED,,,,0
INE228I01012,ASAHISONG,Asahi Songwon Colors Limited,BE,532853,Commodities,Dyes And Pigments,Chemicals,Chemicals & Petrochemicals,Dyes And Pigments,CLASSIFIED,,,,0
INE900C01027,ASAL,Automotive Stampings and Assemblies Limited,EQ,520119,Consumer Discretionary,Auto Components & Equipments,Automobile and Auto Components,Auto Components,Auto Components & Equipments,CLASSIFIED,,,,0
INE073G01016,ASALCBR,Associated Alcohols & Breweries Ltd.,EQ,507526,Fast Moving Consumer Goods,Breweries & Distilleries,Fast Moving Consumer Goods,Beverages,Breweries & Distilleries,CLASSIFIED,,,,0
INE348A01023,ASHAPURMIN,Ashapura Minechem Limited,EQ,527001,Commodities,Industrial Minerals,Metals & Mining,Minerals & Mining,Industrial Minerals,CLASSIFIED,,,,0
INE365D01021,ASHIANA,Ashiana Housing Limited,EQ,523716,Consumer Discretionary,"Residential, Commercial Projects",Realty,Realty,"Residential, Commercial Projects",CLASSIFIED,,,,0
INE094B01013,ASHIKAG,Ashika Global Securities Limited,BE,543766,Financial Services,Non Banking Financial Company (NBFC),Financial Services,Finance,Non Banking Financial Company (NBFC),CLASSIFIED,,,,0
INE440A01010,ASHIMASYN,Ashima Limited,EQ,514286,Consumer Discretionary,Other Textile Products,Textiles,Textiles & Apparels,Other Textile Products,CLASSIFIED,,,,0
INE442H01029,ASHOKA,Ashoka Buildcon Limited,EQ,533271,Industrials,Civil Construction,Construction,Construction,Civil Construction,CLASSIFIED,,,,0
INE760Y01011,ASHOKAMET,Ashoka Metcast Limited,EQ,540923,Commodities,Trading - Metals,Metals & Mining,Metals & Minerals Trading,Trading - Metals,CLASSIFIED,,,,0
INE208A01029,ASHOKLEY,Ashok Leyland Limited,EQ,500477,Industrials,Commercial Vehicles,Capital Goods,"Agricultural, Commercial & Construction Vehicles",Commercial Vehicles,CLASSIFIED,,,,0
INE276G01015,ASIANENE,Asian Energy Services Limited,EQ,530355,Energy,Oil Equipment & Services,"Oil, Gas & Consumable Fuels",Oil,Oil Equipment & Services,CLASSIFIED,,,,0
INE363A01022,ASIANHOTNR,Asian Hotels (North) Limited,EQ,500023,Consumer Discretionary,Hotels & Resorts,Consumer Services,Leisure Services,Hotels & Resorts,CLASSIFIED,,,,0
INE021A01026,ASIANPAINT,Asian Paints Limited,EQ,500820,Consumer Discretionary,Paints,Consumer Durables,Consumer Durables,Paints,CLASSIFIED,,,,0
INE022I01019,ASIANTILES,Asian Granito India Limited,EQ,532888,Consumer Discretionary,Ceramics,Consumer Durables,Consumer Durables,Ceramics,CLASSIFIED,,,,0
INE822B01017,ASIANTNE,Asian Tea & Exports Limited,EQ,519532,Services,Trading & Distributors,Services,Commercial Services & Supplies,Trading & Distributors,CLASSIFIED,,,,0
INE491J01022,ASKAUTOLTD,ASK Automotive Limited,EQ,544022,Consumer Discretionary,Auto Components & Equipments,Automobile and Auto Components,Auto Components,Auto Components & Equipments,CLASSIFIED,,,,0
INE855F01042,ASMS,Avio Smart Market Stack Limited,BE,532694,Information Technology,IT Enabled Services,Information Technology,IT - Services,IT Enabled Services,CLASSIFIED,,,,0
INE991I01015,ASPINWALL,Aspinwall and Company Limited,EQ,,,,,,,BSE_RETRY,,No BSE code found for ISIN,2026-09-07T12:51:15Z,1
INE165G01010,ASSAMENT,Assam Entrade Limited,EQ,542911,Financial Services,Non Banking Financial Company (NBFC),Financial Services,Finance,Non Banking Financial Company (NBFC),CLASSIFIED,,,,0
INE194D01017,ASTAR,Asian Star Company Limited,EQ,531847,Consumer Discretionary,"Gems, Jewellery And Watches",Consumer Durables,Consumer Durables,"Gems, Jewellery And Watches",CLASSIFIED,,,,0
INE563J01010,ASTEC,Astec LifeSciences Limited,EQ,533138,Commodities,Pesticides & Agrochemicals,Chemicals,Fertilizers & Agrochemicals,Pesticides & Agrochemicals,CLASSIFIED,,,,0
INE914M01019,ASTERDM,Aster DM Quality Care Limited,EQ,540975,Healthcare,Hospital,Healthcare,Healthcare Services,Hospital,CLASSIFIED,,,,0
INE006I01046,ASTRAL,Astral Limited,EQ,532830,Industrials,Plastic Products - Industrial,Capital Goods,Industrial Products,Plastic Products - Industrial,CLASSIFIED,,,,0
INE386C01029,ASTRAMICRO,Astra Microwave Products Limited,EQ,532493,Industrials,Aerospace & Defense,Capital Goods,Aerospace & Defense,Aerospace & Defense,CLASSIFIED,,,,0
INE203A01020,ASTRAZEN,AstraZeneca Pharma India Limited,EQ,506820,Healthcare,Pharmaceuticals,Healthcare,Pharmaceuticals & Biotechnology,Pharmaceuticals,CLASSIFIED,,,,0
INE646X01014,ASTRON,Astron Paper & Board Mill Limited,BZ,540824,Commodities,Paper & Paper Products,Forest Materials,"Paper, Forest & Jute Products",Paper & Paper Products,CLASSIFIED,,,,0
INE0ALR01029,ATALREAL,Atal Realtech Limited,EQ,543911,Consumer Discretionary,"Residential, Commercial Projects",Realty,Realty,"Residential, Commercial Projects",CLASSIFIED,,,,0
INE09KD01013,ATAM,Atam Valves Limited,EQ,543236,Industrials,Industrial Products,Capital Goods,Industrial Manufacturing,Industrial Products,CLASSIFIED,,,,0
INE399L01023,ATGL,Adani Total Gas Limited,EQ,542066,Energy,LPG/CNG/PNG/LNG Supplier,"Oil, Gas & Consumable Fuels",Gas,LPG/CNG/PNG/LNG Supplier,CLASSIFIED,,,,0
INE0LEZ01016,ATHERENERG,Ather Energy Limited,EQ,544397,Consumer Discretionary,2/3 Wheelers,Automobile and Auto Components,Automobiles,2/3 Wheelers,CLASSIFIED,,,,0
INE0NN701020,ATL,Allcargo Terminals Limited,EQ,543954,Services,Port & Port services,Services,Transport Infrastructure,Port & Port services,CLASSIFIED,,,,0
INE285H01022,ATLANTAA,ATLANTAA LIMITED,EQ,532759,Services,"Road Assets–Toll, Annuity, Hybrid-Annuity",Services,Transport Infrastructure,"Road Assets–Toll, Annuity, Hybrid-Annuity",CLASSIFIED,,,,0
INE0Z4F01028,ATLANTAELE,Atlanta Electricals Limited,EQ,544527,Industrials,Heavy Electrical Equipment,Capital Goods,Electrical Equipment,Heavy Electrical Equipment,CLASSIFIED,,,,0
INE446A01025,ATLASCYCLE,Atlas Cycles (Haryana) Limited,EQ,505029,Consumer Discretionary,Cycles,Consumer Durables,Consumer Durables,Cycles,CLASSIFIED,,,,0
INE100A01010,ATUL,Atul Limited,EQ,500027,Commodities,Specialty Chemicals,Chemicals,Chemicals & Petrochemicals,Specialty Chemicals,CLASSIFIED,,,,0
INE951D01028,ATULAUTO,Atul Auto Limited,EQ,531795,Industrials,Commercial Vehicles,Capital Goods,"Agricultural, Commercial & Construction Vehicles",Commercial Vehicles,CLASSIFIED,,,,0
INE949L01017,AUBANK,AU Small Finance Bank Limited,EQ,540611,Financial Services,Other Bank,Financial Services,Banks,Other Bank,CLASSIFIED,,,,0
INE132H01018,AURIONPRO,Aurionpro Solutions Limited,EQ,532668,Information Technology,Computers - Software & Consulting,Information Technology,IT - Software,Computers - Software & Consulting,CLASSIFIED,,,,0
INE406A01037,AUROPHARMA,Aurobindo Pharma Limited,EQ,524804,Healthcare,Pharmaceuticals,Healthcare,Pharmaceuticals & Biotechnology,Pharmaceuticals,CLASSIFIED,,,,0
INE898S01029,AURUM,Aurum PropTech Limited,EQ,539289,Information Technology,IT Enabled Services,Information Technology,IT - Services,IT Enabled Services,CLASSIFIED,,,,0
INE142K01011,AURUS,AURUS GEM CORPORATION LIMITED,EQ,534532,Consumer Discretionary,"Gems, Jewellery And Watches",Consumer Durables,Consumer Durables,"Gems, Jewellery And Watches",CLASSIFIED,,,,0
INE218C01016,AUSOMENT,Ausom Enterprise Limited,EQ,509009,Consumer Discretionary,"Gems, Jewellery And Watches",Consumer Durables,Consumer Durables,"Gems, Jewellery And Watches",CLASSIFIED,,,,0
INE759F01012,AUSTENG,Austin Engineering Company  Limited,EQ,522005,Industrials,Industrial Products,Capital Goods,Industrial Manufacturing,Industrial Products,CLASSIFIED,,,,0
INE449A01011,AUTOAXLES,Automotive Axles Limited,EQ,505010,Consumer Discretionary,Auto Components & Equipments,Automobile and Auto Components,Auto Components,Auto Components & Equipments,CLASSIFIED,,,,0
INE718H01014,AUTOIND,Autoline Industries Limited,BE,532797,Consumer Discretionary,Auto Components & Equipments,Automobile and Auto Components,Auto Components,Auto Components & Equipments,CLASSIFIED,,,,0
INE349W01017,AVADHSUGAR,Avadh Sugar & Energy Limited,EQ,540649,Fast Moving Consumer Goods,Sugar,Fast Moving Consumer Goods,Agricultural Food & other Products,Sugar,CLASSIFIED,,,,0
INE0LCL01028,AVALON,Avalon Technologies Limited,EQ,543896,Industrials,Other Electrical Equipment,Capital Goods,Electrical Equipment,Other Electrical Equipment,CLASSIFIED,,,,0
INE758A01072,AVANCE,Avance Technologies Limited,EQ,512149,Information Technology,Software Products,Information Technology,IT - Software,Software Products,CLASSIFIED,,,,0
INE005B01027,AVANTEL,Avantel Limited,EQ,532406,Industrials,Aerospace & Defense,Capital Goods,Aerospace & Defense,Aerospace & Defense,CLASSIFIED,,,,0
INE871C01038,AVANTIFEED,Avanti Feeds Limited,EQ,512573,Fast Moving Consumer Goods,Animal Feed,Fast Moving Consumer Goods,Food Products,Animal Feed,CLASSIFIED,,,,0
INE680Z01018,AVG,AVG Logistics Limited,BE,543910,Services,Logistics Solution Provider,Services,Transport Services,Logistics Solution Provider,CLASSIFIED,,,,0
INE679V01027,AVL,Aditya Vision Limited,EQ,540205,Consumer Discretionary,Speciality Retail,Consumer Services,Retailing,Speciality Retail,CLASSIFIED,,,,0
INE323B01024,AVONMORE,Avonmore Capital & Management Services Limited,EQ,511589,Financial Services,Non Banking Financial Company (NBFC),Financial Services,Finance,Non Banking Financial Company (NBFC),CLASSIFIED,,,,0
INE652Z01025,AVROIND,AVRO INDIA LIMITED,EQ,543512,Consumer Discretionary,Plastic Products - Consumer,Consumer Durables,Consumer Durables,Plastic Products - Consumer,CLASSIFIED,,,,0
INE488D01021,AVTNPL,AVT Natural Products Limited,EQ,519105,Fast Moving Consumer Goods,Other Agricultural Products,Fast Moving Consumer Goods,Agricultural Food & other Products,Other Agricultural Products,CLASSIFIED,,,,0
INE108V01019,AWFIS,Awfis Space Solutions Limited,EQ,544181,Services,Diversified Commercial Services,Services,Commercial Services & Supplies,Diversified Commercial Services,CLASSIFIED,,,,0
INE01BK01022,AWHCL,Antony Waste Handling Cell Limited,EQ,543254,Utilities,Waste Management,Utilities,Other Utilities,Waste Management,CLASSIFIED,,,,0
INE699H01024,AWL,AWL Agri Business Limited,EQ,543458,Fast Moving Consumer Goods,Edible Oil,Fast Moving Consumer Goods,Agricultural Food & other Products,Edible Oil,CLASSIFIED,,,,0
INE238A01034,AXISBANK,Axis Bank Limited,EQ,532215,Financial Services,Private Sector Bank,Financial Services,Banks,Private Sector Bank,CLASSIFIED,,,,0
INE555B01013,AXISCADES,AXISCADES Technologies Limited,EQ,532395,Industrials,Aerospace & Defense,Capital Goods,Aerospace & Defense,Aerospace & Defense,CLASSIFIED,,,,0
INE02EZ01022,AXITA,Axita Cotton Limited,EQ,542285,Consumer Discretionary,Other Textile Products,Textiles,Textiles & Apparels,Other Textile Products,CLASSIFIED,,,,0
INE767C01012,AXTEL,Axtel Industries Limited,EQ,523850,Industrials,Industrial Products,Capital Goods,Industrial Manufacturing,Industrial Products,CLASSIFIED,,,,0
INE501X01029,AYE,Aye Finance Limited,EQ,544699,Financial Services,Non Banking Financial Company (NBFC),Financial Services,Finance,Non Banking Financial Company (NBFC),CLASSIFIED,,,,0
INE193B01039,AYMSYNTEX,AYM Syntex Limited,EQ,508933,Consumer Discretionary,Other Textile Products,Textiles,Textiles & Apparels,Other Textile Products,CLASSIFIED,,,,0
INE02IJ01035,AZAD,Azad Engineering Limited,EQ,544061,Industrials,Heavy Electrical Equipment,Capital Goods,Electrical Equipment,Heavy Electrical Equipment,CLASSIFIED,,,,0
INE566M01017,AZADIND,Azad India Mobility Limited,EQ,504731,Industrials,Iron & Steel Products,Capital Goods,Industrial Products,Iron & Steel Products,CLASSIFIED,,,,0
INE878I01022,BAFNAPH,Bafna Pharmaceuticals Limited,BE,532989,Healthcare,Pharmaceuticals,Healthcare,Pharmaceuticals & Biotechnology,Pharmaceuticals,CLASSIFIED,,,,0
INE116D01028,BAGFILMS,B.A.G Films and Media Limited,EQ,532507,Consumer Discretionary,TV Broadcasting & Software Production,"Media, Entertainment & Publication",Entertainment,TV Broadcasting & Software Production,CLASSIFIED,,,,0
INE020D01022,BAIDFIN,Baid Finserv Limited,EQ,511724,Financial Services,Non Banking Financial Company (NBFC),Financial Services,Finance,Non Banking Financial Company (NBFC),CLASSIFIED,,,,0
INE917I01010,BAJAJ-AUTO,Bajaj Auto Limited,EQ,532977,Consumer Discretionary,2/3 Wheelers,Automobile and Auto Components,Automobiles,2/3 Wheelers,CLASSIFIED,,,,0
INE933K01021,BAJAJCON,Bajaj Consumer Care Limited,EQ,533229,Fast Moving Consumer Goods,Personal Care,Fast Moving Consumer Goods,Personal Products,Personal Care,CLASSIFIED,,,,0
INE193E01025,BAJAJELEC,Bajaj Electricals Limited,EQ,500031,Consumer Discretionary,Household Appliances,Consumer Durables,Consumer Durables,Household Appliances,CLASSIFIED,,,,0
INE918I01026,BAJAJFINSV,Bajaj Finserv Limited,EQ,532978,Financial Services,Holding Company,Financial Services,Finance,Holding Company,CLASSIFIED,,,,0
INE411U01027,BAJAJHCARE,Bajaj Healthcare Limited,EQ,539872,Healthcare,Pharmaceuticals,Healthcare,Pharmaceuticals & Biotechnology,Pharmaceuticals,CLASSIFIED,,,,0
INE377Y01014,BAJAJHFL,Bajaj Housing Finance Limited,EQ,544252,Financial Services,Housing Finance Company,Financial Services,Finance,Housing Finance Company,CLASSIFIED,,,,0
INE306A01021,BAJAJHIND,Bajaj Hindusthan Sugar Limited,EQ,500032,Fast Moving Consumer Goods,Sugar,Fast Moving Consumer Goods,Agricultural Food & other Products,Sugar,CLASSIFIED,,,,0
INE118A01012,BAJAJHLDNG,Bajaj Holdings & Investment Limited,EQ,500490,Financial Services,Holding Company,Financial Services,Finance,Holding Company,CLASSIFIED,,,,0
INE0O9T01021,BAJAJINDEF,Indef Manufacturing Limited,EQ,544364,Industrials,Industrial Products,Capital Goods,Industrial Manufacturing,Industrial Products,CLASSIFIED,,,,0
INE704G01024,BAJAJST,Bajaj Steel Industries Limited,EQ,507944,Industrials,Industrial Products,Capital Goods,Industrial Manufacturing,Industrial Products,CLASSIFIED,,,,0
INE0KQN01018,BAJEL,Bajel Projects Limited,EQ,544042,Industrials,Heavy Electrical Equipment,Capital Goods,Electrical Equipment,Heavy Electrical Equipment,CLASSIFIED,,,,0
INE296A01032,BAJFINANCE,Bajaj Finance Limited,EQ,500034,Financial Services,Non Banking Financial Company (NBFC),Financial Services,Finance,Non Banking Financial Company (NBFC),CLASSIFIED,,,,0
INE0S2G01011,BALAJEE,Shree Tirupati Balajee Agro Trading Company Limited,EQ,544249,Industrials,Packaging,Capital Goods,Industrial Products,Packaging,CLASSIFIED,,,,0
INE794B01026,BALAJITELE,Balaji Telefilms Limited,EQ,532382,Consumer Discretionary,Media & Entertainment,"Media, Entertainment & Publication",Entertainment,Media & Entertainment,CLASSIFIED,,,,0
INE050E01027,BALAMINES,Balaji Amines Limited,EQ,530999,Commodities,Specialty Chemicals,Chemicals,Chemicals & Petrochemicals,Specialty Chemicals,CLASSIFIED,,,,0
INE618N01022,BALAXI,BALAXI PHARMACEUTICALS LIMITED,EQ,,,,,,,BSE_RETRY,,No BSE code found for ISIN,2026-09-07T12:51:15Z,1
INE875R01011,BALKRISHNA,Balkrishna Paper Mills Limited,EQ,539251,Commodities,Paper & Paper Products,Forest Materials,"Paper, Forest & Jute Products",Paper & Paper Products,CLASSIFIED,,,,0
INE787D01026,BALKRISIND,Balkrishna Industries Limited,EQ,502355,Consumer Discretionary,Tyres & Rubber Products,Automobile and Auto Components,Auto Components,Tyres & Rubber Products,CLASSIFIED,,,,0
INE164A01016,BALMLAWRIE,Balmer Lawrie & Company Limited,EQ,523319,Diversified,Diversified,Diversified,Diversified,Diversified,CLASSIFIED,,,,0
INE083D01012,BALPHARMA,Bal Pharma Limited,EQ,524824,Healthcare,Pharmaceuticals,Healthcare,Pharmaceuticals & Biotechnology,Pharmaceuticals,CLASSIFIED,,,,0
INE119A01028,BALRAMCHIN,Balrampur Chini Mills Limited,EQ,500038,Fast Moving Consumer Goods,Sugar,Fast Moving Consumer Goods,Agricultural Food & other Products,Sugar,CLASSIFIED,,,,0
INE011E01029,BALUFORGE,Balu Forge Industries Limited,EQ,531112,Industrials,Castings & Forgings,Capital Goods,Industrial Products,Castings & Forgings,CLASSIFIED,,,,0
INE655B01011,BANARBEADS,Banaras Beads Limited,EQ,526849,Consumer Discretionary,"Gems, Jewellery And Watches",Consumer Durables,Consumer Durables,"Gems, Jewellery And Watches",CLASSIFIED,,,,0
INE459A01010,BANARISUG,Bannari Amman Sugars Limited,EQ,500041,Fast Moving Consumer Goods,Sugar,Fast Moving Consumer Goods,Agricultural Food & other Products,Sugar,CLASSIFIED,,,,0
INE213C01025,BANCOINDIA,Banco Products (I) Limited,EQ,500039,Consumer Discretionary,Auto Components & Equipments,Automobile and Auto Components,Auto Components,Auto Components & Equipments,CLASSIFIED,,,,0
INE545U01014,BANDHANBNK,Bandhan Bank Limited,EQ,541153,Financial Services,Private Sector Bank,Financial Services,Banks,Private Sector Bank,CLASSIFIED,,,,0
INE863I01016,BANG,Bang Overseas Limited,EQ,532946,Consumer Discretionary,Garments & Apparels,Textiles,Textiles & Apparels,Garments & Apparels,CLASSIFIED,,,,0
INE862Y01015,BANKA,Banka BioLoo Limited,EQ,,,,,,,BSE_RETRY,,No BSE code found for ISIN,2026-09-07T12:51:15Z,1
INE028A01039,BANKBARODA,Bank of Baroda,EQ,532134,Financial Services,Public Sector Bank,Financial Services,Banks,Public Sector Bank,CLASSIFIED,,,,0
INE084A01016,BANKINDIA,Bank of India,EQ,532149,Financial Services,Public Sector Bank,Financial Services,Banks,Public Sector Bank,CLASSIFIED,,,,0
INE0B9K01025,BANSALWIRE,Bansal Wire Industries Limited,EQ,544209,Industrials,Iron & Steel Products,Capital Goods,Industrial Products,Iron & Steel Products,CLASSIFIED,,,,0
INE629D01020,BANSWRAS,Banswara Syntex Limited,EQ,503722,Consumer Discretionary,Other Textile Products,Textiles,Textiles & Apparels,Other Textile Products,CLASSIFIED,,,,0
INE373A01013,BASF,BASF India Limited,EQ,500042,Commodities,Specialty Chemicals,Chemicals,Chemicals & Petrochemicals,Specialty Chemicals,CLASSIFIED,,,,0
INE186H01022,BASML,Bannari Amman Spinning Mills Limited,BE,532674,Consumer Discretionary,Other Textile Products,Textiles,Textiles & Apparels,Other Textile Products,CLASSIFIED,,,,0
INE176A01028,BATAINDIA,Bata India Limited,EQ,500043,Consumer Discretionary,Footwear,Consumer Durables,Consumer Durables,Footwear,CLASSIFIED,,,,0
INE177C01022,BATLIBOI,Batliboi Limited,EQ,522004,Industrials,Industrial Products,Capital Goods,Industrial Manufacturing,Industrial Products,CLASSIFIED,,,,0
INE462A01022,BAYERCROP,Bayer Cropscience Limited,EQ,506285,Commodities,Pesticides & Agrochemicals,Chemicals,Fertilizers & Agrochemicals,Pesticides & Agrochemicals,CLASSIFIED,,,,0
INE464A01036,BBL,Bharat Bijlee Limited,EQ,503960,Industrials,Heavy Electrical Equipment,Capital Goods,Electrical Equipment,Heavy Electrical Equipment,CLASSIFIED,,,,0
INE676A01027,BBOX,Black Box Limited,EQ,500463,Information Technology,IT Enabled Services,Information Technology,IT - Services,IT Enabled Services,CLASSIFIED,,,,0
INE050A01025,BBTC,The Bombay Burmah Trading Corporation Limited,EQ,501425,Fast Moving Consumer Goods,Packaged Foods,Fast Moving Consumer Goods,Food Products,Packaged Foods,CLASSIFIED,,,,0
INE01EE01011,BBTCL,B&B Triplewall Containers Limited,EQ,543668,Industrials,Packaging,Capital Goods,Industrial Products,Packaging,CLASSIFIED,,,,0
INE425B01027,BCG,Brightcom Group Limited,EQ,532368,Information Technology,IT Enabled Services,Information Technology,IT - Services,IT Enabled Services,CLASSIFIED,,,,0
INE412G01024,BCLIND,Bcl Industries Limited,EQ,524332,Fast Moving Consumer Goods,Breweries & Distilleries,Fast Moving Consumer Goods,Beverages,Breweries & Distilleries,CLASSIFIED,,,,0
INE977Y01011,BCONCEPTS,Brand Concepts Limited,EQ,543442,Consumer Discretionary,Speciality Retail,Consumer Services,Retailing,Speciality Retail,CLASSIFIED,,,,0
INE00SW01015,BCPL,BCPL Railway Infrastructure Limited,EQ,542057,Industrials,Civil Construction,Construction,Construction,Civil Construction,CLASSIFIED,,,,0
INE171Z01026,BDL,Bharat Dynamics Limited,EQ,541143,Industrials,Aerospace & Defense,Capital Goods,Aerospace & Defense,Aerospace & Defense,CLASSIFIED,,,,0
INE520H01022,BEARDSELL,Beardsell Limited,EQ,,,,,,,BSE_RETRY,,No BSE code found for ISIN,2026-09-07T12:51:15Z,1
INE495P01020,BECTORFOOD,Mrs. Bectors Food Specialities Limited,EQ,543253,Fast Moving Consumer Goods,Packaged Foods,Fast Moving Consumer Goods,Food Products,Packaged Foods,CLASSIFIED,,,,0
INE844K01012,BEDMUTHA,Bedmutha Industries Limited,EQ,533270,Industrials,Iron & Steel Products,Capital Goods,Industrial Products,Iron & Steel Products,CLASSIFIED,,,,0
INE213D01015,BEEKAY,Beekay Steel Industries Limited,EQ,539018,Industrials,Iron & Steel Products,Capital Goods,Industrial Products,Iron & Steel Products,CLASSIFIED,,,,0
INE263A01024,BEL,Bharat Electronics Limited,EQ,500049,Industrials,Aerospace & Defense,Capital Goods,Aerospace & Defense,Aerospace & Defense,CLASSIFIED,,,,0
INE344T01014,BELLACASA,Bella Casa Fashion & Retail Limited,EQ,539399,Consumer Discretionary,Garments & Apparels,Textiles,Textiles & Apparels,Garments & Apparels,CLASSIFIED,,,,0
INE894V01022,BELRISE,Belrise Industries Limited,EQ,544405,Consumer Discretionary,Auto Components & Equipments,Automobile and Auto Components,Auto Components,Auto Components & Equipments,CLASSIFIED,,,,0
INE258A01024,BEML,BEML Limited,EQ,500048,Industrials,Construction Vehicles,Capital Goods,"Agricultural, Commercial & Construction Vehicles",Construction Vehicles,CLASSIFIED,,,,0
INE664D01019,BENARAS,Benares Hotels Limited,EQ,509438,Consumer Discretionary,Hotels & Resorts,Consumer Services,Leisure Services,Hotels & Resorts,CLASSIFIED,,,,0
INE083K01017,BENGALASM,Bengal & Assam Company Limited,EQ,533095,Financial Services,Non Banking Financial Company (NBFC),Financial Services,Finance,Non Banking Financial Company (NBFC),CLASSIFIED,,,,0
INE922A01025,BEPL,Bhansali Engineering Polymers Limited,EQ,500052,Commodities,Petrochemicals,Chemicals,Chemicals & Petrochemicals,Petrochemicals,CLASSIFIED,,,,0
INE463A01038,BERGEPAINT,Berger Paints (I) Limited,EQ,509480,Consumer Discretionary,Paints,Consumer Durables,Consumer Durables,Paints,CLASSIFIED,,,,0
INE052T01021,BESTAGRO,Best Agrolife Limited,EQ,539660,Commodities,Pesticides & Agrochemicals,Chemicals,Fertilizers & Agrochemicals,Pesticides & Agrochemicals,CLASSIFIED,,,,0
INE351Y01019,BETA,Beta Drugs Limited,EQ,,,,,,,BSE_RETRY,,No BSE code found for ISIN,2026-09-07T12:51:15Z,1
INE878K01010,BFINVEST,BF Investment Limited,EQ,533303,Financial Services,Holding Company,Financial Services,Finance,Holding Company,CLASSIFIED,,,,0
INE243D01012,BFUTILITIE,BF Utilities Limited,EQ,532430,Services,"Road Assets–Toll, Annuity, Hybrid-Annuity",Services,Transport Infrastructure,"Road Assets–Toll, Annuity, Hybrid-Annuity",CLASSIFIED,,,,0
INE661I01014,BGRENERGY,BGR Energy Systems Limited,BE,532930,Industrials,Civil Construction,Construction,Construction,Civil Construction,CLASSIFIED,,,,0
INE414D01027,BHAGCHEM,Bhagiradha Chemicals & Industries Limited,EQ,531719,Commodities,Pesticides & Agrochemicals,Chemicals,Fertilizers & Agrochemicals,Pesticides & Agrochemicals,CLASSIFIED,,,,0
INE354C01027,BHAGERIA,Bhageria Industries Limited,BE,530803,Commodities,Dyes And Pigments,Chemicals,Chemicals & Petrochemicals,Dyes And Pigments,CLASSIFIED,,,,0
INE458B01036,BHAGYANGR,Bhagyanagar India Limited,EQ,512296,Commodities,Copper,Metals & Mining,Non - Ferrous Metals,Copper,CLASSIFIED,,,,0
INE474E01029,BHANDARI,Bhandari Hosiery Exports Limited,EQ,512608,Consumer Discretionary,Other Textile Products,Textiles,Textiles & Apparels,Other Textile Products,CLASSIFIED,,,,0
INE05XR01022,BHARATCOAL,Bharat Coking Coal Limited,EQ,544678,Energy,Coal,"Oil, Gas & Consumable Fuels",Consumable Fuels,Coal,CLASSIFIED,,,,0
INE465A01025,BHARATFORG,Bharat Forge Limited,EQ,500493,Consumer Discretionary,Auto Components & Equipments,Automobile and Auto Components,Auto Components,Auto Components & Equipments,CLASSIFIED,,,,0
INE561C01019,BHARATGEAR,Bharat Gears Limited,BE,505688,Consumer Discretionary,Auto Components & Equipments,Automobile and Auto Components,Auto Components,Auto Components & Equipments,CLASSIFIED,,,,0
INE838B01021,BHARATRAS,Bharat Rasayan Limited,EQ,590021,Commodities,Pesticides & Agrochemicals,Chemicals,Fertilizers & Agrochemicals,Pesticides & Agrochemicals,CLASSIFIED,,,,0
INE415D01024,BHARATSE,Bharat Seats Limited,EQ,523229,Consumer Discretionary,Auto Components & Equipments,Automobile and Auto Components,Auto Components,Auto Components & Equipments,CLASSIFIED,,,,0
INE316L01019,BHARATWIRE,Bharat Wire Ropes Limited,EQ,539799,Industrials,Iron & Steel Products,Capital Goods,Industrial Products,Iron & Steel Products,CLASSIFIED,,,,0
INE397D01024,BHARTIARTL,Bharti Airtel Limited,EQ,532454,Telecommunication,Telecom - Cellular & Fixed line services,Telecommunication,Telecom - Services,Telecom - Cellular & Fixed line services,CLASSIFIED,,,,0
INE343G01021,BHARTIHEXA,Bharti Hexacom Limited,EQ,544162,Telecommunication,Telecom - Cellular & Fixed line services,Telecommunication,Telecom - Services,Telecom - Cellular & Fixed line services,CLASSIFIED,,,,0
INE257A01026,BHEL,Bharat Heavy Electricals Limited,EQ,500103,Industrials,Heavy Electrical Equipment,Capital Goods,Electrical Equipment,Heavy Electrical Equipment,CLASSIFIED,,,,0
INE986A01012,BI,Bilcare Limited,BE,526853,Healthcare,"Healthcare Research, Analytics & Technology",Healthcare,Healthcare Services,"Healthcare Research, Analytics & Technology",CLASSIFIED,,,,0
INE412U01025,BIGBLOC,Bigbloc Construction Limited,EQ,540061,Commodities,Cement & Cement Products,Construction Materials,Cement & Cement Products,Cement & Cement Products,CLASSIFIED,,,,0
INE00E101023,BIKAJI,Bikaji Foods International Limited,EQ,543653,Fast Moving Consumer Goods,Packaged Foods,Fast Moving Consumer Goods,Food Products,Packaged Foods,CLASSIFIED,,,,0
INE828A01016,BIL,Bhartiya International Limited,EQ,526666,Consumer Discretionary,Leather And Leather Products,Consumer Durables,Consumer Durables,Leather And Leather Products,CLASSIFIED,,,,0
INE071A01013,BILVYAPAR,BIL VYAPAR LIMITED,BE,500059,Financial Services,Holding Company,Financial Services,Finance,Holding Company,CLASSIFIED,,,,0
INE469A01019,BIMETAL,Bimetal Bearings Limited,EQ,505681,Consumer Discretionary,Auto Components & Equipments,Automobile and Auto Components,Auto Components,Auto Components & Equipments,CLASSIFIED,,,,0
INE376G01013,BIOCON,Biocon Limited,EQ,532523,Healthcare,Pharmaceuticals,Healthcare,Pharmaceuticals & Biotechnology,Pharmaceuticals,CLASSIFIED,,,,0
INE829A01014,BIOFILCHEM,Biofil Chemicals & Pharmaceuticals Limited,EQ,524396,Healthcare,Pharmaceuticals,Healthcare,Pharmaceuticals & Biotechnology,Pharmaceuticals,CLASSIFIED,,,,0
INE800A01015,BIRLACABLE,Birla Cable Limited,BE,500060,Telecommunication,Telecom -  Equipment & Accessories,Telecommunication,Telecom -  Equipment & Accessories,Telecom -  Equipment & Accessories,CLASSIFIED,,,,0
INE340A01012,BIRLACORPN,Birla Corporation Limited,EQ,500335,Commodities,Cement & Cement Products,Construction Materials,Cement & Cement Products,Cement & Cement Products,CLASSIFIED,,,,0
INE865C01022,BIRLAMONEY,Aditya Birla Money Limited,EQ,532974,Financial Services,Stockbroking & Allied,Financial Services,Capital Markets,Stockbroking & Allied,CLASSIFIED,,,,0
INE557A01011,BIRLANU,BirlaNu Limited,EQ,509675,Commodities,Other Construction Materials,Construction Materials,Other Construction Materials,Other Construction Materials,CLASSIFIED,,,,0
INE372E01025,BIRLAPREC,Birla Precision Technologies Limited,EQ,522105,Industrials,Industrial Products,Capital Goods,Industrial Manufacturing,Industrial Products,CLASSIFIED,,,,0
INE0UIZ01018,BLACKBUCK,BLACKBUCK LIMITED,EQ,544288,Services,Transport Related Services,Services,Transport Services,Transport Related Services,CLASSIFIED,,,,0
INE761G01016,BLACKROSE,Black Rose Inds. Limited,BE,514183,Commodities,Specialty Chemicals,Chemicals,Chemicals & Petrochemicals,Specialty Chemicals,CLASSIFIED,,,,0
INE0N7W01012,BLAL,BEML Land Assets Limited,EQ,543898,Financial Services,Investment Company,Financial Services,Finance,Investment Company,CLASSIFIED,,,,0
INE791A01024,BLBLIMITED,BLB Limited,EQ,532290,Financial Services,Investment Company,Financial Services,Finance,Investment Company,CLASSIFIED,,,,0
INE1EEM01017,BLEL,Behari Lal Engineering Limited,EQ,544870,Industrials,Iron & Steel Products,Capital Goods,Industrial Products,Iron & Steel Products,CLASSIFIED,,,,0
INE525F01025,BLIL,Balmer Lawrie Investments Limited,EQ,532485,Financial Services,Holding Company,Financial Services,Finance,Holding Company,CLASSIFIED,,,,0
INE416D01022,BLISSGVS,Bliss GVS Pharma Limited,BE,506197,Healthcare,Pharmaceuticals,Healthcare,Pharmaceuticals & Biotechnology,Pharmaceuticals,CLASSIFIED,,,,0
INE350H01032,BLKASHYAP,B. L. Kashyap and Sons Limited,EQ,532719,Industrials,Civil Construction,Construction,Construction,Civil Construction,CLASSIFIED,,,,0
INE153T01027,BLS,BLS International Services Limited,EQ,540073,Consumer Discretionary,"Tour, Travel Related Services",Consumer Services,Leisure Services,"Tour, Travel Related Services",CLASSIFIED,,,,0
INE0NLT01010,BLSE,BLS E-Services Limited,EQ,544107,Information Technology,IT Enabled Services,Information Technology,IT - Services,IT Enabled Services,CLASSIFIED,,,,0
INE657B01025,BLUECHIP,Blue Chip India Limited,EQ,531936,Financial Services,Investment Company,Financial Services,Finance,Investment Company,CLASSIFIED,,,,0
INE373T01047,BLUECLOUDS,Blue Cloud Softech Solutions Limited,EQ,539607,Information Technology,Software Products,Information Technology,IT - Software,Software Products,CLASSIFIED,,,,0
INE472B01011,BLUECOAST,Blue Coast Hotels Limited,BE,531495,Consumer Discretionary,Hotels & Resorts,Consumer Services,Leisure Services,Hotels & Resorts,CLASSIFIED,,,,0
INE233B01017,BLUEDART,Blue Dart Express Limited,EQ,526612,Services,Logistics Solution Provider,Services,Transport Services,Logistics Solution Provider,CLASSIFIED,,,,0
INE0KBH01020,BLUEJET,Blue Jet Healthcare Limited,EQ,544009,Healthcare,Pharmaceuticals,Healthcare,Pharmaceuticals & Biotechnology,Pharmaceuticals,CLASSIFIED,,,,0
INE472A01039,BLUESTARCO,Blue Star Limited,EQ,500067,Consumer Discretionary,Household Appliances,Consumer Durables,Consumer Durables,Household Appliances,CLASSIFIED,,,,0
INE304W01038,BLUESTONE,BlueStone Jewellery and Lifestyle Limited,EQ,544484,Consumer Discretionary,"Gems, Jewellery And Watches",Consumer Durables,Consumer Durables,"Gems, Jewellery And Watches",CLASSIFIED,,,,0
INE0U4101014,BLUSPRING,Bluspring Enterprises Limited,EQ,544414,Services,Diversified Commercial Services,Services,Commercial Services & Supplies,Diversified Commercial Services,CLASSIFIED,,,,0
INE965W01036,BMWVENTLTD,BMW Ventures Limited,EQ,544543,Commodities,Trading - Metals,Metals & Mining,Metals & Minerals Trading,Trading - Metals,CLASSIFIED,,,,0
INE00HZ01011,BNAGROCHEM,BN Agrochem Limited,EQ,526125,Services,Trading & Distributors,Services,Commercial Services & Supplies,Trading & Distributors,CLASSIFIED,,,,0
INE489D01011,BNALTD,B & A Limited,BE,508136,Fast Moving Consumer Goods,Tea & Coffee,Fast Moving Consumer Goods,Agricultural Food & other Products,Tea & Coffee,CLASSIFIED,,,,0
INE338D01028,BODALCHEM,Bodal Chemicals Limited,BE,524370,Commodities,Dyes And Pigments,Chemicals,Chemicals & Petrochemicals,Dyes And Pigments,CLASSIFIED,,,,0
INE802W01023,BOHRAIND,Bohra Industries Limited,EQ,,,,,,,BSE_RETRY,,No BSE code found for ISIN,2026-09-07T12:51:15Z,1
INE032A01023,BOMDYEING,Bombay Dyeing & Mfg Company Limited,EQ,500020,Consumer Discretionary,Other Textile Products,Textiles,Textiles & Apparels,Other Textile Products,CLASSIFIED,,,,0
INE0B9A01018,BONLON,Bonlon Industries Limited,EQ,543211,Commodities,Trading - Metals,Metals & Mining,Metals & Minerals Trading,Trading - Metals,CLASSIFIED,,,,0
INE16SF01016,BORANA,Borana Weaves Limited,EQ,544404,Consumer Discretionary,Other Textile Products,Textiles,Textiles & Apparels,Other Textile Products,CLASSIFIED,,,,0
INE02PY01013,BOROLTD,Borosil Limited,EQ,543212,Consumer Discretionary,Houseware,Consumer Durables,Consumer Durables,Houseware,CLASSIFIED,,,,0
INE666D01022,BORORENEW,BOROSIL RENEWABLES LIMITED,EQ,502219,Industrials,Glass - Industrial,Capital Goods,Industrial Products,Glass - Industrial,CLASSIFIED,,,,0
INE02L001032,BOROSCI,Borosil Scientific Limited,EQ,544184,Industrials,Glass - Industrial,Capital Goods,Industrial Products,Glass - Industrial,CLASSIFIED,,,,0
INE782A01015,BOSCH-HCIL,BOSCH HOME COMFORT INDIA LIMITED,EQ,523398,Consumer Discretionary,Household Appliances,Consumer Durables,Consumer Durables,Household Appliances,CLASSIFIED,,,,0
INE323A01026,BOSCHLTD,Bosch Limited,EQ,500530,Consumer Discretionary,Auto Components & Equipments,Automobile and Auto Components,Auto Components,Auto Components & Equipments,CLASSIFIED,,,,0
INE029A01011,BPCL,Bharat Petroleum Corporation Limited,EQ,500547,Energy,Refineries & Marketing,"Oil, Gas & Consumable Fuels",Petroleum Products,Refineries & Marketing,CLASSIFIED,,,,0
INE110A01019,BPL,BPL Limited,EQ,500074,Consumer Discretionary,Consumer Electronics,Consumer Durables,Consumer Durables,Consumer Electronics,CLASSIFIED,,,,0
INE365Y01019,BPLPHARMA,Bharat Parenterals Limited,EQ,541096,Healthcare,Pharmaceuticals,Healthcare,Pharmaceuticals & Biotechnology,Pharmaceuticals,CLASSIFIED,,,,0
INE320I01017,BRAHMINFRA,Brahmaputra Infrastructure Limited,EQ,535693,Industrials,Civil Construction,Construction,Construction,Civil Construction,CLASSIFIED,,,,0
INE791I01019,BRIGADE,Brigade Enterprises Limited,EQ,532929,Consumer Discretionary,"Residential, Commercial Projects",Realty,Realty,"Residential, Commercial Projects",CLASSIFIED,,,,0
INE03NU01014,BRIGHOTEL,Brigade Hotel Ventures Limited,EQ,544457,Consumer Discretionary,Hotels & Resorts,Consumer Services,Leisure Services,Hotels & Resorts,CLASSIFIED,,,,0
INE630D01010,BRIGHTBR,Bright Brothers Limited,EQ,526731,Industrials,Plastic Products - Industrial,Capital Goods,Industrial Products,Plastic Products - Industrial,CLASSIFIED,,,,0
INE216A01030,BRITANNIA,Britannia Industries Limited,EQ,500825,Fast Moving Consumer Goods,Packaged Foods,Fast Moving Consumer Goods,Food Products,Packaged Foods,CLASSIFIED,,,,0
INE727S01012,BRNL,Bharat Road Network Limited,EQ,540700,Industrials,Civil Construction,Construction,Construction,Civil Construction,CLASSIFIED,,,,0
INE650L01011,BROOKS,Brooks Laboratories Limited,BE,533543,Healthcare,Pharmaceuticals,Healthcare,Pharmaceuticals & Biotechnology,Pharmaceuticals,CLASSIFIED,,,,0
INE118H01025,BSE,BSE Limited,EQ,,,,,,,BSE_RETRY,,No BSE code found for ISIN,2026-09-07T12:51:15Z,1
INE032Z01020,BSHSL,Bombay Super Hybrid Seeds Limited,EQ,544757,Fast Moving Consumer Goods,Other Agricultural Products,Fast Moving Consumer Goods,Agricultural Food & other Products,Other Agricultural Products,CLASSIFIED,,,,0
INE594B01012,BSL,BSL Limited,EQ,514045,Consumer Discretionary,Other Textile Products,Textiles,Textiles & Apparels,Other Textile Products,CLASSIFIED,,,,0
INE836A01035,BSOFT,BIRLASOFT LIMITED,EQ,532400,Information Technology,Computers - Software & Consulting,Information Technology,IT - Software,Computers - Software & Consulting,CLASSIFIED,,,,0
INE0EEJ01023,BTML,Bodhi Tree Multimedia Limited,EQ,543767,Consumer Discretionary,Digital Entertainment,"Media, Entertainment & Publication",Entertainment,Digital Entertainment,CLASSIFIED,,,,0
INE274K01012,BTTL,Bhilwara Technical Textiles Limited,BE,533108,Consumer Discretionary,Trading - Textile Products,Textiles,Textiles & Apparels,Trading - Textile Products,CLASSIFIED,,,,0
INE24OJ01011,BUILDPRO,Shankara Buildpro Limited,EQ,544517,Consumer Discretionary,Speciality Retail,Consumer Services,Retailing,Speciality Retail,CLASSIFIED,,,,0
INE817H01022,BURNPUR,Burnpur Cement Limited,BE,532931,Commodities,Cement & Cement Products,Construction Materials,Cement & Cement Products,Cement & Cement Products,CLASSIFIED,,,,0
INE295F01017,BUTTERFLY,Butterfly Gandhimathi Appliances Limited,EQ,517421,Consumer Discretionary,Household Appliances,Consumer Durables,Consumer Durables,Household Appliances,CLASSIFIED,,,,0
INE139I01011,BVCL,Barak Valley Cements Limited,EQ,532916,Commodities,Cement & Cement Products,Construction Materials,Cement & Cement Products,Cement & Cement Products,CLASSIFIED,,,,0
INE319B01014,BYKE,The Byke Hospitality Ltd,BE,531373,Consumer Discretionary,Hotels & Resorts,Consumer Services,Leisure Services,Hotels & Resorts,CLASSIFIED,,,,0
INE526B01014,CALSOFT,California Software Company Limited,EQ,532386,Information Technology,Computers - Software & Consulting,Information Technology,IT - Software,Computers - Software & Consulting,CLASSIFIED,,,,0
INE052I01032,CAMLINFINE,Camlin Fine Sciences Limited,EQ,532834,Commodities,Specialty Chemicals,Chemicals,Chemicals & Petrochemicals,Specialty Chemicals,CLASSIFIED,,,,0
INE278Y01022,CAMPUS,Campus Activewear Limited,EQ,543523,Consumer Discretionary,Footwear,Consumer Durables,Consumer Durables,Footwear,CLASSIFIED,,,,0
INE596I01020,CAMS,Computer Age Management Services Limited,EQ,543232,Financial Services,"Depositories, Clearing Houses and Other Intermediaries",Financial Services,Capital Markets,"Depositories, Clearing Houses and Other Intermediaries",CLASSIFIED,,,,0
INE476A01022,CANBK,Canara Bank,EQ,532483,Financial Services,Public Sector Bank,Financial Services,Banks,Public Sector Bank,CLASSIFIED,,,,0
INE477A01020,CANFINHOME,Can Fin Homes Limited,EQ,511196,Financial Services,Housing Finance Company,Financial Services,Finance,Housing Finance Company,CLASSIFIED,,,,0
INE01TY01017,CANHLIFE,Canara HSBC Life Insurance Company Limited,EQ,544583,Financial Services,Life Insurance,Financial Services,Insurance,Life Insurance,CLASSIFIED,,,,0
INE068L01024,CANTABIL,Cantabil Retail India Limited,EQ,533267,Consumer Discretionary,Garments & Apparels,Textiles,Textiles & Apparels,Garments & Apparels,CLASSIFIED,,,,0
INE264T01014,CAPACITE,Capacit'e Infraprojects Limited,EQ,540710,Industrials,Civil Construction,Construction,Construction,Civil Construction,CLASSIFIED,,,,0
INE0ILV01024,CAPILLARY,Capillary Technologies India Limited,EQ,544614,Information Technology,Software Products,Information Technology,IT - Software,Software Products,CLASSIFIED,,,,0
INE646H01017,CAPITALSFB,Capital Small Finance Bank Limited,EQ,544120,Financial Services,Other Bank,Financial Services,Banks,Other Bank,CLASSIFIED,,,,0
INE475E01026,CAPLIPOINT,Caplin Point Laboratories Limited,EQ,524742,Healthcare,Pharmaceuticals,Healthcare,Pharmaceuticals & Biotechnology,Pharmaceuticals,CLASSIFIED,,,,0
INE707C01018,CAPTRUST,Capital Trust Limited,BE,511505,Financial Services,Non Banking Financial Company (NBFC),Financial Services,Finance,Non Banking Financial Company (NBFC),CLASSIFIED,,,,0
INE120A01034,CARBORUNIV,Carborundum Universal Limited,EQ,513375,Industrials,Abrasives & Bearings,Capital Goods,Industrial Products,Abrasives & Bearings,CLASSIFIED,,,,0
INE752H01013,CARERATING,CARE Ratings Limited,EQ,534804,Financial Services,Ratings,Financial Services,Capital Markets,Ratings,CLASSIFIED,,,,0
INE0V7W01012,CARRARO,Carraro India Limited,EQ,544320,Consumer Discretionary,Auto Components & Equipments,Automobile and Auto Components,Auto Components,Auto Components & Equipments,CLASSIFIED,,,,0
INE290S01011,CARTRADE,Cartrade Tech Limited,EQ,543333,Consumer Discretionary,E-Retail/ E-Commerce,Consumer Services,Retailing,E-Retail/ E-Commerce,CLASSIFIED,,,,0
INE482D01024,CARYSIL,CARYSIL LIMITED,EQ,524091,Consumer Discretionary,Household Appliances,Consumer Durables,Consumer Durables,Household Appliances,CLASSIFIED,,,,0
INE172A01027,CASTROLIND,Castrol India Limited,EQ,500870,Energy,Lubricants,"Oil, Gas & Consumable Fuels",Petroleum Products,Lubricants,CLASSIFIED,,,,0
INE483S01020,CCAVENUE,AvenuesAI Limited,EQ,539807,Financial Services,Financial Technology (Fintech),Financial Services,Financial Technology (Fintech),Financial Technology (Fintech),CLASSIFIED,,,,0
INE429I01024,CCCL,Consolidated Construction Consortium Limited,EQ,532902,Consumer Discretionary,"Residential, Commercial Projects",Realty,Realty,"Residential, Commercial Projects",CLASSIFIED,,,,0
INE652F01027,CCHHL,Country Club Hospitality & Holidays Limited,EQ,526550,Consumer Discretionary,Hotels & Resorts,Consumer Services,Leisure Services,Hotels & Resorts,CLASSIFIED,,,,0
INE421D01022,CCL,CCL Products (India) Limited,EQ,519600,Fast Moving Consumer Goods,Tea & Coffee,Fast Moving Consumer Goods,Agricultural Food & other Products,Tea & Coffee,CLASSIFIED,,,,0
INE736A01011,CDSL,Central Depository Services (India) Limited,EQ,,,,,,,BSE_RETRY,,No BSE code found for ISIN,2026-09-07T12:51:15Z,1
INE482A01020,CEATLTD,CEAT Limited,EQ,500878,Consumer Discretionary,Tyres & Rubber Products,Automobile and Auto Components,Auto Components,Tyres & Rubber Products,CLASSIFIED,,,,0
INE0AG901020,CEIGALL,Ceigall India Limited,EQ,544223,Industrials,Civil Construction,Construction,Construction,Civil Construction,CLASSIFIED,,,,0
INE016Q01014,CEINSYS,Ceinsys Tech Limited,EQ,538734,Information Technology,IT Enabled Services,Information Technology,IT - Services,IT Enabled Services,CLASSIFIED,,,,0
INE185H01016,CELEBRITY,Celebrity Fashions Limited,EQ,532695,Consumer Discretionary,Garments & Apparels,Textiles,Textiles & Apparels,Garments & Apparels,CLASSIFIED,,,,0
INE0LMW01024,CELLO,Cello World Limited,EQ,544012,Consumer Discretionary,Houseware,Consumer Durables,Consumer Durables,Houseware,CLASSIFIED,,,,0
INE686A01026,CEMPRO,Cemindia Projects Limited,EQ,509496,Industrials,Civil Construction,Construction,Construction,Civil Construction,CLASSIFIED,,,,0
INE485A01015,CENTENKA,Century Enka Limited,EQ,500280,Consumer Discretionary,Other Textile Products,Textiles,Textiles & Apparels,Other Textile Products,CLASSIFIED,,,,0
INE281A01026,CENTEXT,Century Extrusions Limited,EQ,500083,Industrials,"Aluminium, Copper & Zinc Products",Capital Goods,Industrial Products,"Aluminium, Copper & Zinc Products",CLASSIFIED,,,,0
INE483A01010,CENTRALBK,Central Bank of India,EQ,532885,Financial Services,Public Sector Bank,Financial Services,Banks,Public Sector Bank,CLASSIFIED,,,,0
INE660C01027,CENTRUM,Centrum Capital Limited,EQ,501150,Financial Services,Other Financial Services,Financial Services,Finance,Other Financial Services,CLASSIFIED,,,,0
INE320B01020,CENTUM,Centum Electronics Limited,EQ,517544,Industrials,Aerospace & Defense,Capital Goods,Aerospace & Defense,Aerospace & Defense,CLASSIFIED,,,,0
INE348B01021,CENTURYPLY,Century Plyboards (India) Limited,EQ,532548,Consumer Discretionary,Plywood Boards/ Laminates,Consumer Durables,Consumer Durables,Plywood Boards/ Laminates,CLASSIFIED,,,,0
INE739E01017,CERA,Cera Sanitaryware Limited,EQ,532443,Consumer Discretionary,Sanitary Ware,Consumer Durables,Consumer Durables,Sanitary Ware,CLASSIFIED,,,,0
INE345B01019,CEREBRAINT,Cerebra Integrated Technologies Limited,BZ,532413,Information Technology,Computers Hardware & Equipments,Information Technology,IT - Hardware,Computers Hardware & Equipments,CLASSIFIED,,,,0
INE486A01021,CESC,CESC Limited,EQ,500084,Utilities,Integrated Power Utilities,Power,Power,Integrated Power Utilities,CLASSIFIED,,,,0
INE037Z01029,CEWATER,Concord Enviro Systems Limited,EQ,544315,Utilities,Waste Management,Utilities,Other Utilities,Waste Management,CLASSIFIED,,,,0
INE700F01024,CFEL,Confidence Futuristic Energetech Limited,EQ,539991,Services,Trading & Distributors,Services,Commercial Services & Supplies,Trading & Distributors,CLASSIFIED,,,,0
INE180C01042,CGCL,Capri Global Capital Limited,EQ,531595,Financial Services,Non Banking Financial Company (NBFC),Financial Services,Finance,Non Banking Financial Company (NBFC),CLASSIFIED,,,,0
INE067A01029,CGPOWER,CG Power and Industrial Solutions Limited,EQ,500093,Industrials,Heavy Electrical Equipment,Capital Goods,Electrical Equipment,Heavy Electrical Equipment,CLASSIFIED,,,,0
INE084D01010,CGVAK,CG Vak Software & Exports Limited,EQ,531489,Information Technology,Computers - Software & Consulting,Information Technology,IT - Software,Computers - Software & Consulting,CLASSIFIED,,,,0
INE427F01016,CHALET,Chalet Hotels Limited,EQ,542399,Consumer Discretionary,Hotels & Resorts,Consumer Services,Leisure Services,Hotels & Resorts,CLASSIFIED,,,,0
INE085A01013,CHAMBLFERT,Chambal Fertilizers & Chemicals Limited,EQ,500085,Commodities,Fertilizers,Chemicals,Fertilizers & Agrochemicals,Fertilizers,CLASSIFIED,,,,0
INE995D01025,CHEMBOND,Chembond Material Technologies Limited,EQ,530871,Commodities,Specialty Chemicals,Chemicals,Chemicals & Petrochemicals,Specialty Chemicals,CLASSIFIED,,,,0
INE0TGX01019,CHEMBONDCH,Chembond Chemicals Limited,BE,544450,Commodities,Specialty Chemicals,Chemicals,Chemicals & Petrochemicals,Specialty Chemicals,CLASSIFIED,,,,0
INE03YM01018,CHEMCON,Chemcon Speciality Chemicals Limited,BE,543233,Commodities,Specialty Chemicals,Chemicals,Chemicals & Petrochemicals,Specialty Chemicals,CLASSIFIED,,,,0
INE298W01016,CHEMCRUX,Chemcrux Enterprises Limited,EQ,540395,Commodities,Specialty Chemicals,Chemicals,Chemicals & Petrochemicals,Specialty Chemicals,CLASSIFIED,,,,0
INE783X01023,CHEMFAB,Chemfab Alkalis Limited,EQ,541269,Commodities,Commodity Chemicals,Chemicals,Chemicals & Petrochemicals,Commodity Chemicals,CLASSIFIED,,,,0
INE488A01050,CHEMPLASTS,Chemplast Sanmar Limited,EQ,543336,Commodities,Specialty Chemicals,Chemicals,Chemicals & Petrochemicals,Specialty Chemicals,CLASSIFIED,,,,0
INE178A01016,CHENNPETRO,Chennai Petroleum Corporation Limited,EQ,500110,Energy,Refineries & Marketing,"Oil, Gas & Consumable Fuels",Petroleum Products,Refineries & Marketing,CLASSIFIED,,,,0
INE974B01016,CHEVIOT,Cheviot Company Limited,EQ,526817,Commodities,Jute & Jute Products,Forest Materials,"Paper, Forest & Jute Products",Jute & Jute Products,CLASSIFIED,,,,0
INE102B01014,CHOICEIN,Choice International Limited,EQ,531358,Financial Services,Holding Company,Financial Services,Finance,Holding Company,CLASSIFIED,,,,0
INE121A01024,CHOLAFIN,Cholamandalam Investment and Finance Company Limited,EQ,511243,Financial Services,Non Banking Financial Company (NBFC),Financial Services,Finance,Non Banking Financial Company (NBFC),CLASSIFIED,,,,0
INE149A01033,CHOLAHLDNG,Cholamandalam Financial Holdings Limited,EQ,504973,Financial Services,Investment Company,Financial Services,Finance,Investment Company,CLASSIFIED,,,,0
INE536H01010,CIEINDIA,CIE Automotive India Limited,EQ,532756,Consumer Discretionary,Auto Components & Equipments,Automobile and Auto Components,Auto Components,Auto Components & Equipments,CLASSIFIED,,,,0
INE345H01024,CIFL,Capital India Finance Limited,EQ,530879,Financial Services,Non Banking Financial Company (NBFC),Financial Services,Finance,Non Banking Financial Company (NBFC),CLASSIFIED,,,,0
INE704H01022,CINELINE,Cineline India Limited,EQ,532807,Consumer Discretionary,"Film Production, Distribution & Exhibition","Media, Entertainment & Publication",Entertainment,"Film Production, Distribution & Exhibition",CLASSIFIED,,,,0
INE039B01026,CINEVISTA,Cinevista Limited,EQ,532324,Consumer Discretionary,"Residential, Commercial Projects",Realty,Realty,"Residential, Commercial Projects",CLASSIFIED,,,,0
INE059A01026,CIPLA,Cipla Limited,EQ,500087,Healthcare,Pharmaceuticals,Healthcare,Pharmaceuticals & Biotechnology,Pharmaceuticals,CLASSIFIED,,,,0
INE376C01038,CLCIND,CLC Industries Limited,BE,521082,Consumer Discretionary,Other Textile Products,Textiles,Textiles & Apparels,Other Textile Products,CLASSIFIED,,,,0
INE227W01023,CLEAN,Clean Science and Technology Limited,EQ,543318,Commodities,Specialty Chemicals,Chemicals,Chemicals & Petrochemicals,Specialty Chemicals,CLASSIFIED,,,,0
INE647U01026,CLEANMAX,Clean Max Enviro Energy Solutions Limited,EQ,544717,Utilities,Power Generation,Power,Power,Power Generation,CLASSIFIED,,,,0
INE201M01029,CLEDUCATE,CL Educate Limited,BE,540403,Consumer Discretionary,Education,Consumer Services,Other Consumer Services,Education,CLASSIFIED,,,,0
INE419D01026,CLSEL,Chaman Lal Setia Exports Limited,EQ,530307,Fast Moving Consumer Goods,Other Agricultural Products,Fast Moving Consumer Goods,Agricultural Food & other Products,Other Agricultural Products,CLASSIFIED,,,,0
INE11XY01018,CMLL,Caliber Mining and Logistics Limited,EQ,544833,Energy,Coal,"Oil, Gas & Consumable Fuels",Consumable Fuels,Coal,CLASSIFIED,,,,0
INE05HV01027,CMPDI,Central Mine Planning & Design Institute Limited,EQ,544739,Services,Consulting Services,Services,Commercial Services & Supplies,Consulting Services,CLASSIFIED,,,,0
INE00WV01027,CMRGREEN,CMR Green Technologies Limited,EQ,544777,Industrials,"Aluminium, Copper & Zinc Products",Capital Goods,Industrial Products,"Aluminium, Copper & Zinc Products",CLASSIFIED,,,,0
INE925R01014,CMSINFO,CMS Info Systems Limited,EQ,543441,Services,Diversified Commercial Services,Services,Commercial Services & Supplies,Diversified Commercial Services,CLASSIFIED,,,,0
INE985W01018,CNL,Creative Newtech Limited,EQ,544631,Services,Trading & Distributors,Services,Commercial Services & Supplies,Trading & Distributors,CLASSIFIED,,,,0
INE522F01014,COALINDIA,Coal India Limited,EQ,533278,Energy,Coal,"Oil, Gas & Consumable Fuels",Consumable Fuels,Coal,CLASSIFIED,,,,0
INE377E01024,COASTCORP,Coastal Corporation Limited,EQ,501831,Fast Moving Consumer Goods,Seafood,Fast Moving Consumer Goods,Food Products,Seafood,CLASSIFIED,,,,0
INE704P01025,COCHINSHIP,Cochin Shipyard Limited,EQ,540678,Industrials,Ship Building & Allied Services,Capital Goods,Industrial Manufacturing,Ship Building & Allied Services,CLASSIFIED,,,,0
INE515A01019,COCKERILL,John Cockerill India Limited,EQ,500147,Industrials,Industrial Products,Capital Goods,Industrial Manufacturing,Industrial Products,CLASSIFIED,,,,0
INE335K01011,COFFEEDAY,Coffee Day Enterprises Limited,BE,539436,Consumer Discretionary,Restaurants,Consumer Services,Leisure Services,Restaurants,CLASSIFIED,,,,0
INE591G01025,COFORGE,Coforge Limited,EQ,532541,Information Technology,Computers - Software & Consulting,Information Technology,IT - Software,Computers - Software & Consulting,CLASSIFIED,,,,0
INE03QK01018,COHANCE,Cohance Lifesciences Limited,EQ,543064,Healthcare,Pharmaceuticals,Healthcare,Pharmaceuticals & Biotechnology,Pharmaceuticals,CLASSIFIED,,,,0
INE259A01022,COLPAL,Colgate Palmolive (India) Limited,EQ,500830,Fast Moving Consumer Goods,Personal Care,Fast Moving Consumer Goods,Personal Products,Personal Care,CLASSIFIED,,,,0
INE819A01049,COMFINTE,Comfort Intech Limited,EQ,531216,Fast Moving Consumer Goods,Breweries & Distilleries,Fast Moving Consumer Goods,Beverages,Breweries & Distilleries,CLASSIFIED,,,,0
INE823B01015,COMPEAU,Competent Automobiles Company Limited,EQ,531041,Consumer Discretionary,Auto -Dealer,Automobile and Auto Components,Automobiles,Auto -Dealer,CLASSIFIED,,,,0
INE070C01037,COMPINFO,Compuage Infocom Limited,BZ,532456,Information Technology,Computers Hardware & Equipments,Information Technology,IT - Hardware,Computers Hardware & Equipments,CLASSIFIED,,,,0
INE453B01029,COMPUSOFT,Compucom Software Limited,EQ,532339,Consumer Discretionary,Education,Consumer Services,Other Consumer Services,Education,CLASSIFIED,,,,0
INE073V01015,COMSYN,Commercial Syn Bags Limited,EQ,539986,Industrials,Packaging,Capital Goods,Industrial Products,Packaging,CLASSIFIED,,,,0
INE111A01025,CONCOR,Container Corporation of India Limited,EQ,531344,Services,Logistics Solution Provider,Services,Transport Services,Logistics Solution Provider,CLASSIFIED,,,,0
INE338H01029,CONCORDBIO,Concord Biotech Limited,EQ,543960,Healthcare,Pharmaceuticals,Healthcare,Pharmaceuticals & Biotechnology,Pharmaceuticals,CLASSIFIED,,,,0
INE552D01024,CONFIPET,Confidence Petroleum India Limited,EQ,526829,Energy,LPG/CNG/PNG/LNG Supplier,"Oil, Gas & Consumable Fuels",Gas,LPG/CNG/PNG/LNG Supplier,CLASSIFIED,,,,0
INE025A01027,CONSOFINVT,Consolidated Finvest & Holdings Limited,BE,,,,,,,BSE_RETRY,,No BSE code found for ISIN,2026-09-07T12:51:15Z,1
INE663B01015,CONTROLPR,Control Print Limited,EQ,522295,Information Technology,Computers Hardware & Equipments,Information Technology,IT - Hardware,Computers Hardware & Equipments,CLASSIFIED,,,,0
INE558D01021,CORALFINAC,Coral India Finance & Housing Limited,EQ,531556,Services,Diversified Commercial Services,Services,Commercial Services & Supplies,Diversified Commercial Services,CLASSIFIED,,,,0
INE0LZF01013,CORDELIA,Waterways Leisure Tourism Limited,EQ,544802,Consumer Discretionary,"Tour, Travel Related Services",Consumer Services,Leisure Services,"Tour, Travel Related Services",CLASSIFIED,,,,0
INE792I01017,CORDSCABLE,Cords Cable Industries Limited,BE,532941,Industrials,Cables - Electricals,Capital Goods,Industrial Products,Cables - Electricals,CLASSIFIED,,,,0
INE169A01031,COROMANDEL,Coromandel International Limited,EQ,506395,Commodities,Fertilizers,Chemicals,Fertilizers & Agrochemicals,Fertilizers,CLASSIFIED,,,,0
INE02ZQ01018,CORONA,CORONA Remedies Limited,EQ,544644,Healthcare,Pharmaceuticals,Healthcare,Pharmaceuticals & Biotechnology,Pharmaceuticals,CLASSIFIED,,,,0
INE757A01017,COSMOFIRST,COSMO FIRST LIMITED,EQ,508814,Industrials,Packaging,Capital Goods,Industrial Products,Packaging,CLASSIFIED,,,,0
INE695B01025,COUNCODOS,Country Condo's Limited,BE,531624,Consumer Discretionary,"Residential, Commercial Projects",Realty,Realty,"Residential, Commercial Projects",CLASSIFIED,,,,0
INE521J01018,CPCAP,CP Capital Limited,EQ,533260,Financial Services,Non Banking Financial Company (NBFC),Financial Services,Finance,Non Banking Financial Company (NBFC),CLASSIFIED,,,,0
INE0P6P01016,CPEDU,Career Point Edutech Limited,EQ,544499,Consumer Discretionary,Education,Consumer Services,Other Consumer Services,Education,CLASSIFIED,,,,0
INE536P01021,CPL,Captain Polyplast Limited,EQ,536974,Industrials,Plastic Products - Industrial,Capital Goods,Industrial Products,Plastic Products - Industrial,CLASSIFIED,,,,0
INE819V01029,CPPLUS,Aditya Infotech Limited,EQ,544466,Industrials,Industrial Products,Capital Goods,Industrial Manufacturing,Industrial Products,CLASSIFIED,,,,0
INE00LO01017,CRAFTSMAN,Craftsman Automation Limited,EQ,543276,Consumer Discretionary,Auto Components & Equipments,Automobile and Auto Components,Auto Components,Auto Components & Equipments,CLASSIFIED,,,,0
INE218I01013,CRAMC,Canara Robeco Asset Management Company Limited,EQ,544580,Financial Services,Asset Management Company,Financial Services,Capital Markets,Asset Management Company,CLASSIFIED,,,,0
INE145E01017,CRAVATEX,Cravatex Limited,EQ,509472,Services,Trading & Distributors,Services,Commercial Services & Supplies,Trading & Distributors,CLASSIFIED,,,,0
INE230B01021,CREATIVEYE,Creative Eye Limited,EQ,532392,Consumer Discretionary,Media & Entertainment,"Media, Entertainment & Publication",Entertainment,Media & Entertainment,CLASSIFIED,,,,0
INE741K01010,CREDITACC,CREDITACCESS GRAMEEN LIMITED,EQ,541770,Financial Services,Microfinance Institutions,Financial Services,Finance,Microfinance Institutions,CLASSIFIED,,,,0
INE559D01011,CREST,Crest Ventures Limited,EQ,511413,Financial Services,Non Banking Financial Company (NBFC),Financial Services,Finance,Non Banking Financial Company (NBFC),CLASSIFIED,,,,0
INE007A01025,CRISIL,Crisil Limited,EQ,500092,Financial Services,Other Financial Services,Financial Services,Finance,Other Financial Services,CLASSIFIED,,,,0
INE0S4R01014,CRIZAC,Crizac Limited,EQ,544439,Consumer Discretionary,Internet & Catalogue Retail,Consumer Services,Retailing,Internet & Catalogue Retail,CLASSIFIED,,,,0
INE299U01018,CROMPTON,Crompton Greaves Consumer Electricals Limited,EQ,539876,Consumer Discretionary,Household Appliances,Consumer Durables,Consumer Durables,Household Appliances,CLASSIFIED,,,,0
INE491V01019,CROWN,Crown Lifters Limited,EQ,,,,,,,BSE_RETRY,,No BSE code found for ISIN,2026-09-07T12:51:15Z,1
INE716D01033,CRSL,Cressanda Railway Solutions Limited,EQ,512379,Information Technology,IT Enabled Services,Information Technology,IT - Services,IT Enabled Services,CLASSIFIED,,,,0
INE679A01013,CSBBANK,CSB Bank Limited,EQ,542867,Financial Services,Private Sector Bank,Financial Services,Banks,Private Sector Bank,CLASSIFIED,,,,0
INE718F01018,CSLFINANCE,CSL Finance Limited,EQ,530067,Financial Services,Non Banking Financial Company (NBFC),Financial Services,Finance,Non Banking Financial Company (NBFC),CLASSIFIED,,,,0
INE0ZK601013,CSM,CSM Technologies Limited,EQ,544806,Information Technology,Computers - Software & Consulting,Information Technology,IT - Software,Computers - Software & Consulting,CLASSIFIED,,,,0
INE627H01017,CTE,Cambridge Technology Enterprises Limited,EQ,532801,Information Technology,Computers - Software & Consulting,Information Technology,IT - Software,Computers - Software & Consulting,CLASSIFIED,,,,0
INE491A01021,CUB,City Union Bank Limited,EQ,532210,Financial Services,Private Sector Bank,Financial Services,Banks,Private Sector Bank,CLASSIFIED,,,,0
INE144D01012,CUBEXTUB,Cubex Tubings Limited,EQ,526027,Industrials,"Aluminium, Copper & Zinc Products",Capital Goods,Industrial Products,"Aluminium, Copper & Zinc Products",CLASSIFIED,,,,0
INE298A01020,CUMMINSIND,Cummins India Limited,EQ,500480,Industrials,"Compressors, Pumps & Diesel Engines",Capital Goods,Industrial Products,"Compressors, Pumps & Diesel Engines",CLASSIFIED,,,,0
INE509F01029,CUPID,Cupid Limited,EQ,530843,Fast Moving Consumer Goods,Personal Care,Fast Moving Consumer Goods,Personal Products,Personal Care,CLASSIFIED,,,,0
INE117B01020,CURAA,Cura Technologies Limited,EQ,532332,Information Technology,Computers - Software & Consulting,Information Technology,IT - Software,Computers - Software & Consulting,CLASSIFIED,,,,0
INE278G01037,CYBERMEDIA,Cyber Media (India) Limited,EQ,532640,Consumer Discretionary,Electronic Media,"Media, Entertainment & Publication",Media,Electronic Media,CLASSIFIED,,,,0
INE214A01019,CYBERTECH,Cybertech Systems And Software Limited,BE,532173,Information Technology,Computers - Software & Consulting,Information Technology,IT - Software,Computers - Software & Consulting,CLASSIFIED,,,,0
INE136B01020,CYIENT,Cyient Limited,EQ,532175,Information Technology,IT Enabled Services,Information Technology,IT - Services,IT Enabled Services,CLASSIFIED,,,,0
INE055S01018,CYIENTDLM,Cyient DLM Limited,EQ,543933,Industrials,Aerospace & Defense,Capital Goods,Aerospace & Defense,Aerospace & Defense,CLASSIFIED,,,,0
INE016A01026,DABUR,Dabur India Limited,EQ,500096,Fast Moving Consumer Goods,Personal Care,Fast Moving Consumer Goods,Personal Products,Personal Care,CLASSIFIED,,,,0
INE928C01010,DAICHI,Dai-Ichi Karkaria Limited,EQ,526821,Commodities,Specialty Chemicals,Chemicals,Chemicals & Petrochemicals,Specialty Chemicals,CLASSIFIED,,,,0
INE00R701025,DALBHARAT,Dalmia Bharat Limited,EQ,542216,Commodities,Cement & Cement Products,Construction Materials,Cement & Cement Products,Cement & Cement Products,CLASSIFIED,,,,0
INE495A01022,DALMIASUG,Dalmia Bharat Sugar and Industries Limited,EQ,500097,Fast Moving Consumer Goods,Sugar,Fast Moving Consumer Goods,Agricultural Food & other Products,Sugar,CLASSIFIED,,,,0
INE284H01025,DAMCAPITAL,Dam Capital Advisors Limited,EQ,544316,Financial Services,Stockbroking & Allied,Financial Services,Capital Markets,Stockbroking & Allied,CLASSIFIED,,,,0
INE497D01022,DAMODARIND,Damodar Industries Limited,BE,521220,Consumer Discretionary,Other Textile Products,Textiles,Textiles & Apparels,Other Textile Products,CLASSIFIED,,,,0
INE688Y01022,DANGEE,Dangee Dums Limited,EQ,,,,,,,BSE_RETRY,,No BSE code found for ISIN,2026-09-07T12:51:15Z,1
INE365B01017,DATAMATICS,Datamatics Global Services Limited,EQ,532528,Information Technology,IT Enabled Services,Information Technology,IT - Services,IT Enabled Services,CLASSIFIED,,,,0
INE0IX101010,DATAPATTNS,Data Patterns (India) Limited,EQ,543428,Industrials,Aerospace & Defense,Capital Goods,Aerospace & Defense,Aerospace & Defense,CLASSIFIED,,,,0
INE179G01029,DAVANGERE,Davangere Sugar Company Limited,EQ,543267,Fast Moving Consumer Goods,Diversified FMCG,Fast Moving Consumer Goods,Diversified FMCG,Diversified FMCG,CLASSIFIED,,,,0
INE950I01011,DBCORP,D.B.Corp Limited,EQ,533151,Consumer Discretionary,Print Media,"Media, Entertainment & Publication",Media,Print Media,CLASSIFIED,,,,0
INE0OPA01027,DBEIL,Deepak Builders & Engineers India Limited,BE,544276,Industrials,Civil Construction,Construction,Construction,Civil Construction,CLASSIFIED,,,,0
INE917M01012,DBL,Dilip Buildcon Limited,EQ,540047,Industrials,Civil Construction,Construction,Construction,Civil Construction,CLASSIFIED,,,,0
INE0I3401014,DBOL,Dhampur Bio Organics Limited,EQ,543593,Fast Moving Consumer Goods,Sugar,Fast Moving Consumer Goods,Agricultural Food & other Products,Sugar,CLASSIFIED,,,,0
INE879I01012,DBREALTY,Valor Estate Limited,EQ,533160,Consumer Discretionary,"Residential, Commercial Projects",Realty,Realty,"Residential, Commercial Projects",CLASSIFIED,,,,0
INE921B01025,DBSTOCKBRO,DB (International) Stock Brokers Limited,BE,530393,Financial Services,Stockbroking & Allied,Financial Services,Capital Markets,Stockbroking & Allied,CLASSIFIED,,,,0
INE385W01011,DCAL,Dishman Carbogen Amcis Limited,EQ,540701,Healthcare,Pharmaceuticals,Healthcare,Pharmaceuticals & Biotechnology,Pharmaceuticals,CLASSIFIED,,,,0
INE503A01015,DCBBANK,DCB Bank Limited,EQ,532772,Financial Services,Private Sector Bank,Financial Services,Banks,Private Sector Bank,CLASSIFIED,,,,0
INE0A1101019,DCI,Dc Infotech And Communication Limited,EQ,543636,Information Technology,Computers Hardware & Equipments,Information Technology,IT - Hardware,Computers Hardware & Equipments,CLASSIFIED,,,,0
INE498A01018,DCM,DCM  Limited,BE,502820,Information Technology,IT Enabled Services,Information Technology,IT - Services,IT Enabled Services,CLASSIFIED,,,,0
INE891B01012,DCMFINSERV,DCM Financial Services Limited,EQ,511611,Financial Services,Investment Company,Financial Services,Finance,Investment Company,CLASSIFIED,,,,0
INE08KP01019,DCMNVL,DCM Nouvelle Limited,EQ,542729,Consumer Discretionary,Other Textile Products,Textiles,Textiles & Apparels,Other Textile Products,CLASSIFIED,,,,0
INE499A01024,DCMSHRIRAM,DCM Shriram Limited,EQ,523367,Diversified,Diversified,Diversified,Diversified,Diversified,CLASSIFIED,,,,0
INE0OU201013,DCMSIL,DCM Shriram International Limited,EQ,544702,Consumer Discretionary,Other Textile Products,Textiles,Textiles & Apparels,Other Textile Products,CLASSIFIED,,,,0
INE843D01027,DCMSRIND,DCM Shriram Industries Limited,EQ,523369,Fast Moving Consumer Goods,Sugar,Fast Moving Consumer Goods,Agricultural Food & other Products,Sugar,CLASSIFIED,,,,0
INE500A01029,DCW,DCW Limited,EQ,500117,Commodities,Petrochemicals,Chemicals,Chemicals & Petrochemicals,Petrochemicals,CLASSIFIED,,,,0
INE0KL801015,DCXINDIA,DCX Systems Limited,EQ,543650,Industrials,Aerospace & Defense,Capital Goods,Aerospace & Defense,Aerospace & Defense,CLASSIFIED,,,,0
INE0HR601026,DDEVPLSTIK,Ddev Plastiks Industries Limited,EQ,543547,Commodities,Specialty Chemicals,Chemicals,Chemicals & Petrochemicals,Specialty Chemicals,CLASSIFIED,,,,0
INE583C01021,DECCANCE,Deccan Cements Limited,EQ,502137,Commodities,Cement & Cement Products,Construction Materials,Cement & Cement Products,Cement & Cement Products,CLASSIFIED,,,,0
INE945F01025,DECNGOLD,Deccan Gold Mines Limited,EQ,512068,Commodities,Precious Metals,Metals & Mining,Non - Ferrous Metals,Precious Metals,CLASSIFIED,,,,0
INE841L01016,DEEDEV,DEE Development Engineers Limited,EQ,544198,Industrials,Industrial Products,Capital Goods,Industrial Manufacturing,Industrial Products,CLASSIFIED,,,,0
INE00IY01012,DEEP,Deep Polymers Limited,EQ,541778,Commodities,Specialty Chemicals,Chemicals,Chemicals & Petrochemicals,Specialty Chemicals,CLASSIFIED,,,,0
INE501A01019,DEEPAKFERT,Deepak Fertilizers and Petrochemicals Corporation Limited,EQ,500645,Commodities,Commodity Chemicals,Chemicals,Chemicals & Petrochemicals,Commodity Chemicals,CLASSIFIED,,,,0
INE288B01029,DEEPAKNTR,Deepak Nitrite Limited,EQ,506401,Commodities,Specialty Chemicals,Chemicals,Chemicals & Petrochemicals,Specialty Chemicals,CLASSIFIED,,,,0
INE0FHS01024,DEEPINDS,Deep Industries Limited,EQ,543288,Energy,Oil Equipment & Services,"Oil, Gas & Consumable Fuels",Oil,Oil Equipment & Services,CLASSIFIED,,,,0
INE148O01028,DELHIVERY,Delhivery Limited,EQ,543529,Services,Logistics Solution Provider,Services,Transport Services,Logistics Solution Provider,CLASSIFIED,,,,0
INE726L01027,DELPHIFX,DELPHI WORLD MONEY LIMITED,BE,533452,Financial Services,Other Financial Services,Financial Services,Finance,Other Financial Services,CLASSIFIED,,,,0
INE124G01033,DELTACORP,Delta Corp Limited,EQ,532848,Consumer Discretionary,Amusement Parks/ Other Recreation,Consumer Services,Leisure Services,Amusement Parks/ Other Recreation,CLASSIFIED,,,,0
INE393A01011,DELTAMAGNT,Delta Manufacturing Limited,EQ,504286,Industrials,Other Industrial Products,Capital Goods,Industrial Products,Other Industrial Products,CLASSIFIED,,,,0
INE947J01015,DEN,Den Networks Limited,EQ,533137,Consumer Discretionary,TV Broadcasting & Software Production,"Media, Entertainment & Publication",Entertainment,TV Broadcasting & Software Production,CLASSIFIED,,,,0
INE244A01016,DENORA,De Nora India Limited,EQ,590031,Industrials,Electrodes & Refractories,Capital Goods,Industrial Products,Electrodes & Refractories,CLASSIFIED,,,,0
INE0R4L01018,DENTA,Denta Water and Infra Solutions Limited,EQ,544345,Utilities,Water Supply & Management,Utilities,Other Utilities,Water Supply & Management,CLASSIFIED,,,,0
INE060X01034,DEVIT,Dev Information Technology Limited,EQ,543462,Information Technology,IT Enabled Services,Information Technology,IT - Services,IT Enabled Services,CLASSIFIED,,,,0
INE0VOV01021,DEVX,Dev Accelerator Limited,EQ,544513,Services,Diversified Commercial Services,Services,Commercial Services & Supplies,Diversified Commercial Services,CLASSIFIED,,,,0
INE872J01023,DEVYANI,Devyani International Limited,EQ,543330,Consumer Discretionary,Restaurants,Consumer Services,Leisure Services,Restaurants,CLASSIFIED,,,,0
INE03JI01017,DGCONTENT,Digicontent Limited,EQ,542685,Consumer Discretionary,Advertising & Media Agencies,"Media, Entertainment & Publication",Media,Advertising & Media Agencies,CLASSIFIED,,,,0
INE260R01016,DHABRIYA,Dhabriya Polywood Limited,EQ,538715,Industrials,Plastic Products - Industrial,Capital Goods,Industrial Products,Plastic Products - Industrial,CLASSIFIED,,,,0
INE041A01016,DHAMPURSUG,Dhampur Sugar Mills Limited,EQ,500119,Fast Moving Consumer Goods,Sugar,Fast Moving Consumer Goods,Agricultural Food & other Products,Sugar,CLASSIFIED,,,,0
INE680A01011,DHANBANK,Dhanlaxmi Bank Limited,EQ,532180,Financial Services,Private Sector Bank,Financial Services,Banks,Private Sector Bank,CLASSIFIED,,,,0
INE435G01025,DHANUKA,Dhanuka Agritech Limited,EQ,507717,Commodities,Pesticides & Agrochemicals,Chemicals,Fertilizers & Agrochemicals,Pesticides & Agrochemicals,CLASSIFIED,,,,0
INE278R01034,DHARAN,DHARAN INFRA-EPC LIMITED,BZ,541161,Consumer Discretionary,"Residential, Commercial Projects",Realty,Realty,"Residential, Commercial Projects",CLASSIFIED,,,,0
INE00OQ01016,DHARMAJ,Dharmaj Crop Guard Limited,EQ,543687,Commodities,Pesticides & Agrochemicals,Chemicals,Fertilizers & Agrochemicals,Pesticides & Agrochemicals,CLASSIFIED,,,,0
INE715T01031,DHATRE,Dhatre Udyog Limited,EQ,540080,Industrials,Iron & Steel Products,Capital Goods,Industrial Products,Iron & Steel Products,CLASSIFIED,,,,0
INE01NH01023,DHOOTTRANS,Dhoot Transmission Limited,EQ,544867,Consumer Discretionary,Auto Components & Equipments,Automobile and Auto Components,Auto Components,Auto Components & Equipments,CLASSIFIED,,,,0
INE506Z01015,DHRUV,Dhruv Consultancy Services Limited,EQ,541302,Services,Consulting Services,Services,Commercial Services & Supplies,Consulting Services,CLASSIFIED,,,,0
INE320L01011,DHUNINV,Dhunseri Investments Limited,EQ,533336,Financial Services,Non Banking Financial Company (NBFC),Financial Services,Finance,Non Banking Financial Company (NBFC),CLASSIFIED,,,,0
INE989C01038,DIACABS,Diamond Power Infrastructure Limited,BE,522163,Industrials,Other Electrical Equipment,Capital Goods,Electrical Equipment,Other Electrical Equipment,CLASSIFIED,,,,0
INE591D01014,DIAMINESQ,Diamines & Chemicals Limited,EQ,500120,Commodities,Specialty Chemicals,Chemicals,Chemicals & Petrochemicals,Specialty Chemicals,CLASSIFIED,,,,0
INE393P01035,DIAMONDYD,Prataap Snacks Limited,EQ,540724,Fast Moving Consumer Goods,Packaged Foods,Fast Moving Consumer Goods,Food Products,Packaged Foods,CLASSIFIED,,,,0
INE303A01010,DICIND,DIC India Limited,EQ,500089,Commodities,Printing Inks,Chemicals,Chemicals & Petrochemicals,Printing Inks,CLASSIFIED,,,,0
INE184O01015,DIFFNKG,Diffusion Engineers Limited,EQ,544264,Industrials,Other Industrial Products,Capital Goods,Industrial Products,Other Industrial Products,CLASSIFIED,,,,0
INE0PSC01024,DIGIDRIVE,Digidrive Distributors Limited,EQ,544079,Consumer Discretionary,E-Retail/ E-Commerce,Consumer Services,Retailing,E-Retail/ E-Commerce,CLASSIFIED,,,,0
INE927C01020,DIGISPICE,DiGiSPICE Technologies Limited,EQ,517214,Information Technology,IT Enabled Services,Information Technology,IT - Services,IT Enabled Services,CLASSIFIED,,,,0
INE0U4701011,DIGITIDE,Digitide Solutions Limited,EQ,544413,Information Technology,IT Enabled Services,Information Technology,IT - Services,IT Enabled Services,CLASSIFIED,,,,0
INE731U01028,DIGJAMLMTD,Digjam Limited,EQ,539979,Consumer Discretionary,Other Textile Products,Textiles,Textiles & Apparels,Other Textile Products,CLASSIFIED,,,,0
INE131C01011,DISAQ,Disa India Limited,EQ,500068,Industrials,Industrial Products,Capital Goods,Industrial Manufacturing,Industrial Products,CLASSIFIED,,,,0
INE836F01026,DISHTV,Dish TV India Limited,EQ,532839,Consumer Discretionary,TV Broadcasting & Software Production,"Media, Entertainment & Publication",Entertainment,TV Broadcasting & Software Production,CLASSIFIED,,,,0
INE753U01022,DIVGIITTS,Divgi Torqtransfer Systems Limited,EQ,543812,Consumer Discretionary,Auto Components & Equipments,Automobile and Auto Components,Auto Components,Auto Components & Equipments,CLASSIFIED,,,,0
INE361B01024,DIVISLAB,Divi's Laboratories Limited,EQ,532488,Healthcare,Pharmaceuticals,Healthcare,Pharmaceuticals & Biotechnology,Pharmaceuticals,CLASSIFIED,,,,0
INE935N01020,DIXON,Dixon Technologies (India) Limited,EQ,540699,Consumer Discretionary,Consumer Electronics,Consumer Durables,Consumer Durables,Consumer Electronics,CLASSIFIED,,,,0
INE0B1K01014,DJML,DJ Mediaprint & Logistics Limited,EQ,543193,Services,Logistics Solution Provider,Services,Transport Services,Logistics Solution Provider,CLASSIFIED,,,,0
INE271C01023,DLF,DLF Limited,EQ,532868,Consumer Discretionary,"Residential, Commercial Projects",Realty,Realty,"Residential, Commercial Projects",CLASSIFIED,,,,0
INE250K01012,DLINKINDIA,D-Link (India) Limited,EQ,533146,Information Technology,Computers Hardware & Equipments,Information Technology,IT - Hardware,Computers Hardware & Equipments,CLASSIFIED,,,,0
INE192R01011,DMART,Avenue Supermarts Limited,EQ,540376,Consumer Discretionary,Diversified Retail,Consumer Services,Retailing,Diversified Retail,CLASSIFIED,,,,0
INE505A01010,DMCC,DMCC SPECIALITY CHEMICALS LIMITED,EQ,506405,Commodities,Specialty Chemicals,Chemicals,Chemicals & Petrochemicals,Specialty Chemicals,CLASSIFIED,,,,0
INE016M01021,DNAMEDIA,Diligent Media Corporation Limited,EQ,540789,Consumer Discretionary,Electronic Media,"Media, Entertainment & Publication",Media,Electronic Media,CLASSIFIED,,,,0
INE021O01019,DODLA,Dodla Dairy Limited,EQ,543306,Fast Moving Consumer Goods,Dairy Products,Fast Moving Consumer Goods,Food Products,Dairy Products,CLASSIFIED,,,,0
INE966A01022,DOLATALGO,Dolat Algotech Limited,EQ,505526,Financial Services,Stockbroking & Allied,Financial Services,Capital Markets,Stockbroking & Allied,CLASSIFIED,,,,0
INE325C01035,DOLLAR,Dollar Industries Limited,EQ,541403,Consumer Discretionary,Garments & Apparels,Textiles,Textiles & Apparels,Garments & Apparels,CLASSIFIED,,,,0
INE920A01037,DOLPHIN,Dolphin Offshore Enterprises (India) Limited,EQ,522261,Energy,Offshore Support Solution Drilling,"Oil, Gas & Consumable Fuels",Oil,Offshore Support Solution Drilling,CLASSIFIED,,,,0
INE321T01012,DOMS,DOMS Industries Limited,EQ,544045,Fast Moving Consumer Goods,Stationary,Fast Moving Consumer Goods,Household Products,Stationary,CLASSIFIED,,,,0
INE668D01028,DONEAR,Donear Industries Limited,EQ,512519,Consumer Discretionary,Other Textile Products,Textiles,Textiles & Apparels,Other Textile Products,CLASSIFIED,,,,0
INE266Y01019,DPABHUSHAN,D. P. Abhushan Limited,EQ,544161,Consumer Discretionary,"Gems, Jewellery And Watches",Consumer Durables,Consumer Durables,"Gems, Jewellery And Watches",CLASSIFIED,,,,0
INE360C01024,DPSCLTD,DPSC Limited,BE,,,,,,,BSE_RETRY,,No BSE code found for ISIN,2026-09-07T12:51:15Z,1
INE864X01013,DPWIRES,D P Wires Limited,BE,543962,Industrials,Iron & Steel Products,Capital Goods,Industrial Products,Iron & Steel Products,CLASSIFIED,,,,0
INE934C01018,DRAGARWQ,Dr Agarwals Eye Hospital Limited,EQ,526783,Healthcare,Hospital,Healthcare,Healthcare Services,Hospital,CLASSIFIED,,,,0
INE03RS01027,DRCSYSTEMS,DRC Systems India Limited,EQ,543268,Information Technology,Computers - Software & Consulting,Information Technology,IT - Software,Computers - Software & Consulting,CLASSIFIED,,,,0
INE0JS101016,DREAMFOLKS,Dreamfolks Services Limited,EQ,543591,Services,Airport & Airport services,Services,Transport Infrastructure,Airport & Airport services,CLASSIFIED,,,,0
INE506A01018,DREDGECORP,Dredging Corporation of India Limited,EQ,523618,Services,Dredging,Services,Engineering Services,Dredging,CLASSIFIED,,,,0
INE089A01031,DRREDDY,Dr. Reddy's Laboratories Limited,EQ,500124,Healthcare,Pharmaceuticals,Healthcare,Pharmaceuticals & Biotechnology,Pharmaceuticals,CLASSIFIED,,,,0
INE0OFM01015,DSFCL,DCM Shriram Fine Chemicals Limited,BE,544703,Commodities,Specialty Chemicals,Chemicals,Chemicals & Petrochemicals,Specialty Chemicals,CLASSIFIED,,,,0
INE891A01022,DSKULKARNI,DS Kulkarni Developers Limited,BE,523890,Consumer Discretionary,"Residential, Commercial Projects",Realty,Realty,"Residential, Commercial Projects",CLASSIFIED,,,,0
INE417B01040,DSSL,Dynacons Systems & Solutions Limited,EQ,532365,Information Technology,IT Enabled Services,Information Technology,IT - Services,IT Enabled Services,CLASSIFIED,,,,0
INE341R01014,DTIL,Dhunseri Tea & Industries Limited,EQ,538902,Fast Moving Consumer Goods,Tea & Coffee,Fast Moving Consumer Goods,Agricultural Food & other Products,Tea & Coffee,CLASSIFIED,,,,0
INE741L01018,DUCON,Ducon Infratechnologies Limited,EQ,534674,Industrials,Industrial Products,Capital Goods,Industrial Manufacturing,Industrial Products,CLASSIFIED,,,,0
INE477B01010,DVL,Dhunseri Ventures Limited,EQ,523736,Industrials,Packaging,Capital Goods,Industrial Products,Packaging,CLASSIFIED,,,,0
INE366A01041,DWARKESH,Dwarikesh Sugar Industries Limited,EQ,532610,Fast Moving Consumer Goods,Sugar,Fast Moving Consumer Goods,Agricultural Food & other Products,Sugar,CLASSIFIED,,,,0
INE600Y01019,DYCL,Dynamic Cables Limited,EQ,540795,Industrials,Cables - Electricals,Capital Goods,Industrial Products,Cables - Electricals,CLASSIFIED,,,,0
INE221B01012,DYNAMATECH,Dynamatic Technologies Limited,EQ,505242,Industrials,Industrial Products,Capital Goods,Industrial Manufacturing,Industrial Products,CLASSIFIED,,,,0
INE256H01015,DYNPRO,Dynemic Products Limited,EQ,532707,Commodities,Specialty Chemicals,Chemicals,Chemicals & Petrochemicals,Specialty Chemicals,CLASSIFIED,,,,0
INE255Z01027,E2E,E2E Networks Limited,BE,544783,Information Technology,IT Enabled Services,Information Technology,IT - Services,IT Enabled Services,CLASSIFIED,,,,0
INE07O001026,EASEMYTRIP,Easy Trip Planners Limited,EQ,543272,Consumer Discretionary,"Tour, Travel Related Services",Consumer Services,Leisure Services,"Tour, Travel Related Services",CLASSIFIED,,,,0
INE962C01035,EASTSILK,Eastern Silk Industries Limited,BE,590022,Consumer Discretionary,Other Textile Products,Textiles,Textiles & Apparels,Other Textile Products,CLASSIFIED,,,,0
INE595R01023,EASTWEST,East West Freight Carriers Limited,EQ,540006,Services,Logistics Solution Provider,Services,Transport Services,Logistics Solution Provider,CLASSIFIED,,,,0
INE18JU01028,EBGNG,GNG Electronics Limited,EQ,544455,Information Technology,Computers Hardware & Equipments,Information Technology,IT - Hardware,Computers Hardware & Equipments,CLASSIFIED,,,,0
INE432F01032,EBIX,EBIX Limited,EQ,531035,Consumer Discretionary,Hotels & Resorts,Consumer Services,Leisure Services,Hotels & Resorts,CLASSIFIED,,,,0
INE738I01010,ECLERX,eClerx Services Limited,EQ,532927,Services,Business Process Outsourcing (BPO)/ Knowledge Process Outsourcing (KPO),Services,Commercial Services & Supplies,Business Process Outsourcing (BPO)/ Knowledge Process Outsourcing (KPO),CLASSIFIED,,,,0
INE316A01038,ECORECO,Eco Recycling Limited,EQ,530643,Utilities,Waste Management,Utilities,Other Utilities,Waste Management,CLASSIFIED,,,,0
INE06HJ01020,ECOSMOBLTY,Ecos (India) Mobility & Hospitality Limited,BE,544239,Services,Road Transport,Services,Transport Services,Road Transport,CLASSIFIED,,,,0
INE532F01054,EDELWEISS,Edelweiss Financial Services Limited,EQ,532922,Financial Services,Holding Company,Financial Services,Finance,Holding Company,CLASSIFIED,,,,0
INE886D01026,EFCIL,EFC (I) Limited,EQ,512008,Services,Diversified Commercial Services,Services,Commercial Services & Supplies,Diversified Commercial Services,CLASSIFIED,,,,0
INE066A01021,EICHERMOT,Eicher Motors Limited,EQ,505200,Consumer Discretionary,2/3 Wheelers,Automobile and Auto Components,Automobiles,2/3 Wheelers,CLASSIFIED,,,,0
INE126A01031,EIDPARRY,EID Parry India Limited,EQ,500125,Fast Moving Consumer Goods,Other Food Products,Fast Moving Consumer Goods,Food Products,Other Food Products,CLASSIFIED,,,,0
INE0LLY01014,EIEL,Enviro Infra Engineers Limited,EQ,544290,Utilities,Water Supply & Management,Utilities,Other Utilities,Water Supply & Management,CLASSIFIED,,,,0
INE546V01010,EIFFL,Euro India Fresh Foods Limited,BE,,,,,,,BSE_RETRY,,No BSE code found for ISIN,2026-09-07T12:51:15Z,1
INE276C01014,EIHAHOTELS,EIH Associated Hotels Limited,EQ,523127,Consumer Discretionary,Hotels & Resorts,Consumer Services,Leisure Services,Hotels & Resorts,CLASSIFIED,,,,0
INE230A01023,EIHOTEL,EIH Limited,EQ,500840,Consumer Discretionary,Hotels & Resorts,Consumer Services,Leisure Services,Hotels & Resorts,CLASSIFIED,,,,0
INE158B01016,EIMCOELECO,Eimco Elecon (India) Limited,EQ,523708,Industrials,Industrial Products,Capital Goods,Industrial Manufacturing,Industrial Products,CLASSIFIED,,,,0
INE184H01027,EKC,Everest Kanto Cylinder Limited,EQ,532684,Industrials,Industrial Products,Capital Goods,Industrial Manufacturing,Industrial Products,CLASSIFIED,,,,0
INE0CPR01018,EKI,EKI Energy Services Limited,EQ,543284,Services,Consulting Services,Services,Commercial Services & Supplies,Consulting Services,CLASSIFIED,,,,0
INE280B01018,ELANTAS,Elantas Beck India Limited,EQ,500123,Commodities,Specialty Chemicals,Chemicals,Chemicals & Petrochemicals,Specialty Chemicals,CLASSIFIED,,,,0
INE927X01018,ELCIDIN,EL CID Investments Limited,EQ,503681,Financial Services,Investment Company,Financial Services,Finance,Investment Company,CLASSIFIED,,,,0
INE668G01021,ELDEHSG,Eldeco Housing And Industries Limited,EQ,523329,Consumer Discretionary,"Residential, Commercial Projects",Realty,Realty,"Residential, Commercial Projects",CLASSIFIED,,,,0
INE205B01031,ELECON,Elecon Engineering Company Limited,EQ,505700,Industrials,Heavy Electrical Equipment,Capital Goods,Electrical Equipment,Heavy Electrical Equipment,CLASSIFIED,,,,0
INE086A01029,ELECTCAST,Electrosteel Castings Limited,EQ,500128,Industrials,Iron & Steel Products,Capital Goods,Industrial Products,Iron & Steel Products,CLASSIFIED,,,,0
INE822G01016,ELECTHERM,Electrotherm (India) Limited,EQ,526608,Industrials,Iron & Steel Products,Capital Goods,Industrial Products,Iron & Steel Products,CLASSIFIED,,,,0
INE285A01027,ELGIEQUIP,Elgi Equipments Limited,EQ,522074,Industrials,"Compressors, Pumps & Diesel Engines",Capital Goods,Industrial Products,"Compressors, Pumps & Diesel Engines",CLASSIFIED,,,,0
INE819L01012,ELGIRUBCO,Elgi Rubber Company Limited,EQ,,,,,,,BSE_RETRY,,No BSE code found for ISIN,2026-09-07T12:51:15Z,1
INE050401020,ELIN,Elin Electronics Limited,EQ,543725,Consumer Discretionary,Household Appliances,Consumer Durables,Consumer Durables,Household Appliances,CLASSIFIED,,,,0
INE669R01026,ELITECON,Elitecon International Limited,EQ,539533,Fast Moving Consumer Goods,Cigarettes & Tobacco Products,Fast Moving Consumer Goods,Cigarettes & Tobacco Products,Cigarettes & Tobacco Products,CLASSIFIED,,,,0
INE236E01022,ELLEN,Ellenbarrie Industrial Gases Limited,EQ,544421,Commodities,Industrial Gases,Chemicals,Chemicals & Petrochemicals,Industrial Gases,CLASSIFIED,,,,0
INE579B01039,ELPROINTL,Elpro International Limited,EQ,504000,Consumer Discretionary,"Residential, Commercial Projects",Realty,Realty,"Residential, Commercial Projects",CLASSIFIED,,,,0
INE548C01032,EMAMILTD,Emami Limited,EQ,531162,Fast Moving Consumer Goods,Personal Care,Fast Moving Consumer Goods,Personal Products,Personal Care,CLASSIFIED,,,,0
INE830C01026,EMAMIPAP,Emami Paper Mills Limited,BE,533208,Commodities,Paper & Paper Products,Forest Materials,"Paper, Forest & Jute Products",Paper & Paper Products,CLASSIFIED,,,,0
INE778K01012,EMAMIREAL,Emami Realty Limited,EQ,533218,Consumer Discretionary,"Residential, Commercial Projects",Realty,Realty,"Residential, Commercial Projects",CLASSIFIED,,,,0
INE069I01010,EMBDL,Embassy Developments Limited,EQ,532832,Consumer Discretionary,"Residential, Commercial Projects",Realty,Realty,"Residential, Commercial Projects",CLASSIFIED,,,,0
INE168P01015,EMCURE,Emcure Pharmaceuticals Limited,EQ,544210,Healthcare,Pharmaceuticals,Healthcare,Pharmaceuticals & Biotechnology,Pharmaceuticals,CLASSIFIED,,,,0
INE02YR01019,EMIL,Electronics Mart India Limited,EQ,543626,Consumer Discretionary,Diversified Retail,Consumer Services,Retailing,Diversified Retail,CLASSIFIED,,,,0
INE296H01011,EMKAY,Emkay Global Financial Services Limited,EQ,532737,Financial Services,Stockbroking & Allied,Financial Services,Capital Markets,Stockbroking & Allied,CLASSIFIED,,,,0
INE753K01015,EMMBI,Emmbi Industries Limited,BE,533161,Industrials,Packaging,Capital Goods,Industrial Products,Packaging,CLASSIFIED,,,,0
INE1C6T01020,EMMVEE,Emmvee Photovoltaic Power Limited,EQ,544608,Industrials,Other Electrical Equipment,Capital Goods,Electrical Equipment,Other Electrical Equipment,CLASSIFIED,,,,0
INE515H01014,EMPIND,Empire Industries Limited,EQ,509525,Diversified,Diversified,Diversified,Diversified,Diversified,CLASSIFIED,,,,0
INE507F01023,EMPOWER,Empower India Limited,EQ,504351,Information Technology,Computers - Software & Consulting,Information Technology,IT - Software,Computers - Software & Consulting,CLASSIFIED,,,,0
INE0OV601013,EMSLIMITED,EMS Limited,EQ,543983,Utilities,Waste Management,Utilities,Other Utilities,Waste Management,CLASSIFIED,,,,0
INE01QM01018,EMUDHRA,eMudhra Limited,EQ,543533,Information Technology,IT Enabled Services,Information Technology,IT - Services,IT Enabled Services,CLASSIFIED,,,,0
INE913H01037,ENDURANCE,Endurance Technologies Limited,EQ,540153,Consumer Discretionary,Auto Components & Equipments,Automobile and Auto Components,Auto Components,Auto Components & Equipments,CLASSIFIED,,,,0
INE306C01019,ENERGYDEV,Energy Development Company Limited,EQ,532219,Utilities,Power Generation,Power,Power,Power Generation,CLASSIFIED,,,,0
INE510A01028,ENGINERSIN,Engineers India Limited,EQ,532178,Industrials,Civil Construction,Construction,Construction,Civil Construction,CLASSIFIED,,,,0
INE265F01028,ENIL,Entertainment Network (India) Limited,EQ,532700,Consumer Discretionary,Media & Entertainment,"Media, Entertainment & Publication",Entertainment,Media & Entertainment,CLASSIFIED,,,,0
INE130L01014,ENKEIWHEL,Enkei Wheels (India) Limited,EQ,533477,Consumer Discretionary,Auto Components & Equipments,Automobile and Auto Components,Auto Components,Auto Components & Equipments,CLASSIFIED,,,,0
INE1NPP01017,ENRIN,Siemens Energy India Limited,EQ,544390,Industrials,Heavy Electrical Equipment,Capital Goods,Electrical Equipment,Heavy Electrical Equipment,CLASSIFIED,,,,0
INE010601016,ENTERO,Entero Healthcare Solutions Limited,EQ,544122,Consumer Discretionary,Pharmacy Retail,Consumer Services,Retailing,Pharmacy Retail,CLASSIFIED,,,,0
INE0G5901015,EPACK,EPACK Durable Limited,EQ,544095,Consumer Discretionary,Household Appliances,Consumer Durables,Consumer Durables,Household Appliances,CLASSIFIED,,,,0
INE0MLS01022,EPACKPEB,EPack Prefab Technologies Limited,EQ,544540,Industrials,Industrial Products,Capital Goods,Industrial Manufacturing,Industrial Products,CLASSIFIED,,,,0
INE071N01016,EPIGRAL,Epigral Limited,EQ,543332,Commodities,Specialty Chemicals,Chemicals,Chemicals & Petrochemicals,Specialty Chemicals,CLASSIFIED,,,,0
INE255A01020,EPL,EPL Limited,EQ,500135,Industrials,Packaging,Capital Goods,Industrial Products,Packaging,CLASSIFIED,,,,0
INE217G01035,EQUIPPP,Equippp Social Impact Technologies Limited,BE,590057,Information Technology,Computers - Software & Consulting,Information Technology,IT - Software,Computers - Software & Consulting,CLASSIFIED,,,,0
INE063P01018,EQUITASBNK,Equitas Small Finance Bank Limited,EQ,543243,Financial Services,Other Bank,Financial Services,Banks,Other Bank,CLASSIFIED,,,,0
INE406M01024,ERIS,Eris Lifesciences Limited,EQ,540596,Healthcare,Pharmaceuticals,Healthcare,Pharmaceuticals & Biotechnology,Pharmaceuticals,CLASSIFIED,,,,0
INE284A01012,ESABINDIA,Esab India Limited,EQ,500133,Industrials,Other Industrial Products,Capital Goods,Industrial Products,Other Industrial Products,CLASSIFIED,,,,0
INE818W01011,ESAFSFB,ESAF Small Finance Bank Limited,BE,544020,Financial Services,Other Bank,Financial Services,Banks,Other Bank,CLASSIFIED,,,,0
INE042A01014,ESCORTS,Escorts Kubota Limited,EQ,500495,Industrials,Tractors,Capital Goods,"Agricultural, Commercial & Construction Vehicles",Tractors,CLASSIFIED,,,,0
INE122M01019,ESSARSHPNG,Essar Shipping Limited,EQ,533704,Services,Shipping,Services,Transport Services,Shipping,CLASSIFIED,,,,0
INE418N01035,ESSENTIA,Integra Essentia Limited,EQ,535958,Services,Trading & Distributors,Services,Commercial Services & Supplies,Trading & Distributors,CLASSIFIED,,,,0
INE778B01029,ESTER,Ester Industries Limited,EQ,500136,Industrials,Packaging,Capital Goods,Industrial Products,Packaging,CLASSIFIED,,,,0
INE758T01015,ETERNAL,ETERNAL LIMITED,EQ,543320,Consumer Discretionary,E-Retail/ E-Commerce,Consumer Services,Retailing,E-Retail/ E-Commerce,CLASSIFIED,,,,0
INE04TZ01018,ETHOSLTD,Ethos Limited,EQ,543532,Consumer Discretionary,"Gems, Jewellery And Watches",Consumer Durables,Consumer Durables,"Gems, Jewellery And Watches",CLASSIFIED,,,,0
INE0KCE01017,EUREKAFORB,Eureka Forbes Limited,EQ,543482,Consumer Discretionary,Household Appliances,Consumer Durables,Consumer Durables,Household Appliances,CLASSIFIED,,,,0
INE505V01016,EUROBOND,Euro Panel Products Limited,EQ,544461,Industrials,"Aluminium, Copper & Zinc Products",Capital Goods,Industrial Products,"Aluminium, Copper & Zinc Products",CLASSIFIED,,,,0
INE198501012,EUROPRATIK,Euro Pratik Sales Limited,EQ,544519,Consumer Discretionary,"Furniture, Home Furnishing",Consumer Durables,Consumer Durables,"Furniture, Home Furnishing",CLASSIFIED,,,,0
INE022C01012,EUROTEXIND,Eurotex Industries and Exports Limited,BE,521014,Consumer Discretionary,Other Textile Products,Textiles,Textiles & Apparels,Other Textile Products,CLASSIFIED,,,,0
INE128A01029,EVEREADY,Eveready Industries India Limited,EQ,531508,Fast Moving Consumer Goods,Household Products,Fast Moving Consumer Goods,Household Products,Household Products,CLASSIFIED,,,,0
INE295A01018,EVERESTIND,Everest Industries Limited,BE,508906,Commodities,Other Construction Materials,Construction Materials,Other Construction Materials,Other Construction Materials,CLASSIFIED,,,,0
INE369A01029,EXCELINDUS,Excel Industries Limited,EQ,500650,Commodities,Specialty Chemicals,Chemicals,Chemicals & Petrochemicals,Specialty Chemicals,CLASSIFIED,,,,0
INE606N01019,EXCELSOFT,Excelsoft Technologies Limited,EQ,544617,Information Technology,IT Enabled Services,Information Technology,IT - Services,IT Enabled Services,CLASSIFIED,,,,0
INE777F01014,EXICOM,Exicom Tele-Systems Limited,EQ,544133,Industrials,Heavy Electrical Equipment,Capital Goods,Electrical Equipment,Heavy Electrical Equipment,CLASSIFIED,,,,0
INE302A01020,EXIDEIND,Exide Industries Limited,EQ,500086,Consumer Discretionary,Auto Components & Equipments,Automobile and Auto Components,Auto Components,Auto Components & Equipments,CLASSIFIED,,,,0
INE201K01015,EXPLEOSOL,Expleo Solutions Limited,EQ,533121,Information Technology,IT Enabled Services,Information Technology,IT - Services,IT Enabled Services,CLASSIFIED,,,,0
INE0GFE01026,EXXARO,Exxaro Tiles Limited,EQ,543327,Consumer Discretionary,Ceramics,Consumer Durables,Consumer Durables,Ceramics,CLASSIFIED,,,,0
INE0HF201011,FABTECH,Fabtech Technologies Limited,EQ,544558,Healthcare,Medical Equipment & Supplies,Healthcare,Healthcare Equipment & Supplies,Medical Equipment & Supplies,CLASSIFIED,,,,0
INE188A01015,FACT,Fertilizers and Chemicals Travancore Limited,EQ,590024,Commodities,Fertilizers,Chemicals,Fertilizers & Agrochemicals,Fertilizers,CLASSIFIED,,,,0
INE0DNW01011,FAIRCHEMOR,Fairchem Organics Limited,BE,543252,Commodities,Specialty Chemicals,Chemicals,Chemicals & Petrochemicals,Specialty Chemicals,CLASSIFIED,,,,0
INE963C01033,FAZE3Q,Faze Three Limited,EQ,530079,Consumer Discretionary,Other Textile Products,Textiles,Textiles & Apparels,Other Textile Products,CLASSIFIED,,,,0
INE045J01034,FCL,Fineotex Chemical Limited,EQ,533333,Commodities,Specialty Chemicals,Chemicals,Chemicals & Petrochemicals,Specialty Chemicals,CLASSIFIED,,,,0
INE512B01022,FCSSOFT,FCS Software Solutions Limited,EQ,532666,Information Technology,IT Enabled Services,Information Technology,IT - Services,IT Enabled Services,CLASSIFIED,,,,0
INE258B01022,FDC,FDC Limited,EQ,531599,Healthcare,Pharmaceuticals,Healthcare,Pharmaceuticals & Biotechnology,Pharmaceuticals,CLASSIFIED,,,,0
INE417D01020,FEDDERSHOL,Fedders Holding Limited,EQ,511628,Financial Services,Non Banking Financial Company (NBFC),Financial Services,Finance,Non Banking Financial Company (NBFC),CLASSIFIED,,,,0
INE171A01029,FEDERALBNK,The Federal Bank  Limited,EQ,500469,Financial Services,Private Sector Bank,Financial Services,Banks,Private Sector Bank,CLASSIFIED,,,,0
INE007N01010,FEDFINA,Fedbank Financial Services Limited,EQ,544027,Financial Services,Non Banking Financial Company (NBFC),Financial Services,Finance,Non Banking Financial Company (NBFC),CLASSIFIED,,,,0
INE623B01027,FEL,Future Enterprises Limited,BZ,523574,Consumer Discretionary,Diversified Retail,Consumer Services,Retailing,Diversified Retail,CLASSIFIED,,,,0
IN9623B01058,FELDVR,Future Enterprises Limited,BZ,570002,Consumer Discretionary,Diversified Retail,Consumer Services,Retailing,Diversified Retail,CLASSIFIED,,,,0
INE225B01021,FERMENTA,Fermenta Biotech Limited,EQ,506414,Healthcare,Pharmaceuticals,Healthcare,Pharmaceuticals & Biotechnology,Pharmaceuticals,CLASSIFIED,,,,0
INE296C01020,FIBERWEB,Fiberweb (India) Limited,EQ,507910,Consumer Discretionary,Other Textile Products,Textiles,Textiles & Apparels,Other Textile Products,CLASSIFIED,,,,0
INE737H01014,FIEMIND,Fiem Industries Limited,EQ,532768,Consumer Discretionary,Auto Components & Equipments,Automobile and Auto Components,Auto Components,Auto Components & Equipments,CLASSIFIED,,,,0
INE816B01035,FILATEX,Filatex India Limited,EQ,526227,Consumer Discretionary,Other Textile Products,Textiles,Textiles & Apparels,Other Textile Products,CLASSIFIED,,,,0
INE185E01021,FILATFASH,Filatex Fashions Limited,EQ,532022,Consumer Discretionary,Garments & Apparels,Textiles,Textiles & Apparels,Garments & Apparels,CLASSIFIED,,,,0
INE235A01022,FINCABLES,Finolex Cables Limited,EQ,500144,Industrials,Cables - Electricals,Capital Goods,Industrial Products,Cables - Electricals,CLASSIFIED,,,,0
INE686Y01026,FINEORG,Fine Organic Industries Limited,EQ,541557,Commodities,Specialty Chemicals,Chemicals,Chemicals & Petrochemicals,Specialty Chemicals,CLASSIFIED,,,,0
INE734I01027,FINKURVE,Finkurve Financial Services Limited,EQ,508954,Financial Services,Non Banking Financial Company (NBFC),Financial Services,Finance,Non Banking Financial Company (NBFC),CLASSIFIED,,,,0
INE02NC01014,FINOPB,Fino Payments Bank Limited,EQ,543386,Financial Services,Other Bank,Financial Services,Banks,Other Bank,CLASSIFIED,,,,0
INE183A01024,FINPIPE,Finolex Industries Limited,EQ,500940,Industrials,Plastic Products - Industrial,Capital Goods,Industrial Products,Plastic Products - Industrial,CLASSIFIED,,,,0
INE02RE01045,FIRSTCRY,Brainbees Solutions Limited,EQ,544226,Consumer Discretionary,E-Retail/ E-Commerce,Consumer Services,Retailing,E-Retail/ E-Commerce,CLASSIFIED,,,,0
INE771F01041,FISCHER,Fischer Medical Ventures Limited,EQ,524743,Healthcare,Medical Equipment & Supplies,Healthcare,Healthcare Equipment & Supplies,Medical Equipment & Supplies,CLASSIFIED,,,,0
INE128S01021,FIVESTAR,Five-Star Business Finance Limited,EQ,543663,Financial Services,Non Banking Financial Company (NBFC),Financial Services,Finance,Non Banking Financial Company (NBFC),CLASSIFIED,,,,0
INE00Y201027,FLAIR,Flair Writing Industries Limited,EQ,544030,Fast Moving Consumer Goods,Stationary,Fast Moving Consumer Goods,Household Products,Stationary,CLASSIFIED,,,,0
INE060J01017,FLEXITUFF,Flexituff Ventures International Limited,BE,533638,Consumer Discretionary,Other Textile Products,Textiles,Textiles & Apparels,Other Textile Products,CLASSIFIED,,,,0
INE452O01016,FLFL,Future Lifestyle Fashions Limited,BZ,536507,Consumer Discretionary,Diversified Retail,Consumer Services,Retailing,Diversified Retail,CLASSIFIED,,,,0
INE09N301011,FLUOROCHEM,Gujarat Fluorochemicals Limited,EQ,542812,Commodities,Specialty Chemicals,Chemicals,Chemicals & Petrochemicals,Specialty Chemicals,CLASSIFIED,,,,0
INE529A01010,FMGOETZE,Federal-Mogul Goetze (India) Limited.,EQ,505744,Consumer Discretionary,Auto Components & Equipments,Automobile and Auto Components,Auto Components,Auto Components & Equipments,CLASSIFIED,,,,0
INE360L01017,FMNL,Future Market Networks Limited,BE,533296,Services,Diversified Commercial Services,Services,Commercial Services & Supplies,Diversified Commercial Services,CLASSIFIED,,,,0
INE593W01028,FOCUS,Focus Lighting and Fixtures Limited,BE,,,,,,,BSE_RETRY,,No BSE code found for ISIN,2026-09-07T12:51:15Z,1
INE976E01023,FOODSIN,Foods & Inns Limited,EQ,507552,Fast Moving Consumer Goods,Packaged Foods,Fast Moving Consumer Goods,Food Products,Packaged Foods,CLASSIFIED,,,,0
INE451A01017,FORCEMOT,FORCE MOTORS LTD,EQ,500033,Consumer Discretionary,Passenger Cars & Utility Vehicles,Automobile and Auto Components,Automobiles,Passenger Cars & Utility Vehicles,CLASSIFIED,,,,0
INE061F01013,FORTIS,Fortis Healthcare Limited,EQ,532843,Healthcare,Hospital,Healthcare,Healthcare Services,Hospital,CLASSIFIED,,,,0
INE519A01011,FOSECOIND,Foseco India Limited,EQ,500150,Commodities,Specialty Chemicals,Chemicals,Chemicals & Petrochemicals,Specialty Chemicals,CLASSIFIED,,,,0
INE212S01015,FRACTAL,Fractal Analytics Limited,EQ,544700,Information Technology,Computers - Software & Consulting,Information Technology,IT - Software,Computers - Software & Consulting,CLASSIFIED,,,,0
INE194R01017,FREDUN,Fredun Pharmaceuticals Limited,EQ,539730,Healthcare,Pharmaceuticals,Healthcare,Pharmaceuticals & Biotechnology,Pharmaceuticals,CLASSIFIED,,,,0
INE572D01014,FRONTSP,Frontier Springs Limited,EQ,522195,Consumer Discretionary,Auto Components & Equipments,Automobile and Auto Components,Auto Components,Auto Components & Equipments,CLASSIFIED,,,,0
INE684F01012,FSL,Firstsource Solutions Limited,EQ,532809,Services,Business Process Outsourcing (BPO)/ Knowledge Process Outsourcing (KPO),Services,Commercial Services & Supplies,Business Process Outsourcing (BPO)/ Knowledge Process Outsourcing (KPO),CLASSIFIED,,,,0
INE139R01012,FUSION,Fusion Finance Limited,EQ,543652,Financial Services,Microfinance Institutions,Financial Services,Finance,Microfinance Institutions,CLASSIFIED,,,,0
INE524A01029,GABRIEL,Gabriel India Limited,EQ,505714,Consumer Discretionary,Auto Components & Equipments,Automobile and Auto Components,Auto Components,Auto Components & Equipments,CLASSIFIED,,,,0
INE036B01030,GAEL,Gujarat Ambuja Exports Limited,EQ,524226,Fast Moving Consumer Goods,Other Agricultural Products,Fast Moving Consumer Goods,Agricultural Food & other Products,Other Agricultural Products,CLASSIFIED,,,,0
INE129A01019,GAIL,GAIL (India) Limited,EQ,532155,Energy,Gas Transmission/Marketing,"Oil, Gas & Consumable Fuels",Gas,Gas Transmission/Marketing,CLASSIFIED,,,,0
INE0RE001014,GALAPREC,Gala Precision Engineering Limited,EQ,544244,Industrials,Industrial Products,Capital Goods,Industrial Manufacturing,Industrial Products,CLASSIFIED,,,,0
INE600K01018,GALAXYSURF,Galaxy Surfactants Limited,EQ,540935,Commodities,Specialty Chemicals,Chemicals,Chemicals & Petrochemicals,Specialty Chemicals,CLASSIFIED,,,,0
INE297H01019,GALLANTT,Gallantt Ispat Limited,EQ,532726,Industrials,Iron & Steel Products,Capital Goods,Industrial Products,Iron & Steel Products,CLASSIFIED,,,,0
INE717W01049,GANDHAR,Gandhar Oil Refinery (India) Limited,EQ,544029,Energy,Lubricants,"Oil, Gas & Consumable Fuels",Petroleum Products,Lubricants,CLASSIFIED,,,,0
INE524B01027,GANDHITUBE,Gandhi Special Tubes Limited,EQ,513108,Industrials,Iron & Steel Products,Capital Goods,Industrial Products,Iron & Steel Products,CLASSIFIED,,,,0
INE845D01014,GANECOS,Ganesha Ecosphere Limited,EQ,514167,Consumer Discretionary,Other Textile Products,Textiles,Textiles & Apparels,Other Textile Products,CLASSIFIED,,,,0
INE388A01029,GANESHBE,Ganesh Benzoplast Limited,BE,500153,Energy,Oil Storage & Transportation,"Oil, Gas & Consumable Fuels",Oil,Oil Storage & Transportation,CLASSIFIED,,,,0
INE652V01016,GANESHCP,Ganesh Consumer Products Limited,EQ,544528,Fast Moving Consumer Goods,Packaged Foods,Fast Moving Consumer Goods,Food Products,Packaged Foods,CLASSIFIED,,,,0
INE460C01014,GANESHHOU,GANESH HOUSING LIMITED,EQ,526367,Consumer Discretionary,"Residential, Commercial Projects",Realty,Realty,"Residential, Commercial Projects",CLASSIFIED,,,,0
INE691Z01023,GANGAFORGE,Ganga Forging Limited,EQ,,,,,,,BSE_RETRY,,No BSE code found for ISIN,2026-09-07T12:51:15Z,1
INE335W01016,GANGESSECU,Ganges Securities Limited,EQ,540647,Fast Moving Consumer Goods,Tea & Coffee,Fast Moving Consumer Goods,Agricultural Food & other Products,Tea & Coffee,CLASSIFIED,,,,0
INE276A01018,GARFIBRES,Garware Technical Fibres Limited,EQ,509557,Consumer Discretionary,Other Textile Products,Textiles,Textiles & Apparels,Other Textile Products,CLASSIFIED,,,,0
INE0JVO01026,GARUDA,Garuda Construction and Engineering Limited,EQ,544271,Industrials,Civil Construction,Construction,Construction,Civil Construction,CLASSIFIED,,,,0
INE224E01028,GATECH,GACM Technologies Limited,BE,531723,Financial Services,Other Financial Services,Financial Services,Finance,Other Financial Services,CLASSIFIED,,,,0
INE224E01036,GATECHDVR,GACM Technologies Limited,BE,570005,Financial Services,Other Financial Services,Financial Services,Finance,Other Financial Services,CLASSIFIED,,,,0
INE079J01017,GATEWAY,Gateway Distriparks Limited,EQ,543489,Services,Logistics Solution Provider,Services,Transport Services,Logistics Solution Provider,CLASSIFIED,,,,0
INE0P8B01020,GAUDIUMIVF,Gaudium IVF and Women Health Limited,BE,544709,Healthcare,Healthcare Service Provider,Healthcare,Healthcare Services,Healthcare Service Provider,CLASSIFIED,,,,0
INE287Z01012,GAYAHWS,Gayatri Highways Limited,EQ,541546,Services,"Road Assets–Toll, Annuity, Hybrid-Annuity",Services,Transport Infrastructure,"Road Assets–Toll, Annuity, Hybrid-Annuity",CLASSIFIED,,,,0
INE336H01023,GAYAPROJ,Gayatri Projects Limited,BE,532767,Industrials,Civil Construction,Construction,Construction,Civil Construction,CLASSIFIED,,,,0
INE199P01028,GCSL,Gretex Corporate Services Limited,EQ,543324,Financial Services,Other Capital Market related Services,Financial Services,Capital Markets,Other Capital Market related Services,CLASSIFIED,,,,0
INE916G01016,GEECEE,GeeCee Ventures Limited,BE,532764,Consumer Discretionary,"Residential, Commercial Projects",Realty,Realty,"Residential, Commercial Projects",CLASSIFIED,,,,0
INE669X01032,GEEKAYWIRE,Geekay Wires Limited,EQ,,,,,,,BSE_RETRY,,No BSE code found for ISIN,2026-09-07T12:51:15Z,1
INE06XZ01023,GEMAROMA,Gem Aromatics Limited,EQ,544491,Commodities,Specialty Chemicals,Chemicals,Chemicals & Petrochemicals,Specialty Chemicals,CLASSIFIED,,,,0
INE854S01022,GENCON,Generic Engineering Construction and Projects Limited,EQ,539407,Consumer Discretionary,"Residential, Commercial Projects",Realty,Realty,"Residential, Commercial Projects",CLASSIFIED,,,,0
INE727B01026,GENESYS,Genesys International Corporation Limited,EQ,506109,Information Technology,IT Enabled Services,Information Technology,IT - Services,IT Enabled Services,CLASSIFIED,,,,0
INE06H201014,GENSOL,Gensol Engineering Limited,BZ,542851,Industrials,Other Electrical Equipment,Capital Goods,Electrical Equipment,Other Electrical Equipment,CLASSIFIED,,,,0
INE949P01018,GENUSPAPER,Genus Paper & Boards Limited,EQ,538961,Commodities,Paper & Paper Products,Forest Materials,"Paper, Forest & Jute Products",Paper & Paper Products,CLASSIFIED,,,,0
INE955D01029,GENUSPOWER,Genus Power Infrastructures Limited,EQ,530343,Industrials,Other Electrical Equipment,Capital Goods,Electrical Equipment,Other Electrical Equipment,CLASSIFIED,,,,0
INE007B01023,GEOJITFSL,Geojit Financial Services Limited,EQ,532285,Financial Services,Stockbroking & Allied,Financial Services,Capital Markets,Stockbroking & Allied,CLASSIFIED,,,,0
INE017A01032,GESHIP,The Great Eastern Shipping Company Limited,EQ,500620,Services,Shipping,Services,Transport Services,Shipping,CLASSIFIED,,,,0
INE538A01037,GFLLIMITED,GFL Limited,EQ,500173,Financial Services,Holding Company,Financial Services,Finance,Holding Company,CLASSIFIED,,,,0
INE539A01019,GHCL,GHCL Limited,EQ,500171,Commodities,Commodity Chemicals,Chemicals,Chemicals & Petrochemicals,Commodity Chemicals,CLASSIFIED,,,,0
INE0PA801013,GHCLTEXTIL,GHCL Textiles Limited,EQ,543918,Consumer Discretionary,Other Textile Products,Textiles,Textiles & Apparels,Other Textile Products,CLASSIFIED,,,,0
INE289B01019,GICHSGFIN,GIC Housing Finance Limited,EQ,511676,Financial Services,Housing Finance Company,Financial Services,Finance,Housing Finance Company,CLASSIFIED,,,,0
INE947T01022,GICL,Globe International Carriers Limited,EQ,,,,,,,BSE_RETRY,,No BSE code found for ISIN,2026-09-07T12:51:15Z,1
INE481Y01014,GICRE,General Insurance Corporation of India,EQ,540755,Financial Services,General Insurance,Financial Services,Insurance,General Insurance,CLASSIFIED,,,,0
INE047B01011,GILLANDERS,Gillanders Arbuthnot & Company Limited,EQ,532716,Fast Moving Consumer Goods,Tea & Coffee,Fast Moving Consumer Goods,Agricultural Food & other Products,Tea & Coffee,CLASSIFIED,,,,0
INE322A01010,GILLETTE,Gillette India Limited,EQ,507815,Fast Moving Consumer Goods,Personal Care,Fast Moving Consumer Goods,Personal Products,Personal Care,CLASSIFIED,,,,0
INE424C01010,GINNIFILA,Ginni Filaments Limited,BE,590025,Consumer Discretionary,Other Textile Products,Textiles,Textiles & Apparels,Other Textile Products,CLASSIFIED,,,,0
INE162A01010,GIPCL,Gujarat Industries Power Company Limited,EQ,517300,Utilities,Power Generation,Power,Power,Power Generation,CLASSIFIED,,,,0
INE265D01015,GKB,GKB Ophthalmics Limited,EQ,533212,Healthcare,Medical Equipment & Supplies,Healthcare,Healthcare Equipment & Supplies,Medical Equipment & Supplies,CLASSIFIED,,,,0
INE1AG301022,GKENERGY,GK Energy Limited,EQ,544525,Industrials,Civil Construction,Construction,Construction,Civil Construction,CLASSIFIED,,,,0
INE0V0W01025,GKSL,Gujarat Kidney And Super Speciality Limited,EQ,544666,Healthcare,Hospital,Healthcare,Healthcare Services,Hospital,CLASSIFIED,,,,0
INE528A01020,GKWLIMITED,GKW Limited,EQ,,,,,,,BSE_RETRY,,No BSE code found for ISIN,2026-09-07T12:51:15Z,1
INE068V01023,GLAND,Gland Pharma Limited,EQ,543245,Healthcare,Pharmaceuticals,Healthcare,Pharmaceuticals & Biotechnology,Pharmaceuticals,CLASSIFIED,,,,0
INE159A01016,GLAXO,GlaxoSmithKline Pharmaceuticals Limited,EQ,500660,Healthcare,Pharmaceuticals,Healthcare,Pharmaceuticals & Biotechnology,Pharmaceuticals,CLASSIFIED,,,,0
INE935A01035,GLENMARK,Glenmark Pharmaceuticals Limited,EQ,532296,Healthcare,Pharmaceuticals,Healthcare,Pharmaceuticals & Biotechnology,Pharmaceuticals,CLASSIFIED,,,,0
INE540A01017,GLFL,Gujarat Lease Financing Limited,EQ,500174,Financial Services,Other Financial Services,Financial Services,Finance,Other Financial Services,CLASSIFIED,,,,0
INE291W01037,GLOBAL,Global Education Limited,EQ,,,,,,,BSE_RETRY,,No BSE code found for ISIN,2026-09-07T12:51:15Z,1
INE0URU01010,GLOBALE,Globale Tessile Limited,EQ,544234,Consumer Discretionary,Trading - Textile Products,Textiles,Textiles & Apparels,Trading - Textile Products,CLASSIFIED,,,,0
INE792H01019,GLOBALVECT,Global Vectra Helicorp Limited,EQ,532773,Services,Airline,Services,Transport Services,Airline,CLASSIFIED,,,,0
INE581X01021,GLOBE,GLOBE ENTERPRISES (INDIA) LIMITED,EQ,,,,,,,BSE_RETRY,,No BSE code found for ISIN,2026-09-07T12:51:15Z,1
INE0V3U01015,GLOBECIVIL,Globe Civil Projects Limited,EQ,544424,Industrials,Civil Construction,Construction,Construction,Civil Construction,CLASSIFIED,,,,0
INE615I01010,GLOBUSSPR,Globus Spirits Limited,EQ,533104,Fast Moving Consumer Goods,Breweries & Distilleries,Fast Moving Consumer Goods,Beverages,Breweries & Distilleries,CLASSIFIED,,,,0
INE350Z01018,GLOSTERLTD,Gloster Limited,EQ,542351,Commodities,Jute & Jute Products,Forest Materials,"Paper, Forest & Jute Products",Jute & Jute Products,CLASSIFIED,,,,0
INE0TQE01026,GLOTTIS,Glottis Limited,BE,544557,Services,Logistics Solution Provider,Services,Transport Services,Logistics Solution Provider,CLASSIFIED,,,,0
INE075D01018,GMBREW,GM Breweries Limited,EQ,507488,Fast Moving Consumer Goods,Breweries & Distilleries,Fast Moving Consumer Goods,Beverages,Breweries & Distilleries,CLASSIFIED,,,,0
INE131A01031,GMDCLTD,Gujarat Mineral Development Corporation Limited,EQ,532181,Commodities,Industrial Minerals,Metals & Mining,Minerals & Mining,Industrial Minerals,CLASSIFIED,,,,0
INE541A01023,GMMPFAUDLR,GMM Pfaudler Limited,EQ,505255,Industrials,Industrial Products,Capital Goods,Industrial Manufacturing,Industrial Products,CLASSIFIED,,,,0
INE776C01039,GMRAIRPORT,GMR AIRPORTS LIMITED,EQ,532754,Services,Airport & Airport services,Services,Transport Infrastructure,Airport & Airport services,CLASSIFIED,,,,0
INE0CU601026,GMRP&UI,GMR Power and Urban Infra Limited,EQ,543490,Utilities,Power Generation,Power,Power,Power Generation,CLASSIFIED,,,,0
INE934S01014,GNA,GNA Axles Limited,EQ,540124,Consumer Discretionary,Auto Components & Equipments,Automobile and Auto Components,Auto Components,Auto Components & Equipments,CLASSIFIED,,,,0
INE113A01013,GNFC,Gujarat Narmada Valley Fertilizers and Chemicals Limited,EQ,500670,Commodities,Commodity Chemicals,Chemicals,Chemicals & Petrochemicals,Commodity Chemicals,CLASSIFIED,,,,0
INE207H01018,GNRL,Gujarat Natural Resources Limited,EQ,513536,Energy,Oil Exploration & Production,"Oil, Gas & Consumable Fuels",Oil,Oil Exploration & Production,CLASSIFIED,,,,0
INE426D01013,GOACARBON,Goa Carbon Limited,EQ,509567,Commodities,Industrial Minerals,Metals & Mining,Minerals & Mining,Industrial Minerals,CLASSIFIED,,,,0
INE077F01035,GOCLCORP,GOCL Corporation Limited,EQ,506480,Commodities,Explosives,Chemicals,Chemicals & Petrochemicals,Explosives,CLASSIFIED,,,,0
INE0BJS01011,GOCOLORS,Go Fashion (India) Limited,EQ,543401,Consumer Discretionary,Speciality Retail,Consumer Services,Retailing,Speciality Retail,CLASSIFIED,,,,0
INE497S01012,GODAVARIB,Godavari Biorefineries Limited,EQ,544279,Fast Moving Consumer Goods,Diversified FMCG,Fast Moving Consumer Goods,Diversified FMCG,Diversified FMCG,CLASSIFIED,,,,0
INE260B01028,GODFRYPHLP,Godfrey Phillips India Limited,EQ,500163,Fast Moving Consumer Goods,Cigarettes & Tobacco Products,Fast Moving Consumer Goods,Cigarettes & Tobacco Products,Cigarettes & Tobacco Products,CLASSIFIED,,,,0
INE03JT01014,GODIGIT,Go Digit General Insurance Limited,EQ,544179,Financial Services,General Insurance,Financial Services,Insurance,General Insurance,CLASSIFIED,,,,0
INE850D01014,GODREJAGRO,Godrej Agrovet Limited,EQ,540743,Fast Moving Consumer Goods,Animal Feed,Fast Moving Consumer Goods,Food Products,Animal Feed,CLASSIFIED,,,,0
INE102D01028,GODREJCP,Godrej Consumer Products Limited,EQ,532424,Fast Moving Consumer Goods,Personal Care,Fast Moving Consumer Goods,Personal Products,Personal Care,CLASSIFIED,,,,0
INE233A01035,GODREJIND,Godrej Industries Limited,EQ,500164,Diversified,Diversified,Diversified,Diversified,Diversified,CLASSIFIED,,,,0
INE484J01027,GODREJPROP,Godrej Properties Limited,EQ,533150,Consumer Discretionary,"Residential, Commercial Projects",Realty,Realty,"Residential, Commercial Projects",CLASSIFIED,,,,0
INE887G01027,GOKEX,Gokaldas Exports Limited,EQ,532630,Consumer Discretionary,Garments & Apparels,Textiles,Textiles & Apparels,Garments & Apparels,CLASSIFIED,,,,0
INE020J01029,GOKUL,Gokul Refoils and Solvent Limited,EQ,532980,Fast Moving Consumer Goods,Edible Oil,Fast Moving Consumer Goods,Agricultural Food & other Products,Edible Oil,CLASSIFIED,,,,0
INE314T01033,GOKULAGRO,Gokul Agro Resources Limited,EQ,539725,Fast Moving Consumer Goods,Edible Oil,Fast Moving Consumer Goods,Agricultural Food & other Products,Edible Oil,CLASSIFIED,,,,0
INE973A01010,GOLDENTOBC,Golden Tobacco Limited,BZ,500151,Consumer Discretionary,"Residential, Commercial Projects",Realty,Realty,"Residential, Commercial Projects",CLASSIFIED,,,,0
INE025B01025,GOLDIAM,Goldiam International Limited,EQ,526729,Consumer Discretionary,"Gems, Jewellery And Watches",Consumer Durables,Consumer Durables,"Gems, Jewellery And Watches",CLASSIFIED,,,,0
INE805A01014,GOLDTECH,AION-TECH SOLUTIONS LIMITED,BE,531439,Information Technology,Software Products,Information Technology,IT - Software,Software Products,CLASSIFIED,,,,0
INE127I01024,GOODLUCK,Goodluck India Limited,EQ,530655,Industrials,Iron & Steel Products,Capital Goods,Industrial Products,Iron & Steel Products,CLASSIFIED,,,,0
INE533A01012,GOODYEAR,Goodyear India Limited,EQ,500168,Consumer Discretionary,Tyres & Rubber Products,Automobile and Auto Components,Auto Components,Tyres & Rubber Products,CLASSIFIED,,,,0
INE0L9R01028,GOPAL,Gopal Snacks Limited,EQ,544140,Fast Moving Consumer Goods,Packaged Foods,Fast Moving Consumer Goods,Food Products,Packaged Foods,CLASSIFIED,,,,0
INE705X01026,GOYALALUM,Goyal Aluminiums Limited,EQ,541152,Services,Trading & Distributors,Services,Commercial Services & Supplies,Trading & Distributors,CLASSIFIED,,,,0
INE177H01039,GPIL,Godawari Power And Ispat limited,EQ,532734,Industrials,Iron & Steel Products,Capital Goods,Industrial Products,Iron & Steel Products,CLASSIFIED,,,,0
INE517F01014,GPPL,Gujarat Pipavav Port Limited,EQ,533248,Services,Port & Port services,Services,Transport Infrastructure,Port & Port services,CLASSIFIED,,,,0
INE486R01017,GPTHEALTH,GPT Healthcare Limited,EQ,544131,Healthcare,Hospital,Healthcare,Healthcare Services,Hospital,CLASSIFIED,,,,0
INE390G01014,GPTINFRA,GPT Infraprojects Limited,EQ,533761,Industrials,Civil Construction,Construction,Construction,Civil Construction,CLASSIFIED,,,,0
INE361K01017,GRADIENTE,Gradiente Infotainment Limited,EQ,,,,,,,BSE_RETRY,,No BSE code found for ISIN,2026-09-07T12:51:15Z,1
INE926B01016,GRANDOAK,Grand Oak Canyons Distillery Limited,EQ,523862,Financial Services,Non Banking Financial Company (NBFC),Financial Services,Finance,Non Banking Financial Company (NBFC),CLASSIFIED,,,,0
INE101D01020,GRANULES,Granules India Limited,EQ,532482,Healthcare,Pharmaceuticals,Healthcare,Pharmaceuticals & Biotechnology,Pharmaceuticals,CLASSIFIED,,,,0
INE371A01025,GRAPHITE,Graphite India Limited,EQ,509488,Industrials,Electrodes & Refractories,Capital Goods,Industrial Products,Electrodes & Refractories,CLASSIFIED,,,,0
INE047A01021,GRASIM,Grasim Industries Limited,EQ,500300,Commodities,Cement & Cement Products,Construction Materials,Cement & Cement Products,Cement & Cement Products,CLASSIFIED,,,,0
INE266D01021,GRAUWEIL,Grauer & Weil India Limited,EQ,505710,Commodities,Commodity Chemicals,Chemicals,Chemicals & Petrochemicals,Commodity Chemicals,CLASSIFIED,,,,0
INE214F01026,GRAVISSHO,Graviss Hospitality Limited,EQ,509546,Consumer Discretionary,Hotels & Resorts,Consumer Services,Leisure Services,Hotels & Resorts,CLASSIFIED,,,,0
INE024L01027,GRAVITA,Gravita India Limited,EQ,533282,Commodities,Industrial Minerals,Metals & Mining,Minerals & Mining,Industrial Minerals,CLASSIFIED,,,,0
INE224A01026,GREAVESCOT,Greaves Cotton Limited,EQ,501455,Industrials,"Compressors, Pumps & Diesel Engines",Capital Goods,Industrial Products,"Compressors, Pumps & Diesel Engines",CLASSIFIED,,,,0
INE544R01021,GREENLAM,Greenlam Industries Limited,EQ,538979,Consumer Discretionary,Plywood Boards/ Laminates,Consumer Durables,Consumer Durables,Plywood Boards/ Laminates,CLASSIFIED,,,,0
INE08ZM01014,GREENPANEL,Greenpanel Industries Limited,EQ,542857,Consumer Discretionary,Plywood Boards/ Laminates,Consumer Durables,Consumer Durables,Plywood Boards/ Laminates,CLASSIFIED,,,,0
INE461C01038,GREENPLY,Greenply Industries Limited,EQ,526797,Consumer Discretionary,Plywood Boards/ Laminates,Consumer Durables,Consumer Durables,Plywood Boards/ Laminates,CLASSIFIED,,,,0
INE999K01014,GREENPOWER,Orient Green Power Company Limited,EQ,533263,Utilities,Power Generation,Power,Power,Power Generation,CLASSIFIED,,,,0
INE536A01023,GRINDWELL,Grindwell Norton Limited,EQ,506076,Industrials,Abrasives & Bearings,Capital Goods,Industrial Products,Abrasives & Bearings,CLASSIFIED,,,,0
INE201P01022,GRINFRA,G R Infraprojects Limited,EQ,543317,Industrials,Civil Construction,Construction,Construction,Civil Construction,CLASSIFIED,,,,0
INE192H01020,GRMOVER,GRM Overseas Limited,EQ,531449,Fast Moving Consumer Goods,Other Agricultural Products,Fast Moving Consumer Goods,Agricultural Food & other Products,Other Agricultural Products,CLASSIFIED,,,,0
INE646C01018,GROBTEA,The Grob Tea Company Limited,EQ,,,,,,,BSE_RETRY,,No BSE code found for ISIN,2026-09-07T12:51:15Z,1
INE0HOQ01053,GROWW,Billionbrains Garage Ventures Limited,EQ,544603,Financial Services,Stockbroking & Allied,Financial Services,Capital Markets,Stockbroking & Allied,CLASSIFIED,,,,0
INE137I01015,GRPLTD,GRP Limited,EQ,509152,Industrials,Rubber,Capital Goods,Industrial Products,Rubber,CLASSIFIED,,,,0
INE382Z01011,GRSE,Garden Reach Shipbuilders & Engineers Limited,EQ,542011,Industrials,Aerospace & Defense,Capital Goods,Aerospace & Defense,Aerospace & Defense,CLASSIFIED,,,,0
INE291A01017,GRWRHITECH,Garware Hi-Tech Films Limited,EQ,500655,Industrials,Plastic Products - Industrial,Capital Goods,Industrial Products,Plastic Products - Industrial,CLASSIFIED,,,,0
INE026A01025,GSFC,Gujarat State Fertilizers & Chemicals Limited,EQ,500690,Commodities,Fertilizers,Chemicals,Fertilizers & Agrochemicals,Fertilizers,CLASSIFIED,,,,0
INE0JSX01015,GSLSU,Global Surfaces Limited,EQ,543829,Consumer Discretionary,Granites & Marbles,Consumer Durables,Consumer Durables,Granites & Marbles,CLASSIFIED,,,,0
INE713R01022,GSPCROP,GSP Crop Science Limited,EQ,544733,Commodities,Pesticides & Agrochemicals,Chemicals,Fertilizers & Agrochemicals,Pesticides & Agrochemicals,CLASSIFIED,,,,0
INE871H01011,GSS,GSS Infotech Limited,EQ,532951,Information Technology,IT Enabled Services,Information Technology,IT - Services,IT Enabled Services,CLASSIFIED,,,,0
INE586X01012,GTECJAINX,G-TEC JAINX EDUCATION LIMITED,BE,,,,,,,BSE_RETRY,,No BSE code found for ISIN,2026-09-07T12:51:15Z,1
INE043A01012,GTL,GTL Limited,EQ,500160,Telecommunication,Other Telecom Services,Telecommunication,Telecom - Services,Other Telecom Services,CLASSIFIED,,,,0
INE221H01019,GTLINFRA,GTL Infrastructure Limited,EQ,532775,Telecommunication,Telecom - Infrastructure,Telecommunication,Telecom - Services,Telecom - Infrastructure,CLASSIFIED,,,,0
INE869I01013,GTPL,GTPL Hathway Limited,EQ,540602,Consumer Discretionary,TV Broadcasting & Software Production,"Media, Entertainment & Publication",Entertainment,TV Broadcasting & Software Production,CLASSIFIED,,,,0
INE742B01025,GUFICBIO,Gufic Biosciences Limited,EQ,509079,Healthcare,Pharmaceuticals,Healthcare,Pharmaceuticals & Biotechnology,Pharmaceuticals,CLASSIFIED,,,,0
INE186A01019,GUJALKALI,Gujarat Alkalies and Chemicals Limited,EQ,530001,Commodities,Commodity Chemicals,Chemicals,Chemicals & Petrochemicals,Commodity Chemicals,CLASSIFIED,,,,0
INE826C01016,GUJAPOLLO,Gujarat Apollo Industries Limited,EQ,522217,Industrials,Industrial Products,Capital Goods,Industrial Manufacturing,Industrial Products,CLASSIFIED,,,,0
INE844O01030,GUJENERGY,GUJARAT ENERGY LIMITED,EQ,539336,Energy,LPG/CNG/PNG/LNG Supplier,"Oil, Gas & Consumable Fuels",Gas,LPG/CNG/PNG/LNG Supplier,CLASSIFIED,,,,0
INE610B01024,GUJRAFFIA,Gujarat Raffia Industries Limited,EQ,523836,Industrials,Packaging,Capital Goods,Industrial Products,Packaging,CLASSIFIED,,,,0
INE942C01045,GUJTHEM,Gujarat Themis Biosyn Limited,EQ,506879,Healthcare,Pharmaceuticals,Healthcare,Pharmaceuticals & Biotechnology,Pharmaceuticals,CLASSIFIED,,,,0
INE635Q01029,GULFOILLUB,Gulf Oil Lubricants India Limited,EQ,538567,Energy,Lubricants,"Oil, Gas & Consumable Fuels",Petroleum Products,Lubricants,CLASSIFIED,,,,0
INE586G01017,GULFPETRO,GP Petroleums Limited,BE,532543,Energy,Lubricants,"Oil, Gas & Consumable Fuels",Petroleum Products,Lubricants,CLASSIFIED,,,,0
INE255D01024,GULPOLY,Gulshan Polyols Limited,EQ,532457,Fast Moving Consumer Goods,Other Agricultural Products,Fast Moving Consumer Goods,Agricultural Food & other Products,Other Agricultural Products,CLASSIFIED,,,,0
INE251H01024,GVKPIL,GVK Power & Infrastructure Limited,BE,532708,Utilities,Power Generation,Power,Power,Power Generation,CLASSIFIED,,,,0
INE878A01011,GVPIL,GE Power India Limited,EQ,532309,Industrials,Heavy Electrical Equipment,Capital Goods,Electrical Equipment,Heavy Electrical Equipment,CLASSIFIED,,,,0
INE382T01030,GVPTECH,GVP Infotech Limited,EQ,,,,,,,BSE_RETRY,,No BSE code found for ISIN,2026-09-07T12:51:15Z,1
INE200A01026,GVT&D,GE Vernova T&D India Limited,EQ,522275,Industrials,Heavy Electrical Equipment,Capital Goods,Electrical Equipment,Heavy Electrical Equipment,CLASSIFIED,,,,0
INE724A01017,GYFTR,Gyftr Limited,EQ,507912,Financial Services,Other Financial Services,Financial Services,Finance,Other Financial Services,CLASSIFIED,,,,0
INE066F01020,HAL,Hindustan Aeronautics Limited,EQ,541154,Industrials,Aerospace & Defense,Capital Goods,Aerospace & Defense,Aerospace & Defense,CLASSIFIED,,,,0
INE115S01010,HALDER,Halder Venture Limited,EQ,539854,Fast Moving Consumer Goods,Edible Oil,Fast Moving Consumer Goods,Agricultural Food & other Products,Edible Oil,CLASSIFIED,,,,0
INE506D01020,HALDYNGL,Haldyn Glass Limited,BE,515147,Industrials,Packaging,Capital Goods,Industrial Products,Packaging,CLASSIFIED,,,,0
INE320X01016,HALEOSLABS,HALEOS LABS LIMITED,EQ,540679,Healthcare,Pharmaceuticals,Healthcare,Pharmaceuticals & Biotechnology,Pharmaceuticals,CLASSIFIED,,,,0
INE299D01022,HAMPTON,Hampton Sky Realty Limited,EQ,526407,Consumer Discretionary,"Residential, Commercial Projects",Realty,Realty,"Residential, Commercial Projects",CLASSIFIED,,,,0
INE419U01012,HAPPSTMNDS,Happiest Minds Technologies Limited,EQ,543227,Information Technology,Computers - Software & Consulting,Information Technology,IT - Software,Computers - Software & Consulting,CLASSIFIED,,,,0
INE330T01021,HAPPYFORGE,Happy Forgings Limited,EQ,544057,Industrials,Castings & Forgings,Capital Goods,Industrial Products,Castings & Forgings,CLASSIFIED,,,,0
INE626Z01029,HARDWYN,Hardwyn India Limited,EQ,541276,Consumer Discretionary,"Furniture, Home Furnishing",Consumer Durables,Consumer Durables,"Furniture, Home Furnishing",CLASSIFIED,,,,0
INE00EV01017,HARIOMPIPE,Hariom Pipe Industries Limited,EQ,543517,Industrials,Iron & Steel Products,Capital Goods,Industrial Products,Iron & Steel Products,CLASSIFIED,,,,0
INE544A01019,HARRMALAYA,Harrisons  Malayalam Limited,EQ,500467,Industrials,Rubber,Capital Goods,Industrial Products,Rubber,CLASSIFIED,,,,0
INE0JUS01029,HARSHA,Harsha Engineers International Limited,EQ,543600,Industrials,Other Industrial Products,Capital Goods,Industrial Products,Other Industrial Products,CLASSIFIED,,,,0
INE982F01036,HATHWAY,Hathway Cable & Datacom Limited,EQ,533162,Consumer Discretionary,TV Broadcasting & Software Production,"Media, Entertainment & Publication",Entertainment,TV Broadcasting & Software Production,CLASSIFIED,,,,0
INE473B01035,HATSUN,Hatsun Agro Product Limited,EQ,531531,Fast Moving Consumer Goods,Dairy Products,Fast Moving Consumer Goods,Food Products,Dairy Products,CLASSIFIED,,,,0
INE176B01034,HAVELLS,Havells India Limited,EQ,517354,Consumer Discretionary,Consumer Electronics,Consumer Durables,Consumer Durables,Consumer Electronics,CLASSIFIED,,,,0
INE293B01029,HAVISHA,Sri Havisha Hospitality and Infrastructure Limited,EQ,531322,Consumer Discretionary,Hotels & Resorts,Consumer Services,Leisure Services,Hotels & Resorts,CLASSIFIED,,,,0
INE979B01015,HAWKINCOOK,Hawkins Cookers Limited,EQ,508486,Consumer Discretionary,Houseware,Consumer Durables,Consumer Durables,Houseware,CLASSIFIED,,,,0
INE550F01049,HAZOOR,Hazoor Multi Projects Limited,EQ,532467,Industrials,Civil Construction,Construction,Construction,Civil Construction,CLASSIFIED,,,,0
INE640B01021,HBESD,HB Estate Developers Limited,EQ,532334,Consumer Discretionary,"Residential, Commercial Projects",Realty,Realty,"Residential, Commercial Projects",CLASSIFIED,,,,0
INE292B01021,HBLENGINE,HBL Engineering Limited,EQ,517271,Industrials,Other Industrial Products,Capital Goods,Industrial Products,Other Industrial Products,CLASSIFIED,,,,0
INE638B01025,HBPOR,HB Portfolio Limited,EQ,532333,Financial Services,Other Financial Services,Financial Services,Finance,Other Financial Services,CLASSIFIED,,,,0
INE550B01022,HBSL,HB Stockholdings Limited,EQ,532216,Financial Services,Non Banking Financial Company (NBFC),Financial Services,Finance,Non Banking Financial Company (NBFC),CLASSIFIED,,,,0
INE549A01026,HCC,Hindustan Construction Company Limited,EQ,500185,Industrials,Civil Construction,Construction,Construction,Civil Construction,CLASSIFIED,,,,0
INE075I01017,HCG,Healthcare Global Enterprises Limited,EQ,539787,Healthcare,Hospital,Healthcare,Healthcare Services,Hospital,CLASSIFIED,,,,0
INE236A01020,HCL-INSYS,HCL Infosystems Limited,EQ,500179,Information Technology,Computers Hardware & Equipments,Information Technology,IT - Hardware,Computers Hardware & Equipments,CLASSIFIED,,,,0
INE860A01027,HCLTECH,HCL Technologies Limited,EQ,532281,Information Technology,Computers - Software & Consulting,Information Technology,IT - Software,Computers - Software & Consulting,CLASSIFIED,,,,0
INE756I01012,HDBFS,HDB Financial Services Limited,EQ,544429,Financial Services,Non Banking Financial Company (NBFC),Financial Services,Finance,Non Banking Financial Company (NBFC),CLASSIFIED,,,,0
INE127D01025,HDFCAMC,HDFC Asset Management Company Limited,EQ,541729,Financial Services,Asset Management Company,Financial Services,Capital Markets,Asset Management Company,CLASSIFIED,,,,0
INE040A01034,HDFCBANK,HDFC Bank Limited,EQ,500180,Financial Services,Private Sector Bank,Financial Services,Banks,Private Sector Bank,CLASSIFIED,,,,0
INE795G01014,HDFCLIFE,HDFC Life Insurance Company Limited,EQ,540777,Financial Services,Life Insurance,Financial Services,Insurance,Life Insurance,CLASSIFIED,,,,0
INE191I01012,HDIL,Housing Development and Infrastructure Limited,BZ,532873,Consumer Discretionary,"Residential, Commercial Projects",Realty,Realty,"Residential, Commercial Projects",CLASSIFIED,,,,0
INE759V01019,HEADSUP,Heads UP Ventures Limited,EQ,540210,Consumer Discretionary,Trading - Textile Products,Textiles,Textiles & Apparels,Trading - Textile Products,CLASSIFIED,,,,0
INE019J01013,HEALTHX,Health X Platform Limited,EQ,533259,Healthcare,Healthcare Service Provider,Healthcare,Healthcare Services,Healthcare Service Provider,CLASSIFIED,,,,0
INE558R01013,HECPROJECT,HEC Infra Projects Limited,EQ,,,,,,,BSE_RETRY,,No BSE code found for ISIN,2026-09-07T12:51:15Z,1
INE545A01024,HEG,HEG Limited,EQ,509631,Industrials,Electrodes & Refractories,Capital Goods,Industrial Products,Electrodes & Refractories,CLASSIFIED,,,,0
INE578A01017,HEIDELBERG,HeidelbergCement India Limited,EQ,500292,Commodities,Cement & Cement Products,Construction Materials,Cement & Cement Products,Cement & Cement Products,CLASSIFIED,,,,0
INE0AJG01018,HEMIPROP,Hemisphere Properties India Limited,EQ,543242,Services,Diversified Commercial Services,Services,Commercial Services & Supplies,Diversified Commercial Services,CLASSIFIED,,,,0
INE694N01015,HERANBA,Heranba Industries Limited,EQ,543266,Commodities,Pesticides & Agrochemicals,Chemicals,Fertilizers & Agrochemicals,Pesticides & Agrochemicals,CLASSIFIED,,,,0
INE978A01027,HERITGFOOD,Heritage Foods Limited,EQ,519552,Fast Moving Consumer Goods,Dairy Products,Fast Moving Consumer Goods,Food Products,Dairy Products,CLASSIFIED,,,,0
INE158A01026,HEROMOTOCO,Hero MotoCorp Limited,EQ,500182,Consumer Discretionary,2/3 Wheelers,Automobile and Auto Components,Automobiles,2/3 Wheelers,CLASSIFIED,,,,0
INE782E01017,HESTERBIO,Hester Biosciences Limited,EQ,524669,Healthcare,Pharmaceuticals,Healthcare,Pharmaceuticals & Biotechnology,Pharmaceuticals,CLASSIFIED,,,,0
INE0JUI01012,HEXAGON,Hexagon Nutrition Limited,BE,544785,Fast Moving Consumer Goods,Other Food Products,Fast Moving Consumer Goods,Food Products,Other Food Products,CLASSIFIED,,,,0
INE750M01017,HEXATRADEX,Hexa Tradex Limited,EQ,534328,Financial Services,Investment Company,Financial Services,Finance,Investment Company,CLASSIFIED,,,,0
INE093A01041,HEXT,Hexaware Technologies Limited,EQ,544362,Information Technology,Computers - Software & Consulting,Information Technology,IT - Software,Computers - Software & Consulting,CLASSIFIED,,,,0
INE548A01028,HFCL,HFCL Limited,EQ,500183,Telecommunication,Telecom - Infrastructure,Telecommunication,Telecom - Services,Telecom - Infrastructure,CLASSIFIED,,,,0
INE926X01010,HGINFRA,H.G. Infra Engineering Limited,EQ,541019,Industrials,Civil Construction,Construction,Construction,Civil Construction,CLASSIFIED,,,,0
INE596H01014,HGM,HandsOn Global Management (HGM) Limited,EQ,532761,Information Technology,IT Enabled Services,Information Technology,IT - Services,IT Enabled Services,CLASSIFIED,,,,0
INE170I01016,HGS,Hinduja Global Solutions Limited,EQ,532859,Services,Business Process Outsourcing (BPO)/ Knowledge Process Outsourcing (KPO),Services,Commercial Services & Supplies,Business Process Outsourcing (BPO)/ Knowledge Process Outsourcing (KPO),CLASSIFIED,,,,0
INE475B01022,HIKAL,Hikal Limited,EQ,524735,Healthcare,Pharmaceuticals,Healthcare,Pharmaceuticals & Biotechnology,Pharmaceuticals,CLASSIFIED,,,,0
INE00RL01028,HILINFRA,Highway Infrastructure Limited,EQ,544477,Services,"Road Assets–Toll, Annuity, Hybrid-Annuity",Services,Transport Infrastructure,"Road Assets–Toll, Annuity, Hybrid-Annuity",CLASSIFIED,,,,0
INE788H01017,HILTON,Hilton Metal Forging Limited,BE,532847,Industrials,Castings & Forgings,Capital Goods,Industrial Products,Castings & Forgings,CLASSIFIED,,,,0
INE049A01027,HIMATSEIDE,Himatsingka Seide Limited,EQ,514043,Consumer Discretionary,Other Textile Products,Textiles,Textiles & Apparels,Other Textile Products,CLASSIFIED,,,,0
INE074C01013,HINDADH,Hindustan Adhesives Limited,EQ,514428,Industrials,Plastic Products - Industrial,Capital Goods,Industrial Products,Plastic Products - Industrial,CLASSIFIED,,,,0
INE038A01020,HINDALCO,Hindalco Industries Limited,EQ,500440,Commodities,Aluminium,Metals & Mining,Non - Ferrous Metals,Aluminium,CLASSIFIED,,,,0
INE227B01019,HINDALUMI,Hind Aluminium Industries Limited,EQ,531979,Commodities,Aluminium,Metals & Mining,Non - Ferrous Metals,Aluminium,CLASSIFIED,,,,0
INE310C01029,HINDCOMPOS,Hindustan Composites Limited,EQ,509635,Consumer Discretionary,Auto Components & Equipments,Automobile and Auto Components,Auto Components,Auto Components & Equipments,CLASSIFIED,,,,0
INE642Y01029,HINDCON,Hindcon Chemicals Limited,EQ,,,,,,,BSE_RETRY,,No BSE code found for ISIN,2026-09-07T12:51:15Z,1
INE531E01026,HINDCOPPER,Hindustan Copper Limited,EQ,513599,Commodities,Copper,Metals & Mining,Non - Ferrous Metals,Copper,CLASSIFIED,,,,0
INE345A01011,HINDOILEXP,Hindustan Oil Exploration Company Limited,EQ,500186,Energy,Oil Exploration & Production,"Oil, Gas & Consumable Fuels",Oil,Oil Exploration & Production,CLASSIFIED,,,,0
INE094A01015,HINDPETRO,Hindustan Petroleum Corporation Limited,EQ,500104,Energy,Refineries & Marketing,"Oil, Gas & Consumable Fuels",Petroleum Products,Refineries & Marketing,CLASSIFIED,,,,0
INE030A01027,HINDUNILVR,Hindustan Unilever Limited,EQ,500696,Fast Moving Consumer Goods,Diversified FMCG,Fast Moving Consumer Goods,Diversified FMCG,Diversified FMCG,CLASSIFIED,,,,0
INE05AN01011,HINDWAREAP,Hindware Home Innovation Limited,EQ,542905,Consumer Discretionary,Sanitary Ware,Consumer Durables,Consumer Durables,Sanitary Ware,CLASSIFIED,,,,0
INE267A01025,HINDZINC,Hindustan Zinc Limited,EQ,500188,Commodities,Zinc,Metals & Mining,Non - Ferrous Metals,Zinc,CLASSIFIED,,,,0
INE835D01023,HIRECT,Hirect Limited,EQ,504036,Industrials,Industrial Products,Capital Goods,Industrial Manufacturing,Industrial Products,CLASSIFIED,,,,0
INE598C01011,HISARMETAL,Hisar Metal Industries Limited,EQ,590018,Industrials,Iron & Steel Products,Capital Goods,Industrial Products,Iron & Steel Products,CLASSIFIED,,,,0
INE106T01025,HITECH,Hi-Tech Pipes Limited,EQ,543411,Industrials,Iron & Steel Products,Capital Goods,Industrial Products,Iron & Steel Products,CLASSIFIED,,,,0
INE120D01012,HITECHCORP,Hitech Corporation Limited,BE,526217,Industrials,Packaging,Capital Goods,Industrial Products,Packaging,CLASSIFIED,,,,0
INE127B01011,HITECHGEAR,The Hi-Tech Gears Limited,BE,522073,Consumer Discretionary,Auto Components & Equipments,Automobile and Auto Components,Auto Components,Auto Components & Equipments,CLASSIFIED,,,,0
INE461D01028,HLEGLAS,HLE Glascoat Limited,EQ,522215,Industrials,Industrial Products,Capital Goods,Industrial Manufacturing,Industrial Products,CLASSIFIED,,,,0
INE102A01024,HLVLTD,HLV LIMITED,EQ,500193,Consumer Discretionary,Hotels & Resorts,Consumer Services,Leisure Services,Hotels & Resorts,CLASSIFIED,,,,0
INE0ECP01024,HMAAGRO,HMA Agro Industries Limited,EQ,543929,Fast Moving Consumer Goods,Meat Products including Poultry,Fast Moving Consumer Goods,Food Products,Meat Products including Poultry,CLASSIFIED,,,,0
INE262A01018,HMT,HMT Limited,BZ,500191,Industrials,Industrial Products,Capital Goods,Industrial Manufacturing,Industrial Products,CLASSIFIED,,,,0
INE871K01015,HMVL,Hindustan Media Ventures Limited,BE,533217,Consumer Discretionary,Print Media,"Media, Entertainment & Publication",Media,Print Media,CLASSIFIED,,,,0
INE254N01026,HNDFDS,Hindustan Foods Limited,EQ,519126,Fast Moving Consumer Goods,Diversified FMCG,Fast Moving Consumer Goods,Diversified FMCG,Diversified FMCG,CLASSIFIED,,,,0
INE481N01025,HOMEFIRST,Home First Finance Company India Limited,EQ,543259,Financial Services,Housing Finance Company,Financial Services,Finance,Housing Finance Company,CLASSIFIED,,,,0
INE0J5401028,HONASA,Honasa Consumer Limited,EQ,544014,Fast Moving Consumer Goods,Personal Care,Fast Moving Consumer Goods,Personal Products,Personal Care,CLASSIFIED,,,,0
INE671A01010,HONAUT,Honeywell Automation India Limited,EQ,517174,Industrials,Industrial Products,Capital Goods,Industrial Manufacturing,Industrial Products,CLASSIFIED,,,,0
INE634A01018,HONDAPOWER,Honda India Power Products Limited,EQ,522064,Industrials,Industrial Products,Capital Goods,Industrial Manufacturing,Industrial Products,CLASSIFIED,,,,0
INE0GSL01024,HPAL,HP Adhesives Limited,EQ,543433,Commodities,Specialty Chemicals,Chemicals,Chemicals & Petrochemicals,Specialty Chemicals,CLASSIFIED,,,,0
INE05X901010,HPIL,Hindprakash Industries Limited,EQ,543645,Commodities,Dyes And Pigments,Chemicals,Chemicals & Petrochemicals,Dyes And Pigments,CLASSIFIED,,,,0
INE495S01016,HPL,HPL Electric & Power Limited,EQ,540136,Industrials,Industrial Products,Capital Goods,Industrial Manufacturing,Industrial Products,CLASSIFIED,,,,0
INE400G01011,HRYNSHP,Hariyana Ship Breakers Limited,EQ,526931,Industrials,Ship Building & Allied Services,Capital Goods,Industrial Manufacturing,Ship Building & Allied Services,CLASSIFIED,,,,0
INE019C01026,HSCL,Himadri Speciality Chemical Limited,EQ,500184,Commodities,Carbon Black,Chemicals,Chemicals & Petrochemicals,Carbon Black,CLASSIFIED,,,,0
INE501G01024,HTMEDIA,HT Media Limited,EQ,532662,Consumer Discretionary,Print Media,"Media, Entertainment & Publication",Media,Print Media,CLASSIFIED,,,,0
INE703H01016,HUBTOWN,Hubtown Limited,EQ,532799,Consumer Discretionary,"Residential, Commercial Projects",Realty,Realty,"Residential, Commercial Projects",CLASSIFIED,,,,0
INE031A01017,HUDCO,Housing & Urban Development Corporation Limited,EQ,540530,Financial Services,Financial Institution,Financial Services,Finance,Financial Institution,CLASSIFIED,,,,0
INE275B01026,HUHTAMAKI,Huhtamaki India Limited,EQ,509820,Industrials,Packaging,Capital Goods,Industrial Products,Packaging,CLASSIFIED,,,,0
INE965B01022,HYBRIDFIN,Hybrid Financial Services Limited,BE,500262,Financial Services,Stockbroking & Allied,Financial Services,Capital Markets,Stockbroking & Allied,CLASSIFIED,,,,0
INE0V6F01027,HYUNDAI,Hyundai Motor India Limited,EQ,544274,Consumer Discretionary,Passenger Cars & Utility Vehicles,Automobile and Auto Components,Automobiles,Passenger Cars & Utility Vehicles,CLASSIFIED,,,,0
INE126M01010,IBULLSLTD,Indiabulls Limited,EQ,533520,Services,Diversified Commercial Services,Services,Commercial Services & Supplies,Diversified Commercial Services,CLASSIFIED,,,,0
INE613B01010,ICDSLTD,ICDS Limited,EQ,511194,Services,Diversified Commercial Services,Services,Commercial Services & Supplies,Diversified Commercial Services,CLASSIFIED,,,,0
INE520Y01019,ICEMAKE,Ice Make Refrigeration Limited,EQ,,,,,,,BSE_RETRY,,No BSE code found for ISIN,2026-09-07T12:51:15Z,1
INE346A01027,ICICIAMC,ICICI Prudential Asset Management Company Limited,EQ,544658,Financial Services,Asset Management Company,Financial Services,Capital Markets,Asset Management Company,CLASSIFIED,,,,0
INE090A01021,ICICIBANK,ICICI Bank Limited,EQ,532174,Financial Services,Private Sector Bank,Financial Services,Banks,Private Sector Bank,CLASSIFIED,,,,0
INE765G01017,ICICIGI,ICICI Lombard General Insurance Company Limited,EQ,540716,Financial Services,General Insurance,Financial Services,Insurance,General Insurance,CLASSIFIED,,,,0
INE726G01019,ICICIPRULI,ICICI Prudential Life Insurance Company Limited,EQ,540133,Financial Services,Life Insurance,Financial Services,Insurance,Life Insurance,CLASSIFIED,,,,0
INE483B01026,ICIL,Indo Count Industries Limited,EQ,521016,Consumer Discretionary,Other Textile Products,Textiles,Textiles & Apparels,Other Textile Products,CLASSIFIED,,,,0
INE725G01011,ICRA,ICRA Limited,EQ,532835,Financial Services,Ratings,Financial Services,Capital Markets,Ratings,CLASSIFIED,,,,0
INE008A01015,IDBI,IDBI Bank Limited,EQ,500116,Financial Services,Private Sector Bank,Financial Services,Banks,Private Sector Bank,CLASSIFIED,,,,0
INE669E01016,IDEA,Vodafone Idea Limited,EQ,532822,Telecommunication,Telecom - Cellular & Fixed line services,Telecommunication,Telecom - Services,Telecom - Cellular & Fixed line services,CLASSIFIED,,,,0
INE349Y01013,IDEAFORGE,Ideaforge Technology Limited,EQ,543932,Industrials,Aerospace & Defense,Capital Goods,Aerospace & Defense,Aerospace & Defense,CLASSIFIED,,,,0
INE092T01019,IDFCFIRSTB,IDFC First Bank Limited,EQ,539437,Financial Services,Private Sector Bank,Financial Services,Banks,Private Sector Bank,CLASSIFIED,,,,0
INE022Q01020,IEX,Indian Energy Exchange Limited,EQ,540750,Financial Services,Exchange and Data Platform,Financial Services,Capital Markets,Exchange and Data Platform,CLASSIFIED,,,,0
INE076C01018,IFBAGRO,IFB Agro Industries Limited,EQ,507438,Fast Moving Consumer Goods,Breweries & Distilleries,Fast Moving Consumer Goods,Beverages,Breweries & Distilleries,CLASSIFIED,,,,0
INE559A01017,IFBIND,IFB Industries Limited,EQ,505726,Consumer Discretionary,Household Appliances,Consumer Durables,Consumer Durables,Household Appliances,CLASSIFIED,,,,0
INE039A01010,IFCI,IFCI Limited,EQ,500106,Financial Services,Financial Institution,Financial Services,Finance,Financial Institution,CLASSIFIED,,,,0
INE133Y01011,IFGLEXPOR,IFGL Refractories Limited,EQ,540774,Industrials,Electrodes & Refractories,Capital Goods,Industrial Products,Electrodes & Refractories,CLASSIFIED,,,,0
INE188B01013,IGARASHI,Igarashi Motors India Limited,EQ,517380,Consumer Discretionary,Auto Components & Equipments,Automobile and Auto Components,Auto Components,Auto Components & Equipments,CLASSIFIED,,,,0
INE05J901018,IGCL,Indogulf Cropsciences Limited,EQ,544432,Commodities,Pesticides & Agrochemicals,Chemicals,Fertilizers & Agrochemicals,Pesticides & Agrochemicals,CLASSIFIED,,,,0
INE0Q9301021,IGIL,International Gemological Institute Limited,EQ,544311,Services,Diversified Commercial Services,Services,Commercial Services & Supplies,Diversified Commercial Services,CLASSIFIED,,,,0
INE203G01027,IGL,Indraprastha Gas Limited,EQ,532514,Energy,LPG/CNG/PNG/LNG Supplier,"Oil, Gas & Consumable Fuels",Gas,LPG/CNG/PNG/LNG Supplier,CLASSIFIED,,,,0
INE204A01010,IGPL,IG Petrochemicals Limited,EQ,500199,Commodities,Commodity Chemicals,Chemicals,Chemicals & Petrochemicals,Commodity Chemicals,CLASSIFIED,,,,0
INE530B01024,IIFL,IIFL Finance Limited,EQ,532636,Financial Services,Non Banking Financial Company (NBFC),Financial Services,Finance,Non Banking Financial Company (NBFC),CLASSIFIED,,,,0
INE489L01022,IIFLCAPS,IIFL Capital Services Limited,EQ,542773,Financial Services,Stockbroking & Allied,Financial Services,Capital Markets,Stockbroking & Allied,CLASSIFIED,,,,0
INE886A01014,IITL,Industrial Investment Trust Limited,EQ,501295,Financial Services,Investment Company,Financial Services,Finance,Investment Company,CLASSIFIED,,,,0
INE0LOJ01019,IKIO,IKIO Technologies Limited,EQ,543923,Consumer Discretionary,Consumer Electronics,Consumer Durables,Consumer Durables,Consumer Electronics,CLASSIFIED,,,,0
INE115Q01022,IKS,Inventurus Knowledge Solutions Limited,EQ,544309,Information Technology,IT Enabled Services,Information Technology,IT - Services,IT Enabled Services,CLASSIFIED,,,,0
INE369I01014,IL&FSENGG,IL&FS Engineering and Construction Company Limited,BZ,532907,Industrials,Civil Construction,Construction,Construction,Civil Construction,CLASSIFIED,,,,0
INE975G01012,IL&FSTRANS,IL&FS Transportation Networks Limited,BZ,533177,Industrials,Civil Construction,Construction,Construction,Civil Construction,CLASSIFIED,,,,0
INE172N01012,IMAGICAA,Imagicaaworld Entertainment Limited,EQ,539056,Consumer Discretionary,Amusement Parks/ Other Recreation,Consumer Services,Leisure Services,Amusement Parks/ Other Recreation,CLASSIFIED,,,,0
INE919H01018,IMFA,Indian Metals & Ferro Alloys Limited,EQ,533047,Commodities,Ferro & Silica Manganese,Metals & Mining,Ferrous Metals,Ferro & Silica Manganese,CLASSIFIED,,,,0
INE547E01014,IMPAL,India Motor Parts and Accessories Limited,EQ,590065,Consumer Discretionary,Trading - Auto Components,Automobile and Auto Components,Auto Components,Trading - Auto Components,CLASSIFIED,,,,0
INE691G01015,IMPEXFERRO,Impex Ferro Tech Limited,BZ,532614,Commodities,Ferro & Silica Manganese,Metals & Mining,Ferrous Metals,Ferro & Silica Manganese,CLASSIFIED,,,,0
INE0LGX01024,INA,Insolation Energy Limited,EQ,543620,Utilities,Power Generation,Power,Power,Power Generation,CLASSIFIED,,,,0
INE452L01012,INCREDIBLE,INCREDIBLE INDUSTRIES LIMITED,EQ,538365,Industrials,Iron & Steel Products,Capital Goods,Industrial Products,Iron & Steel Products,CLASSIFIED,,,,0
INE841B01017,INDBANK,Indbank Merchant Banking Services Limited,EQ,511473,Financial Services,Stockbroking & Allied,Financial Services,Capital Markets,Stockbroking & Allied,CLASSIFIED,,,,0
INE065X01017,INDGN,Indegene Limited,EQ,544172,Healthcare,"Healthcare Research, Analytics & Technology",Healthcare,Healthcare Services,"Healthcare Research, Analytics & Technology",CLASSIFIED,,,,0
INE053A01029,INDHOTEL,The Indian Hotels Company Limited,EQ,500850,Consumer Discretionary,Hotels & Resorts,Consumer Services,Leisure Services,Hotels & Resorts,CLASSIFIED,,,,0
INE383A01012,INDIACEM,The India Cements Limited,EQ,530005,Commodities,Cement & Cement Products,Construction Materials,Cement & Cement Products,Cement & Cement Products,CLASSIFIED,,,,0
INE560A01023,INDIAGLYCO,India Glycols Limited,EQ,500201,Fast Moving Consumer Goods,Breweries & Distilleries,Fast Moving Consumer Goods,Beverages,Breweries & Distilleries,CLASSIFIED,,,,0
INE933S01016,INDIAMART,Indiamart Intermesh Limited,EQ,542726,Consumer Discretionary,Internet & Catalogue Retail,Consumer Services,Retailing,Internet & Catalogue Retail,CLASSIFIED,,,,0
INE562A01011,INDIANB,Indian Bank,EQ,532814,Financial Services,Public Sector Bank,Financial Services,Banks,Public Sector Bank,CLASSIFIED,,,,0
INE061A01014,INDIANCARD,Indian Card Clothing Company Limited,EQ,509692,Consumer Discretionary,Other Textile Products,Textiles,Textiles & Apparels,Other Textile Products,CLASSIFIED,,,,0
INE323C01030,INDIANHUME,Indian Hume Pipe Company Limited,EQ,504741,Industrials,Civil Construction,Construction,Construction,Civil Construction,CLASSIFIED,,,,0
INE922K01024,INDIASHLTR,India Shelter Finance Corporation Limited,EQ,544044,Financial Services,Housing Finance Company,Financial Services,Finance,Housing Finance Company,CLASSIFIED,,,,0
INE646L01027,INDIGO,InterGlobe Aviation Limited,EQ,539448,Services,Airline,Services,Transport Services,Airline,CLASSIFIED,,,,0
INE09VQ01012,INDIGOPNTS,Indigo Paints Limited,EQ,543258,Consumer Discretionary,Paints,Consumer Durables,Consumer Durables,Paints,CLASSIFIED,,,,0
INE06ST01018,INDIQUBE,Indiqube Spaces Limited,EQ,544454,Services,Diversified Commercial Services,Services,Commercial Services & Supplies,Diversified Commercial Services,CLASSIFIED,,,,0
INE092B01025,INDNIPPON,India Nippon Electricals Limited,EQ,532240,Consumer Discretionary,Auto Components & Equipments,Automobile and Auto Components,Auto Components,Auto Components & Equipments,CLASSIFIED,,,,0
INE760F01028,INDOAMIN,Indo Amines Limited,BE,524648,Commodities,Specialty Chemicals,Chemicals,Chemicals & Petrochemicals,Specialty Chemicals,CLASSIFIED,,,,0
INE803D01021,INDOBORAX,Indo Borax & Chemicals Limited,EQ,524342,Commodities,Commodity Chemicals,Chemicals,Chemicals & Petrochemicals,Commodity Chemicals,CLASSIFIED,,,,0
INE873D01024,INDOCO,Indoco Remedies Limited,EQ,532612,Healthcare,Pharmaceuticals,Healthcare,Pharmaceuticals & Biotechnology,Pharmaceuticals,CLASSIFIED,,,,0
INE622H01018,INDOFARM,Indo Farm Equipment Limited,EQ,544328,Industrials,Construction Vehicles,Capital Goods,"Agricultural, Commercial & Construction Vehicles",Construction Vehicles,CLASSIFIED,,,,0
INE716F01012,INDOKEM,Indokem Limited,EQ,504092,Commodities,Specialty Chemicals,Chemicals,Chemicals & Petrochemicals,Specialty Chemicals,CLASSIFIED,,,,0
INE084101034,INDOMIM,INDO-MIM Limited,EQ,544837,Industrials,Industrial Products,Capital Goods,Industrial Manufacturing,Industrial Products,CLASSIFIED,,,,0
INE156A01020,INDORAMA,Indo Rama Synthetics (India) Limited,EQ,500207,Consumer Discretionary,Other Textile Products,Textiles,Textiles & Apparels,Other Textile Products,CLASSIFIED,,,,0
INE896L01010,INDOSTAR,IndoStar Capital Finance Limited,EQ,541336,Financial Services,Non Banking Financial Company (NBFC),Financial Services,Finance,Non Banking Financial Company (NBFC),CLASSIFIED,,,,0
INE332H01014,INDOTECH,Indo Tech Transformers Limited,EQ,532717,Industrials,Heavy Electrical Equipment,Capital Goods,Electrical Equipment,Heavy Electrical Equipment,CLASSIFIED,,,,0
INE337M01021,INDOTHAI,Indo Thai Securities Limited,EQ,533676,Financial Services,Stockbroking & Allied,Financial Services,Capital Markets,Stockbroking & Allied,CLASSIFIED,,,,0
INE250Z01010,INDOUS,Indo Us Biotech Limited,EQ,541304,Fast Moving Consumer Goods,Other Agricultural Products,Fast Moving Consumer Goods,Agricultural Food & other Products,Other Agricultural Products,CLASSIFIED,,,,0
INE227G01018,INDOWIND,Indowind Energy Limited,EQ,532894,Utilities,Power Generation,Power,Power,Power Generation,CLASSIFIED,,,,0
INE620D01011,INDPRUD,Industrial & Prudential Investment Company Limited,EQ,501298,Financial Services,Investment Company,Financial Services,Finance,Investment Company,CLASSIFIED,,,,0
INE681B01017,INDRAMEDCO,Indraprastha Medical Corporation Limited,EQ,532150,Healthcare,Hospital,Healthcare,Healthcare Services,Hospital,CLASSIFIED,,,,0
INE915B01019,INDSWFTLAB,Ind-Swift Laboratories Limited,EQ,532305,Healthcare,Pharmaceuticals,Healthcare,Pharmaceuticals & Biotechnology,Pharmaceuticals,CLASSIFIED,,,,0
INE611L01021,INDTERRAIN,Indian Terrain Fashions Limited,EQ,533329,Consumer Discretionary,Garments & Apparels,Textiles,Textiles & Apparels,Garments & Apparels,CLASSIFIED,,,,0
INE095A01012,INDUSINDBK,IndusInd Bank Limited,EQ,532187,Financial Services,Private Sector Bank,Financial Services,Banks,Private Sector Bank,CLASSIFIED,,,,0
INE121J01017,INDUSTOWER,Indus Towers Limited,EQ,534816,Telecommunication,Telecom - Infrastructure,Telecommunication,Telecom - Services,Telecom - Infrastructure,CLASSIFIED,,,,0
INE344S01016,INFOBEAN,InfoBeans Technologies Limited,EQ,543644,Information Technology,Computers - Software & Consulting,Information Technology,IT - Software,Computers - Software & Consulting,CLASSIFIED,,,,0
INE669A01022,INFOMEDIA,Infomedia Press Limited,EQ,509069,Consumer Discretionary,Printing & Publication,"Media, Entertainment & Publication",Printing & Publication,Printing & Publication,CLASSIFIED,,,,0
INE009A01021,INFY,Infosys Limited,EQ,500209,Information Technology,Computers - Software & Consulting,Information Technology,IT - Software,Computers - Software & Consulting,CLASSIFIED,,,,0
INE177A01018,INGERRAND,Ingersoll Rand (India) Limited,EQ,500210,Industrials,"Compressors, Pumps & Diesel Engines",Capital Goods,Industrial Products,"Compressors, Pumps & Diesel Engines",CLASSIFIED,,,,0
INE0DUT01020,INNOVACAP,Innova Captab Limited,EQ,544067,Healthcare,Pharmaceuticals,Healthcare,Pharmaceuticals & Biotechnology,Pharmaceuticals,CLASSIFIED,,,,0
INE403Y01018,INNOVANA,Innovana Thinklabs Limited,EQ,544302,Information Technology,Computers - Software & Consulting,Information Technology,IT - Software,Computers - Software & Consulting,CLASSIFIED,,,,0
INE0ADB01012,INNOVISION,Innovision Limited,EQ,544732,Services,"Road Assets–Toll, Annuity, Hybrid-Annuity",Services,Transport Infrastructure,"Road Assets–Toll, Annuity, Hybrid-Annuity",CLASSIFIED,,,,0
INE510W01014,INOXGREEN,Inox Green Energy Services Limited,EQ,543667,Services,Diversified Commercial Services,Services,Commercial Services & Supplies,Diversified Commercial Services,CLASSIFIED,,,,0
INE616N01034,INOXINDIA,INOX India Limited,EQ,544046,Industrials,Other Industrial Products,Capital Goods,Industrial Products,Other Industrial Products,CLASSIFIED,,,,0
INE066P01011,INOXWIND,Inox Wind Limited,EQ,539083,Industrials,Heavy Electrical Equipment,Capital Goods,Electrical Equipment,Heavy Electrical Equipment,CLASSIFIED,,,,0
INE070I01018,INSECTICID,Insecticides (India) Limited,EQ,532851,Commodities,Pesticides & Agrochemicals,Chemicals,Fertilizers & Agrochemicals,Pesticides & Agrochemicals,CLASSIFIED,,,,0
INE020G01017,INSPIRISYS,Inspirisys Solutions Limited,BE,532774,Information Technology,IT Enabled Services,Information Technology,IT - Services,IT Enabled Services,CLASSIFIED,,,,0
INE306R01017,INTELLECT,Intellect Design Arena Limited,EQ,538835,Information Technology,Computers - Software & Consulting,Information Technology,IT - Software,Computers - Software & Consulting,CLASSIFIED,,,,0
INE781A01025,INTENTECH,Intense Technologies Limited,EQ,532326,Information Technology,IT Enabled Services,Information Technology,IT - Services,IT Enabled Services,CLASSIFIED,,,,0
INE00M901018,INTERARCH,Interarch Building Solutions Limited,EQ,544232,Industrials,Civil Construction,Construction,Construction,Civil Construction,CLASSIFIED,,,,0
INE575C01027,INTLCONV,International Conveyors Limited,EQ,509709,Industrials,Industrial Products,Capital Goods,Industrial Manufacturing,Industrial Products,CLASSIFIED,,,,0
INE878H01024,INVENTURE,Inventure Growth & Securities Limited,EQ,533506,Financial Services,Stockbroking & Allied,Financial Services,Capital Markets,Stockbroking & Allied,CLASSIFIED,,,,0
INE155E01016,INVPRECQ,Investment & Precision Castings Limited,BE,504786,Industrials,Castings & Forgings,Capital Goods,Industrial Products,Castings & Forgings,CLASSIFIED,,,,0
INE565A01014,IOB,Indian Overseas Bank,EQ,532388,Financial Services,Public Sector Bank,Financial Services,Banks,Public Sector Bank,CLASSIFIED,,,,0
INE242A01010,IOC,Indian Oil Corporation Limited,EQ,530965,Energy,Refineries & Marketing,"Oil, Gas & Consumable Fuels",Petroleum Products,Refineries & Marketing,CLASSIFIED,,,,0
INE485C01029,IOLCP,IOL Chemicals and Pharmaceuticals Limited,EQ,524164,Healthcare,Pharmaceuticals,Healthcare,Pharmaceuticals & Biotechnology,Pharmaceuticals,CLASSIFIED,,,,0
INE570A01022,IONEXCHANG,ION Exchange (India) Limited,EQ,500214,Utilities,Water Supply & Management,Utilities,Other Utilities,Water Supply & Management,CLASSIFIED,,,,0
INE571A01038,IPCALAB,IPCA Laboratories Limited,EQ,524494,Healthcare,Pharmaceuticals,Healthcare,Pharmaceuticals & Biotechnology,Pharmaceuticals,CLASSIFIED,,,,0
INE0D6701023,IPL,India Pesticides Limited,EQ,543311,Commodities,Pesticides & Agrochemicals,Chemicals,Fertilizers & Agrochemicals,Pesticides & Agrochemicals,CLASSIFIED,,,,0
INE558A01019,IPRINGLTD,IP Rings Limited,EQ,523638,Consumer Discretionary,Auto Components & Equipments,Automobile and Auto Components,Auto Components,Auto Components & Equipments,CLASSIFIED,,,,0
INE821I01022,IRB,IRB Infrastructure Developers Limited,EQ,532947,Industrials,Civil Construction,Construction,Construction,Civil Construction,CLASSIFIED,,,,0
INE962Y01021,IRCON,Ircon International Limited,EQ,541956,Industrials,Civil Construction,Construction,Construction,Civil Construction,CLASSIFIED,,,,0
INE335Y01020,IRCTC,Indian Railway Catering And Tourism Corporation Limited,EQ,542830,Consumer Discretionary,"Tour, Travel Related Services",Consumer Services,Leisure Services,"Tour, Travel Related Services",CLASSIFIED,,,,0
INE202E01016,IREDA,Indian Renewable Energy Development Agency Limited,EQ,544026,Financial Services,Financial Institution,Financial Services,Finance,Financial Institution,CLASSIFIED,,,,0
INE053F01010,IRFC,Indian Railway Finance Corporation Limited,EQ,543257,Financial Services,Financial Institution,Financial Services,Finance,Financial Institution,CLASSIFIED,,,,0
INE864K01010,IRIS,IRIS RegTech Solutions Limited,EQ,540735,Information Technology,Software Products,Information Technology,IT - Software,Software Products,CLASSIFIED,,,,0
INE01GN01025,IRISDOREME,Iris Clothings Limited,EQ,,,,,,,BSE_RETRY,,No BSE code found for ISIN,2026-09-07T12:51:15Z,1
INE07U701015,IRMENERGY,IRM Energy Limited,EQ,544004,Energy,LPG/CNG/PNG/LNG Supplier,"Oil, Gas & Consumable Fuels",Gas,LPG/CNG/PNG/LNG Supplier,CLASSIFIED,,,,0
INE566K01011,ISFT,Intrasoft Technologies Limited,EQ,533181,Consumer Discretionary,E-Retail/ E-Commerce,Consumer Services,Retailing,E-Retail/ E-Commerce,CLASSIFIED,,,,0
INE858B01029,ISGEC,Isgec Heavy Engineering Limited,EQ,533033,Industrials,Civil Construction,Construction,Construction,Civil Construction,CLASSIFIED,,,,0
INE561M01018,ISHANCH,Ishan Dyes and Chemicals Limited,EQ,531109,Commodities,Specialty Chemicals,Chemicals,Chemicals & Petrochemicals,Specialty Chemicals,CLASSIFIED,,,,0
INE684B01029,ISTLTD,I S T Limited,EQ,508807,Consumer Discretionary,Auto Components & Equipments,Automobile and Auto Components,Auto Components,Auto Components & Equipments,CLASSIFIED,,,,0
INE154A01025,ITC,ITC Limited,EQ,500875,Fast Moving Consumer Goods,Diversified FMCG,Fast Moving Consumer Goods,Diversified FMCG,Diversified FMCG,CLASSIFIED,,,,0
INE379A01028,ITCHOTELS,ITC Hotels Limited,EQ,544325,Consumer Discretionary,Hotels & Resorts,Consumer Services,Leisure Services,Hotels & Resorts,CLASSIFIED,,,,0
INE353K01014,ITDC,India Tourism Development Corporation Limited,EQ,532189,Consumer Discretionary,Hotels & Resorts,Consumer Services,Leisure Services,Hotels & Resorts,CLASSIFIED,,,,0
INE248A01017,ITI,ITI Limited,EQ,523610,Telecommunication,Telecom -  Equipment & Accessories,Telecommunication,Telecom -  Equipment & Accessories,Telecom -  Equipment & Accessories,CLASSIFIED,,,,0
INE478D01014,ITL,ITL Industries Limited,EQ,522183,Industrials,Industrial Products,Capital Goods,Industrial Manufacturing,Industrial Products,CLASSIFIED,,,,0
INE056801025,IVALUE,Ivalue Infosolutions Limited,EQ,544523,Information Technology,Computers Hardware & Equipments,Information Technology,IT - Hardware,Computers Hardware & Equipments,CLASSIFIED,,,,0
INE050B01023,IVC,IL&FS Investment Managers Limited,EQ,511208,Financial Services,Asset Management Company,Financial Services,Capital Markets,Asset Management Company,CLASSIFIED,,,,0
INE043C01018,IVP,IVP Limited,BE,507580,Commodities,Specialty Chemicals,Chemicals,Chemicals & Petrochemicals,Specialty Chemicals,CLASSIFIED,,,,0
INE586E01020,IWP,The Indian Wood Products Company Limited,EQ,540954,Commodities,Forest Products,Forest Materials,"Paper, Forest & Jute Products",Forest Products,CLASSIFIED,,,,0
INE0HV901016,IXIGO,Le Travenues Technology Limited,EQ,544192,Consumer Discretionary,"Tour, Travel Related Services",Consumer Services,Leisure Services,"Tour, Travel Related Services",CLASSIFIED,,,,0
INE848A01014,IZMO,IZMO Limited,EQ,532341,Information Technology,IT Enabled Services,Information Technology,IT - Services,IT Enabled Services,CLASSIFIED,,,,0
INE168A01041,J&KBANK,The Jammu & Kashmir Bank Limited,EQ,532209,Financial Services,Private Sector Bank,Financial Services,Banks,Private Sector Bank,CLASSIFIED,,,,0
INE199G01027,JAGRAN,Jagran Prakashan Limited,EQ,532705,Consumer Discretionary,Print Media,"Media, Entertainment & Publication",Media,Print Media,CLASSIFIED,,,,0
INE048B01035,JAGSNPHARM,Jagsonpal Pharmaceuticals Limited,EQ,507789,Healthcare,Pharmaceuticals,Healthcare,Pharmaceuticals & Biotechnology,Pharmaceuticals,CLASSIFIED,,,,0
INE091G01026,JAIBALAJI,Jai Balaji Industries Limited,EQ,532976,Commodities,Iron & Steel,Metals & Mining,Ferrous Metals,Iron & Steel,CLASSIFIED,,,,0
INE070D01027,JAICORPLTD,Jai Corp Limited,EQ,512237,Industrials,Plastic Products - Industrial,Capital Goods,Industrial Products,Plastic Products - Industrial,CLASSIFIED,,,,0
INE0YD401026,JAINREC,Jain Resource Recycling Limited,EQ,544537,Commodities,Diversified Metals,Metals & Mining,Diversified Metals,Diversified Metals,CLASSIFIED,,,,0
INE696V01013,JAIPURKURT,Nandani Creation Limited,EQ,,,,,,,BSE_RETRY,,No BSE code found for ISIN,2026-09-07T12:51:15Z,1
INE039C01032,JAMNAAUTO,Jamna Auto Industries Limited,EQ,520051,Consumer Discretionary,Auto Components & Equipments,Automobile and Auto Components,Auto Components,Auto Components & Equipments,CLASSIFIED,,,,0
INE00YJ01010,JARO,Jaro Institute of Technology Management and Research Limited,EQ,544534,Consumer Discretionary,E-Learning,Consumer Services,Other Consumer Services,E-Learning,CLASSIFIED,,,,0
INE039O01029,JASH,Jash Engineering Limited,EQ,544402,Industrials,Industrial Products,Capital Goods,Industrial Manufacturing,Industrial Products,CLASSIFIED,,,,0
INE785A01026,JAYAGROGN,Jayant Agro Organics Limited,EQ,524330,Commodities,Specialty Chemicals,Chemicals,Chemicals & Petrochemicals,Specialty Chemicals,CLASSIFIED,,,,0
INE571B01036,JAYBARMARU,Jay Bharat Maruti Limited,EQ,520066,Consumer Discretionary,Auto Components & Equipments,Automobile and Auto Components,Auto Components,Auto Components & Equipments,CLASSIFIED,,,,0
INE903A01025,JAYKAY,Jaykay Enterprises Limited,EQ,500306,Industrials,Aerospace & Defense,Capital Goods,Aerospace & Defense,Aerospace & Defense,CLASSIFIED,,,,0
INE854B01010,JAYNECOIND,Jayaswal Neco Industries Limited,EQ,522285,Industrials,Iron & Steel Products,Capital Goods,Industrial Products,Iron & Steel Products,CLASSIFIED,,,,0
INE364A01020,JAYSREETEA,Jayshree Tea & Industries Limited,EQ,509715,Fast Moving Consumer Goods,Tea & Coffee,Fast Moving Consumer Goods,Agricultural Food & other Products,Tea & Coffee,CLASSIFIED,,,,0
INE927D01051,JBMA,JBM Auto Limited,EQ,532605,Consumer Discretionary,Auto Components & Equipments,Automobile and Auto Components,Auto Components,Auto Components & Equipments,CLASSIFIED,,,,0
INE354A01013,JENBURPH,Jenburkt Pharmaceuticals Limited,EQ,524731,Healthcare,Pharmaceuticals,Healthcare,Pharmaceuticals & Biotechnology,Pharmaceuticals,CLASSIFIED,,,,0
INE982V01025,JETFREIGHT,Jet Freight Logistics Limited,EQ,543420,Services,Logistics Solution Provider,Services,Transport Services,Logistics Solution Provider,CLASSIFIED,,,,0
INE0MB501011,JGCHEM,J.G.Chemicals Limited,EQ,544138,Commodities,Commodity Chemicals,Chemicals,Chemicals & Petrochemicals,Commodity Chemicals,CLASSIFIED,,,,0
INE544H01014,JHS,JHS Svendgaard Laboratories Limited,EQ,532771,Fast Moving Consumer Goods,Personal Care,Fast Moving Consumer Goods,Personal Products,Personal Care,CLASSIFIED,,,,0
INE796G01012,JINDALPHOT,Jindal Photo Limited,EQ,532624,Financial Services,Investment Company,Financial Services,Finance,Investment Company,CLASSIFIED,,,,0
INE197D01010,JINDALPOLY,Jindal Poly Films Limited,EQ,500227,Industrials,Packaging,Capital Goods,Industrial Products,Packaging,CLASSIFIED,,,,0
INE324A01032,JINDALSAW,Jindal Saw Limited,EQ,500378,Industrials,Iron & Steel Products,Capital Goods,Industrial Products,Iron & Steel Products,CLASSIFIED,,,,0
INE749A01030,JINDALSTEL,JINDAL STEEL LIMITED,EQ,532286,Commodities,Iron & Steel,Metals & Mining,Ferrous Metals,Iron & Steel,CLASSIFIED,,,,0
INE742C01031,JINDRILL,Jindal Drilling And Industries Limited,EQ,511034,Energy,Offshore Support Solution Drilling,"Oil, Gas & Consumable Fuels",Oil,Offshore Support Solution Drilling,CLASSIFIED,,,,0
INE247D01039,JINDWORLD,Jindal Worldwide Limited,EQ,531543,Consumer Discretionary,Other Textile Products,Textiles,Textiles & Apparels,Other Textile Products,CLASSIFIED,,,,0
INE758E01017,JIOFIN,Jio Financial Services Limited,EQ,543940,Financial Services,Investment Company,Financial Services,Finance,Investment Company,CLASSIFIED,,,,0
IN9175A01010,JISLDVREQS,Jain Irrigation Systems Limited,EQ,570004,Industrials,Plastic Products - Industrial,Capital Goods,Industrial Products,Plastic Products - Industrial,CLASSIFIED,,,,0
INE175A01038,JISLJALEQS,Jain Irrigation Systems Limited,EQ,500219,Industrials,Plastic Products - Industrial,Capital Goods,Industrial Products,Plastic Products - Industrial,CLASSIFIED,,,,0
INE863T01013,JITFINFRA,JITF Infralogistics Limited,EQ,540311,Utilities,Water Supply & Management,Utilities,Other Utilities,Water Supply & Management,CLASSIFIED,,,,0
INE823G01014,JKCEMENT,JK Cement Limited,EQ,532644,Commodities,Cement & Cement Products,Construction Materials,Cement & Cement Products,Cement & Cement Products,CLASSIFIED,,,,0
INE576I01022,JKIL,J.Kumar Infraprojects Limited,EQ,532940,Industrials,Civil Construction,Construction,Construction,Civil Construction,CLASSIFIED,,,,0
INE1FF001016,JKIPL,Jinkushal Industries Limited,EQ,544547,Industrials,"Dealers-Commercial Vehicles, Tractors, Construction Vehicles",Capital Goods,"Agricultural, Commercial & Construction Vehicles","Dealers-Commercial Vehicles, Tractors, Construction Vehicles",CLASSIFIED,,,,0
INE786A01032,JKLAKSHMI,JK Lakshmi Cement Limited,EQ,500380,Commodities,Cement & Cement Products,Construction Materials,Cement & Cement Products,Cement & Cement Products,CLASSIFIED,,,,0
INE789E01012,JKPAPER,JK Paper Limited,EQ,532162,Commodities,Paper & Paper Products,Forest Materials,"Paper, Forest & Jute Products",Paper & Paper Products,CLASSIFIED,,,,0
INE573A01042,JKTYRE,JK Tyre & Industries Limited,EQ,530007,Consumer Discretionary,Tyres & Rubber Products,Automobile and Auto Components,Auto Components,Tyres & Rubber Products,CLASSIFIED,,,,0
INE682M01020,JLHL,Jupiter Life Line Hospitals Limited,EQ,543980,Healthcare,Hospital,Healthcare,Healthcare Services,Hospital,CLASSIFIED,,,,0
INE412C01023,JMA,Jullundur Motor Agency (Delhi) Limited,EQ,,,,,,,BSE_RETRY,,No BSE code found for ISIN,2026-09-07T12:51:15Z,1
INE780C01023,JMFINANCIL,JM Financial Limited,EQ,523405,Financial Services,Holding Company,Financial Services,Finance,Holding Company,CLASSIFIED,,,,0
INE0OAF01028,JNKINDIA,JNK India Limited,EQ,544167,Industrials,Industrial Products,Capital Goods,Industrial Manufacturing,Industrial Products,CLASSIFIED,,,,0
INE05C901015,JNPR,Juniper Green Energy Limited,EQ,544853,Utilities,Power Generation,Power,Power,Power Generation,CLASSIFIED,,,,0
INE839G01010,JOCIL,Jocil Limited,BE,,,,,,,BSE_RETRY,,No BSE code found for ISIN,2026-09-07T12:51:15Z,1
INE147P01019,JPOLYINVST,Jindal Poly Investment and Finance Company Limited,EQ,536773,Financial Services,Investment Company,Financial Services,Finance,Investment Company,CLASSIFIED,,,,0
INE351F01018,JPPOWER,Jaiprakash Power Ventures Limited,EQ,532627,Utilities,Power Generation,Power,Power,Power Generation,CLASSIFIED,,,,0
INE953L01027,JSFB,Jana Small Finance Bank Limited,EQ,544118,Financial Services,Other Bank,Financial Services,Banks,Other Bank,CLASSIFIED,,,,0
INE220G01021,JSL,Jindal Stainless Limited,EQ,532508,Commodities,Iron & Steel,Metals & Mining,Ferrous Metals,Iron & Steel,CLASSIFIED,,,,0
INE0J5801029,JSLL,Jeena Sikho Lifecare Limited,EQ,544476,Consumer Discretionary,Wellness,Consumer Services,Leisure Services,Wellness,CLASSIFIED,,,,0
INE718I01012,JSWCEMENT,JSW Cement Limited,EQ,544480,Commodities,Cement & Cement Products,Construction Materials,Cement & Cement Products,Cement & Cement Products,CLASSIFIED,,,,0
INE133A01011,JSWDULUX,JSW Dulux Limited,EQ,500710,Consumer Discretionary,Paints,Consumer Durables,Consumer Durables,Paints,CLASSIFIED,,,,0
INE121E01018,JSWENERGY,JSW Energy Limited,EQ,533148,Utilities,Power Generation,Power,Power,Power Generation,CLASSIFIED,,,,0
INE824G01012,JSWHL,JSW Holdings Limited,EQ,532642,Financial Services,Investment Company,Financial Services,Finance,Investment Company,CLASSIFIED,,,,0
INE880J01026,JSWINFRA,JSW Infrastructure Limited,EQ,543994,Services,Port & Port services,Services,Transport Infrastructure,Port & Port services,CLASSIFIED,,,,0
INE019A01038,JSWSTEEL,JSW Steel Limited,EQ,500228,Commodities,Iron & Steel,Metals & Mining,Ferrous Metals,Iron & Steel,CLASSIFIED,,,,0
INE643A01035,JTEKTINDIA,Jtekt India Limited,EQ,520057,Consumer Discretionary,Auto Components & Equipments,Automobile and Auto Components,Auto Components,Auto Components & Equipments,CLASSIFIED,,,,0
INE391J01032,JTLIND,JTL INDUSTRIES LIMITED,EQ,534600,Industrials,Iron & Steel Products,Capital Goods,Industrial Products,Iron & Steel Products,CLASSIFIED,,,,0
INE03CC01015,JUBLCPL,Jubilant Agri and Consumer Products Limited,EQ,544355,Commodities,Specialty Chemicals,Chemicals,Chemicals & Petrochemicals,Specialty Chemicals,CLASSIFIED,,,,0
INE797F01020,JUBLFOOD,Jubilant Foodworks Limited,EQ,533155,Consumer Discretionary,Restaurants,Consumer Services,Leisure Services,Restaurants,CLASSIFIED,,,,0
INE0BY001018,JUBLINGREA,Jubilant Ingrevia Limited,EQ,543271,Commodities,Specialty Chemicals,Chemicals,Chemicals & Petrochemicals,Specialty Chemicals,CLASSIFIED,,,,0
INE700A01033,JUBLPHARMA,Jubilant Pharmova Limited,EQ,530019,Healthcare,Pharmaceuticals,Healthcare,Pharmaceuticals & Biotechnology,Pharmaceuticals,CLASSIFIED,,,,0
INE696F01016,JUNIPER,Juniper Hotels Limited,EQ,544129,Consumer Discretionary,Hotels & Resorts,Consumer Services,Leisure Services,Hotels & Resorts,CLASSIFIED,,,,0
INE599M01018,JUSTDIAL,Just Dial Limited,EQ,535648,Consumer Discretionary,Internet & Catalogue Retail,Consumer Services,Retailing,Internet & Catalogue Retail,CLASSIFIED,,,,0
INE209L01016,JWL,Jupiter Wagons Limited,EQ,533272,Industrials,Railway Wagons,Capital Goods,Industrial Manufacturing,Railway Wagons,CLASSIFIED,,,,0
INE668F01031,JYOTHYLAB,Jyothy Labs Limited,EQ,532926,Fast Moving Consumer Goods,Household Products,Fast Moving Consumer Goods,Household Products,Household Products,CLASSIFIED,,,,0
INE980O01024,JYOTICNC,Jyoti CNC Automation Limited,EQ,544081,Industrials,Industrial Products,Capital Goods,Industrial Manufacturing,Industrial Products,CLASSIFIED,,,,0
INE577D01013,JYOTIRES,Jyoti Resins & Adhesives Limited,EQ,514448,Commodities,Specialty Chemicals,Chemicals,Chemicals & Petrochemicals,Specialty Chemicals,CLASSIFIED,,,,0
INE197A01024,JYOTISTRUC,Jyoti Structures Limited,EQ,513250,Industrials,Heavy Electrical Equipment,Capital Goods,Electrical Equipment,Heavy Electrical Equipment,CLASSIFIED,,,,0
INE900B01029,KABRAEXTRU,Kabra Extrusion Technik Limited,EQ,524109,Industrials,Industrial Products,Capital Goods,Industrial Manufacturing,Industrial Products,CLASSIFIED,,,,0
INE217B01036,KAJARIACER,Kajaria Ceramics Limited,EQ,500233,Consumer Discretionary,Ceramics,Consumer Durables,Consumer Durables,Ceramics,CLASSIFIED,,,,0
INE437B01014,KAKATCEM,Kakatiya Cement Sugar & Industries Limited,EQ,500234,Commodities,Cement & Cement Products,Construction Materials,Cement & Cement Products,Cement & Cement Products,CLASSIFIED,,,,0
INE438K01021,KALAMANDIR,Sai Silks (Kalamandir) Limited,EQ,543989,Consumer Discretionary,Speciality Retail,Consumer Services,Retailing,Speciality Retail,CLASSIFIED,,,,0
INE227J01012,KALPATARU,Kalpataru Limited,EQ,544423,Consumer Discretionary,"Residential, Commercial Projects",Realty,Realty,"Residential, Commercial Projects",CLASSIFIED,,,,0
INE610E01010,KALYANI,Kalyani Commercials Limited,BE,,,,,,,BSE_RETRY,,No BSE code found for ISIN,2026-09-07T12:51:15Z,1
INE314G01014,KALYANIFRG,Kalyani Forge Limited,EQ,513509,Industrials,Castings & Forgings,Capital Goods,Industrial Products,Castings & Forgings,CLASSIFIED,,,,0
INE303R01014,KALYANKJIL,Kalyan Jewellers India Limited,EQ,543278,Consumer Discretionary,"Gems, Jewellery And Watches",Consumer Durables,Consumer Durables,"Gems, Jewellery And Watches",CLASSIFIED,,,,0
INE411F01010,KAMAHOLD,Kama Holdings Limited,EQ,532468,Financial Services,Holding Company,Financial Services,Finance,Holding Company,CLASSIFIED,,,,0
INE344D01018,KAMANWALA,Kamanwala Housing Construction Limited,EQ,511131,Consumer Discretionary,"Residential, Commercial Projects",Realty,Realty,"Residential, Commercial Projects",CLASSIFIED,,,,0
INE967C01018,KAMATHOTEL,Kamat Hotels (I) Limited,EQ,526668,Consumer Discretionary,Hotels & Resorts,Consumer Services,Leisure Services,Hotels & Resorts,CLASSIFIED,,,,0
INE390H01020,KAMDHENU,Kamdhenu Limited,BE,532741,Industrials,Iron & Steel Products,Capital Goods,Industrial Products,Iron & Steel Products,CLASSIFIED,,,,0
INE0BTI01037,KAMOPAINTS,Kamdhenu Ventures Limited,EQ,543747,Consumer Discretionary,Paints,Consumer Durables,Consumer Durables,Paints,CLASSIFIED,,,,0
INE879E01037,KANANIIND,Kanani Industries Limited,EQ,506184,Consumer Discretionary,"Gems, Jewellery And Watches",Consumer Durables,Consumer Durables,"Gems, Jewellery And Watches",CLASSIFIED,,,,0
INE081G01019,KANCHI,Kanchi Karpooram Limited,EQ,538896,Commodities,Commodity Chemicals,Chemicals,Chemicals & Petrochemicals,Commodity Chemicals,CLASSIFIED,,,,0
INE398L01017,KANCOTEA,Kanco Tea & Industries Limited,EQ,541005,Fast Moving Consumer Goods,Tea & Coffee,Fast Moving Consumer Goods,Agricultural Food & other Products,Tea & Coffee,CLASSIFIED,,,,0
INE138C01024,KANORICHEM,Kanoria Chemicals & Industries Limited,BE,506525,Industrials,Industrial Products,Capital Goods,Industrial Manufacturing,Industrial Products,CLASSIFIED,,,,0
INE694E01014,KANPRPLA,Kanpur Plastipack Limited,EQ,507779,Industrials,Packaging,Capital Goods,Industrial Products,Packaging,CLASSIFIED,,,,0
INE531A01024,KANSAINER,Kansai Nerolac Paints Limited,EQ,500165,Consumer Discretionary,Paints,Consumer Durables,Consumer Durables,Paints,CLASSIFIED,,,,0
INE542Z01028,KAPSTON,Kapston Services Limited,EQ,,,,,,,BSE_RETRY,,No BSE code found for ISIN,2026-09-07T12:51:15Z,1
INE725L01011,KARMAENG,Karma Energy Limited,EQ,533451,Utilities,Power Generation,Power,Power,Power Generation,CLASSIFIED,,,,0
INE036D01028,KARURVYSYA,Karur Vysya Bank Limited,EQ,590003,Financial Services,Private Sector Bank,Financial Services,Banks,Private Sector Bank,CLASSIFIED,,,,0
INE234I01028,KAUSHALYA,Kaushalya Infrastructure Development Corporation Limited,BE,532925,Consumer Discretionary,Hotels & Resorts,Consumer Services,Leisure Services,Hotels & Resorts,CLASSIFIED,,,,0
INE641C01019,KAVDEFENCE,Kavveri Defence & Wireless Technologies Limited,EQ,590041,Industrials,Aerospace & Defense,Capital Goods,Aerospace & Defense,Aerospace & Defense,CLASSIFIED,,,,0
INE587G01015,KAYA,Kaya Limited,EQ,539276,Consumer Discretionary,Wellness,Consumer Services,Leisure Services,Wellness,CLASSIFIED,,,,0
INE918Z01012,KAYNES,Kaynes Technology India Limited,EQ,543664,Industrials,Industrial Products,Capital Goods,Industrial Manufacturing,Industrial Products,CLASSIFIED,,,,0
INE805C01028,KCP,KCP Limited,EQ,590066,Commodities,Cement & Cement Products,Construction Materials,Cement & Cement Products,Cement & Cement Products,CLASSIFIED,,,,0
INE790B01024,KCPSUGIND,KCP Sugar and Industries Corporation Limited,BE,533192,Fast Moving Consumer Goods,Sugar,Fast Moving Consumer Goods,Agricultural Food & other Products,Sugar,CLASSIFIED,,,,0
INE291D01011,KDDL,KDDL Limited,EQ,532054,Consumer Discretionary,"Gems, Jewellery And Watches",Consumer Durables,Consumer Durables,"Gems, Jewellery And Watches",CLASSIFIED,,,,0
INE389H01022,KEC,KEC International Limited,EQ,532714,Industrials,Civil Construction,Construction,Construction,Civil Construction,CLASSIFIED,,,,0
INE134B01017,KECL,Kirloskar Electric Company Limited,EQ,533193,Industrials,Other Electrical Equipment,Capital Goods,Electrical Equipment,Other Electrical Equipment,CLASSIFIED,,,,0
INE055C01020,KEEPLEARN,DSJ Keep Learning Limited,EQ,526677,Consumer Discretionary,Education,Consumer Services,Other Consumer Services,Education,CLASSIFIED,,,,0
INE878B01027,KEI,KEI Industries Limited,EQ,517569,Industrials,Cables - Electricals,Capital Goods,Industrial Products,Cables - Electricals,CLASSIFIED,,,,0
INE164B01030,KELLTONTEC,Kellton Tech Solutions Limited,EQ,519602,Information Technology,IT Enabled Services,Information Technology,IT - Services,IT Enabled Services,CLASSIFIED,,,,0
INE717A01029,KENNAMET,Kennametal India Limited,EQ,505890,Industrials,Industrial Products,Capital Goods,Industrial Manufacturing,Industrial Products,CLASSIFIED,,,,0
INE202H01019,KERNEX,Kernex Microsystems (India) Limited,EQ,532686,Services,Transport Related Services,Services,Transport Services,Transport Related Services,CLASSIFIED,,,,0
INE087A01019,KESORAMIND,Kesoram Industries Limited,BE,502937,Consumer Discretionary,Other Textile Products,Textiles,Textiles & Apparels,Other Textile Products,CLASSIFIED,,,,0
INE681C01015,KEYFINSERV,Keynote Financial Services Limited,EQ,512597,Financial Services,Stockbroking & Allied,Financial Services,Capital Markets,Stockbroking & Allied,CLASSIFIED,,,,0
INE138Y01010,KFINTECH,Kfin Technologies Limited,EQ,543720,Financial Services,"Depositories, Clearing Houses and Other Intermediaries",Financial Services,Capital Markets,"Depositories, Clearing Houses and Other Intermediaries",CLASSIFIED,,,,0
INE834I01025,KHADIM,Khadim India Limited,BE,540775,Consumer Discretionary,Footwear,Consumer Durables,Consumer Durables,Footwear,CLASSIFIED,,,,0
INE745B01028,KHAICHEM,Khaitan Chemicals & Fertilizers Limited,EQ,507794,Commodities,Fertilizers,Chemicals,Fertilizers & Agrochemicals,Fertilizers,CLASSIFIED,,,,0
INE731C01018,KHAITANLTD,Khaitan (India) Limited,EQ,590068,Consumer Discretionary,Consumer Electronics,Consumer Durables,Consumer Durables,Consumer Electronics,CLASSIFIED,,,,0
INE060B01014,KHANDSE,Khandwala Securities Limited,EQ,531892,Financial Services,Stockbroking & Allied,Financial Services,Capital Markets,Stockbroking & Allied,CLASSIFIED,,,,0
INE029L01018,KICL,Kalyani Investment Company Limited,EQ,533302,Financial Services,Investment Company,Financial Services,Finance,Investment Company,CLASSIFIED,,,,0
INE729D01010,KILITCH,Kilitch Drugs (India) Limited,BE,524500,Healthcare,Pharmaceuticals,Healthcare,Pharmaceuticals & Biotechnology,Pharmaceuticals,CLASSIFIED,,,,0
INE967H01025,KIMS,Krishna Institute of Medical Sciences Limited,EQ,543308,Healthcare,Hospital,Healthcare,Healthcare Services,Hospital,CLASSIFIED,,,,0
INE473D01015,KINGFA,Kingfa Science & Technology (India) Limited,EQ,524019,Industrials,Plastic Products - Industrial,Capital Goods,Industrial Products,Plastic Products - Industrial,CLASSIFIED,,,,0
INE880L01014,KIOCL,KIOCL Limited,EQ,540680,Commodities,Sponge Iron,Metals & Mining,Ferrous Metals,Sponge Iron,CLASSIFIED,,,,0
INE555P01013,KIRANVYPAR,Kiran Vyapar Limited,EQ,537750,Financial Services,Non Banking Financial Company (NBFC),Financial Services,Finance,Non Banking Financial Company (NBFC),CLASSIFIED,,,,0
INE415I01015,KIRIINDUS,Kiri Industries Limited,EQ,532967,Commodities,Dyes And Pigments,Chemicals,Chemicals & Petrochemicals,Dyes And Pigments,CLASSIFIED,,,,0
INE884B01025,KIRLFER,Kirloskar Ferrous Industries Limited,EQ,500245,Commodities,Pig Iron,Metals & Mining,Ferrous Metals,Pig Iron,CLASSIFIED,,,,0
INE732A01036,KIRLOSBROS,Kirloskar Brothers Limited,EQ,500241,Industrials,"Compressors, Pumps & Diesel Engines",Capital Goods,Industrial Products,"Compressors, Pumps & Diesel Engines",CLASSIFIED,,,,0
INE146L01010,KIRLOSENG,Kirloskar Oil Engines Limited,EQ,533293,Industrials,"Compressors, Pumps & Diesel Engines",Capital Goods,Industrial Products,"Compressors, Pumps & Diesel Engines",CLASSIFIED,,,,0
INE250A01039,KIRLOSIND,Kirloskar Industries Limited,EQ,500243,Industrials,Iron & Steel Products,Capital Goods,Industrial Products,Iron & Steel Products,CLASSIFIED,,,,0
INE811A01038,KIRLPNU,Kirloskar Pneumatic Company Limited,EQ,505283,Industrials,"Compressors, Pumps & Diesel Engines",Capital Goods,Industrial Products,"Compressors, Pumps & Diesel Engines",CLASSIFIED,,,,0
INE12F801023,KISSHT,OnEMI Technology Solutions Limited,EQ,544754,Financial Services,Other Financial Services,Financial Services,Finance,Other Financial Services,CLASSIFIED,,,,0
INE602G01020,KITEX,Kitex Garments Limited,EQ,521248,Consumer Discretionary,Garments & Apparels,Textiles,Textiles & Apparels,Garments & Apparels,CLASSIFIED,,,,0
INE533C01018,KJMCFIN,KJMC Financial Services Limited,EQ,530235,Financial Services,Non Banking Financial Company (NBFC),Financial Services,Finance,Non Banking Financial Company (NBFC),CLASSIFIED,,,,0
INE401H01017,KKCL,Kewal Kiran Clothing Limited,EQ,532732,Consumer Discretionary,Garments & Apparels,Textiles,Textiles & Apparels,Garments & Apparels,CLASSIFIED,,,,0
INE338F01015,KLBRENG-B,Kilburn Engineering Limited,EQ,522101,Industrials,Industrial Products,Capital Goods,Industrial Manufacturing,Industrial Products,CLASSIFIED,,,,0
INE879K01018,KMCSHIL,K M C Speciality Hospitals (India) Limited,EQ,524520,Healthcare,Hospital,Healthcare,Healthcare Services,Hospital,CLASSIFIED,,,,0
INE0CJD01029,KMEW,Knowledge Marine & Engineering Works Limited,EQ,543273,Services,Dredging,Services,Engineering Services,Dredging,CLASSIFIED,,,,0
INE157H01023,KMSUGAR,K.M.Sugar Mills Limited,EQ,532673,Fast Moving Consumer Goods,Sugar,Fast Moving Consumer Goods,Agricultural Food & other Products,Sugar,CLASSIFIED,,,,0
INE17QZ01016,KNACK,Knack Packaging Limited,EQ,544814,Industrials,Packaging,Capital Goods,Industrial Products,Packaging,CLASSIFIED,,,,0
INE0KNW01016,KNAGRI,KN Agri Resources Limited,EQ,,,,,,,BSE_RETRY,,No BSE code found for ISIN,2026-09-07T12:51:15Z,1
INE634I01029,KNRCON,KNR Constructions Limited,EQ,532942,Industrials,Civil Construction,Construction,Construction,Civil Construction,CLASSIFIED,,,,0
INE080B01012,KOHINOOR,Kohinoor Foods Limited,EQ,512559,Fast Moving Consumer Goods,Other Agricultural Products,Fast Moving Consumer Goods,Agricultural Food & other Products,Other Agricultural Products,CLASSIFIED,,,,0
INE760A01029,KOKUYOCMLN,Kokuyo Camlin Limited,EQ,523207,Fast Moving Consumer Goods,Stationary,Fast Moving Consumer Goods,Household Products,Stationary,CLASSIFIED,,,,0
INE094I01018,KOLTEPATIL,Kolte - Patil Developers Limited,EQ,532924,Consumer Discretionary,"Residential, Commercial Projects",Realty,Realty,"Residential, Commercial Projects",CLASSIFIED,,,,0
INE082A01010,KOPRAN,Kopran Limited,BE,524280,Healthcare,Pharmaceuticals,Healthcare,Pharmaceuticals & Biotechnology,Pharmaceuticals,CLASSIFIED,,,,0
INE237A01036,KOTAKBANK,Kotak Mahindra Bank Limited,EQ,500247,Financial Services,Private Sector Bank,Financial Services,Banks,Private Sector Bank,CLASSIFIED,,,,0
INE419A01022,KOTARISUG,Kothari Sugars And Chemicals Limited,EQ,,,,,,,BSE_RETRY,,No BSE code found for ISIN,2026-09-07T12:51:15Z,1
INE720A01015,KOTHARIPET,Kothari Petrochemicals Limited,EQ,,,,,,,BSE_RETRY,,No BSE code found for ISIN,2026-09-07T12:51:15Z,1
INE823A01017,KOTHARIPRO,Kothari Products Limited,EQ,530299,Services,Trading & Distributors,Services,Commercial Services & Supplies,Trading & Distributors,CLASSIFIED,,,,0
INE972A01020,KOTIC,Kothari Industrial Corporation Limited,EQ,509732,Consumer Discretionary,Leather And Leather Products,Consumer Durables,Consumer Durables,Leather And Leather Products,CLASSIFIED,,,,0
INE0J0B01017,KOTYARK,Kotyark Industries Limited,BE,544726,Energy,Refineries & Marketing,"Oil, Gas & Consumable Fuels",Petroleum Products,Refineries & Marketing,CLASSIFIED,,,,0
INE177F01017,KOVAI,Kovai Medical Center & Hospital Limited,EQ,523323,Healthcare,Hospital,Healthcare,Healthcare Services,Hospital,CLASSIFIED,,,,0
INE127T01021,KPEL,K.P. Energy Limited,EQ,539686,Utilities,Power Generation,Power,Power,Power Generation,CLASSIFIED,,,,0
INE542W01025,KPIGREEN,KPI Green Energy Limited,EQ,542323,Utilities,Power Generation,Power,Power,Power Generation,CLASSIFIED,,,,0
INE220B01022,KPIL,Kalpataru Projects International Limited,EQ,522287,Industrials,Civil Construction,Construction,Construction,Civil Construction,CLASSIFIED,,,,0
INE04I401011,KPITTECH,KPIT Technologies Limited,EQ,542651,Information Technology,Computers - Software & Consulting,Information Technology,IT - Software,Computers - Software & Consulting,CLASSIFIED,,,,0
INE552U01010,KPL,Kwality Pharmaceuticals Limited,EQ,539997,Healthcare,Pharmaceuticals,Healthcare,Pharmaceuticals & Biotechnology,Pharmaceuticals,CLASSIFIED,,,,0
INE930H01031,KPRMILL,K.P.R. Mill Limited,EQ,532889,Consumer Discretionary,Other Textile Products,Textiles,Textiles & Apparels,Other Textile Products,CLASSIFIED,,,,0
INE001B01026,KRBL,KRBL Limited,EQ,530813,Fast Moving Consumer Goods,Other Agricultural Products,Fast Moving Consumer Goods,Agricultural Food & other Products,Other Agricultural Products,CLASSIFIED,,,,0
INE268B01013,KREBSBIO,Krebs Biochemicals and Industries Limited,EQ,524518,Healthcare,Pharmaceuticals,Healthcare,Pharmaceuticals & Biotechnology,Pharmaceuticals,CLASSIFIED,,,,0
INE524L01026,KRIDHANINF,Kridhan Infra Limited,BE,533482,Industrials,Civil Construction,Construction,Construction,Civil Construction,CLASSIFIED,,,,0
INE506W01020,KRISHANA,Krishana Phoschem Limited,EQ,,,,,,,BSE_RETRY,,No BSE code found for ISIN,2026-09-07T12:51:15Z,1
INE0GGO01015,KRISHIVAL,Krishival Foods Limited,EQ,544416,Fast Moving Consumer Goods,Other Food Products,Fast Moving Consumer Goods,Food Products,Other Food Products,CLASSIFIED,,,,0
INE0J5601015,KRISHNADEF,Krishna Defence And Allied Industries Limited,EQ,,,,,,,BSE_RETRY,,No BSE code found for ISIN,2026-09-07T12:51:15Z,1
INE479D01038,KRITI,Kriti Industries (India) Limited,EQ,526423,Industrials,Plastic Products - Industrial,Capital Goods,Industrial Products,Plastic Products - Industrial,CLASSIFIED,,,,0
INE00Z501029,KRITIKA,Kritika Wires Limited,EQ,,,,,,,BSE_RETRY,,No BSE code found for ISIN,2026-09-07T12:51:15Z,1
INE798K01010,KRITINUT,Kriti Nutrients Limited,EQ,533210,Fast Moving Consumer Goods,Edible Oil,Fast Moving Consumer Goods,Agricultural Food & other Products,Edible Oil,CLASSIFIED,,,,0
INE0Q3J01015,KRN,KRN Heat Exchanger and Refrigeration Limited,EQ,544263,Industrials,Other Industrial Products,Capital Goods,Industrial Products,Other Industrial Products,CLASSIFIED,,,,0
INE0ATZ01017,KRONOX,Kronox Lab Sciences Limited,EQ,544187,Commodities,Specialty Chemicals,Chemicals,Chemicals & Petrochemicals,Specialty Chemicals,CLASSIFIED,,,,0
INE0O6601022,KROSS,Kross Limited,EQ,544253,Consumer Discretionary,Auto Components & Equipments,Automobile and Auto Components,Auto Components,Auto Components & Equipments,CLASSIFIED,,,,0
INE08LI01020,KRSNAA,Krsnaa Diagnostics Limited,EQ,543328,Healthcare,Healthcare Service Provider,Healthcare,Healthcare Services,Healthcare Service Provider,CLASSIFIED,,,,0
INE0QN801017,KRYSTAL,Krystal Integrated Services Limited,EQ,544149,Services,Diversified Commercial Services,Services,Commercial Services & Supplies,Diversified Commercial Services,CLASSIFIED,,,,0
INE999A01023,KSB,Ksb Limited,EQ,500249,Industrials,"Compressors, Pumps & Diesel Engines",Capital Goods,Industrial Products,"Compressors, Pumps & Diesel Engines",CLASSIFIED,,,,0
INE455I01029,KSCL,Kaveri Seed Company Limited,EQ,532899,Fast Moving Consumer Goods,Other Agricultural Products,Fast Moving Consumer Goods,Agricultural Food & other Products,Other Agricultural Products,CLASSIFIED,,,,0
INE953E01022,KSE,KSE Limited,EQ,519421,Fast Moving Consumer Goods,Animal Feed,Fast Moving Consumer Goods,Food Products,Animal Feed,CLASSIFIED,,,,0
INE987S01020,KSHINTL,KSH International Limited,EQ,544664,Industrials,"Aluminium, Copper & Zinc Products",Capital Goods,Industrial Products,"Aluminium, Copper & Zinc Products",CLASSIFIED,,,,0
INE013801027,KSHITIJPOL,Kshitij Polyline Limited,EQ,,,,,,,BSE_RETRY,,No BSE code found for ISIN,2026-09-07T12:51:15Z,1
INE907A01026,KSL,Kalyani Steels Limited,EQ,500235,Industrials,Iron & Steel Products,Capital Goods,Industrial Products,Iron & Steel Products,CLASSIFIED,,,,0
INE0D6I01023,KSOLVES,Ksolves India Limited,EQ,543599,Information Technology,Computers - Software & Consulting,Information Technology,IT - Software,Computers - Software & Consulting,CLASSIFIED,,,,0
INE1SPP01016,KSR,KSR Footwear Limited,EQ,544615,Consumer Discretionary,Footwear,Consumer Durables,Consumer Durables,Footwear,CLASSIFIED,,,,0
INE614B01018,KTKBANK,The Karnataka Bank Limited,EQ,532652,Financial Services,Private Sector Bank,Financial Services,Banks,Private Sector Bank,CLASSIFIED,,,,0
INE529I01021,KUANTUM,Kuantum Papers Limited,EQ,532937,Commodities,Paper & Paper Products,Forest Materials,"Paper, Forest & Jute Products",Paper & Paper Products,CLASSIFIED,,,,0
INE0ISX01025,KUSUMGAR,Kusumgar Limited,EQ,544821,Consumer Discretionary,Other Textile Products,Textiles,Textiles & Apparels,Other Textile Products,CLASSIFIED,,,,0
INE2KCE01013,KWIL,Kwality Wall's (India) Limited,EQ,544622,Fast Moving Consumer Goods,Dairy Products,Fast Moving Consumer Goods,Food Products,Dairy Products,CLASSIFIED,,,,0
INE519D01015,LADDERUP,Ladderup Finance Limited,EQ,530577,Financial Services,Non Banking Financial Company (NBFC),Financial Services,Finance,Non Banking Financial Company (NBFC),CLASSIFIED,,,,0
INE548Z01017,LAGNAM,Lagnam Spintex Limited,EQ,,,,,,,BSE_RETRY,,No BSE code found for ISIN,2026-09-07T12:51:15Z,1
INE515C01023,LAHOTIOV,Lahoti Overseas Limited,EQ,531842,Services,Trading & Distributors,Services,Commercial Services & Supplies,Trading & Distributors,CLASSIFIED,,,,0
INE651C01018,LAKPRE,Lakshmi Precision Screws Limited,BZ,506079,Consumer Discretionary,Auto Components & Equipments,Automobile and Auto Components,Auto Components,Auto Components & Equipments,CLASSIFIED,,,,0
INE938C01019,LAKSHMIMIL,Lakshmi Mills Company Limited,EQ,502958,Consumer Discretionary,Other Textile Products,Textiles,Textiles & Apparels,Other Textile Products,CLASSIFIED,,,,0
INE740X01023,LAL,Lorenzini Apparels Limited,EQ,540952,Consumer Discretionary,Garments & Apparels,Textiles,Textiles & Apparels,Garments & Apparels,CLASSIFIED,,,,0
INE600L01024,LALPATHLAB,Dr. Lal Path Labs Ltd.,EQ,539524,Healthcare,Healthcare Service Provider,Healthcare,Healthcare Services,Healthcare Service Provider,CLASSIFIED,,,,0
INE112F01022,LAMBODHARA,Lambodhara Textiles Limited,EQ,590075,Consumer Discretionary,Other Textile Products,Textiles,Textiles & Apparels,Other Textile Products,CLASSIFIED,,,,0
INE359U01028,LANCER,Lancer Container Lines Limited,EQ,539841,Services,Logistics Solution Provider,Services,Transport Services,Logistics Solution Provider,CLASSIFIED,,,,0
INE572G01025,LANCORHOL,Lancor Holdings Limited,EQ,509048,Consumer Discretionary,"Residential, Commercial Projects",Realty,Realty,"Residential, Commercial Projects",CLASSIFIED,,,,0
INE559R01029,LANDMARK,Landmark Cars Limited,EQ,543714,Consumer Discretionary,Auto -Dealer,Automobile and Auto Components,Automobiles,Auto -Dealer,CLASSIFIED,,,,0
INE688J01023,LANDSMILL,Landsmill Green Limited,EQ,533090,Services,Trading & Distributors,Services,Commercial Services & Supplies,Trading & Distributors,CLASSIFIED,,,,0
INE059D01020,LAOPALA,La Opala RG Limited,EQ,526947,Consumer Discretionary,Glass - Consumer,Consumer Durables,Consumer Durables,Glass - Consumer,CLASSIFIED,,,,0
INE670X01014,LASA,Lasa Supergenerics Limited,EQ,540702,Healthcare,Pharmaceuticals,Healthcare,Pharmaceuticals & Biotechnology,Pharmaceuticals,CLASSIFIED,,,,0
INE17IR01028,LASERPOWER,Laser Power & Infra Limited,EQ,544822,Industrials,Cables - Electricals,Capital Goods,Industrial Products,Cables - Electricals,CLASSIFIED,,,,0
INE0I7C01011,LATENTVIEW,Latent View Analytics Limited,EQ,543398,Information Technology,Computers - Software & Consulting,Information Technology,IT - Software,Computers - Software & Consulting,CLASSIFIED,,,,0
INE262Z01023,LATTEYS,Latteys Industries Limited,EQ,,,,,,,BSE_RETRY,,No BSE code found for ISIN,2026-09-07T12:51:15Z,1
INE947Q01028,LAURUSLABS,Laurus Labs Limited,EQ,540222,Healthcare,Pharmaceuticals,Healthcare,Pharmaceuticals & Biotechnology,Pharmaceuticals,CLASSIFIED,,,,0
INE801V01019,LAXMICOT,Laxmi Cotspin Limited,EQ,,,,,,,BSE_RETRY,,No BSE code found for ISIN,2026-09-07T12:51:15Z,1
INE0WO601020,LAXMIDENTL,Laxmi Dental Limited,EQ,544339,Healthcare,Medical Equipment & Supplies,Healthcare,Healthcare Equipment & Supplies,Medical Equipment & Supplies,CLASSIFIED,,,,0
INE06WU01026,LAXMIINDIA,Laxmi India Finance Limited,EQ,544465,Financial Services,Non Banking Financial Company (NBFC),Financial Services,Finance,Non Banking Financial Company (NBFC),CLASSIFIED,,,,0
INE938A01021,LCCINFOTEC,LCC Infotech Limited,EQ,532019,Consumer Discretionary,Education,Consumer Services,Other Consumer Services,Education,CLASSIFIED,,,,0
INE0QJW01029,LCL,Lohia Corp Limited,EQ,544839,Industrials,Industrial Products,Capital Goods,Industrial Manufacturing,Industrial Products,CLASSIFIED,,,,0
INE00GO01025,LEAPIND,LEAP India Limited,EQ,544865,Services,Diversified Commercial Services,Services,Commercial Services & Supplies,Diversified Commercial Services,CLASSIFIED,,,,0
INE791B01014,LEENEE,Lee & Nee Softwares Exports Limited,EQ,517415,Information Technology,IT Enabled Services,Information Technology,IT - Services,IT Enabled Services,CLASSIFIED,,,,0
INE0G1L01025,LEMERITE,Le Merite Exports Limited,EQ,,,,,,,BSE_RETRY,,No BSE code found for ISIN,2026-09-07T12:51:15Z,1
INE970X01018,LEMONTREE,Lemon Tree Hotels Limited,EQ,541233,Consumer Discretionary,Hotels & Resorts,Consumer Services,Leisure Services,Hotels & Resorts,CLASSIFIED,,,,0
INE956O01016,LENSKART,Lenskart Solutions Limited,EQ,544600,Consumer Discretionary,Speciality Retail,Consumer Services,Retailing,Speciality Retail,CLASSIFIED,,,,0
INE500X01013,LEXUS,Lexus Granito (India) Limited,EQ,,,,,,,BSE_RETRY,,No BSE code found for ISIN,2026-09-07T12:51:15Z,1
INE850E01012,LFIC,Lakshmi Finance & Industrial Corporation Limited,EQ,,,,,,,BSE_RETRY,,No BSE code found for ISIN,2026-09-07T12:51:15Z,1
INE337A01034,LGBBROSLTD,LG Balakrishnan & Bros Limited,EQ,500250,Consumer Discretionary,Auto Components & Equipments,Automobile and Auto Components,Auto Components,Auto Components & Equipments,CLASSIFIED,,,,0
INE324D01010,LGEINDIA,LG Electronics India Limited,EQ,544576,Consumer Discretionary,Household Appliances,Consumer Durables,Consumer Durables,Household Appliances,CLASSIFIED,,,,0
INE258Y01016,LGHL,Laxmi Goldorna House Limited,EQ,,,,,,,BSE_RETRY,,No BSE code found for ISIN,2026-09-07T12:51:15Z,1
INE908V01012,LIBAS,Libas Consumer Products Limited,EQ,,,,,,,BSE_RETRY,,No BSE code found for ISIN,2026-09-07T12:51:15Z,1
INE557B01019,LIBERTSHOE,Liberty Shoes Limited,EQ,526596,Consumer Discretionary,Footwear,Consumer Durables,Consumer Durables,Footwear,CLASSIFIED,,,,0
INE115A01026,LICHSGFIN,LIC Housing Finance Limited,EQ,500253,Financial Services,Housing Finance Company,Financial Services,Finance,Housing Finance Company,CLASSIFIED,,,,0
INE0J1Y01017,LICI,Life Insurance Corporation Of India,EQ,543526,Financial Services,Life Insurance,Financial Services,Insurance,Life Insurance,CLASSIFIED,,,,0
INE060901027,LIKHITHA,Likhitha Infrastructure Limited,EQ,543240,Industrials,Civil Construction,Construction,Construction,Civil Construction,CLASSIFIED,,,,0
INE802B01027,LINC,Linc Limited,EQ,531241,Fast Moving Consumer Goods,Stationary,Fast Moving Consumer Goods,Household Products,Stationary,CLASSIFIED,,,,0
INE405C01035,LINCOLN,Lincoln Pharmaceuticals Limited,EQ,531633,Healthcare,Pharmaceuticals,Healthcare,Pharmaceuticals & Biotechnology,Pharmaceuticals,CLASSIFIED,,,,0
INE473A01011,LINDEINDIA,Linde India Limited,EQ,523457,Commodities,Industrial Gases,Chemicals,Chemicals & Petrochemicals,Industrial Gases,CLASSIFIED,,,,0
INE341H01023,LKPSEC,LKP Securities Limited,EQ,540192,Financial Services,Stockbroking & Allied,Financial Services,Capital Markets,Stockbroking & Allied,CLASSIFIED,,,,0
INE093R01011,LLOYDSENGG,LLOYDS ENGINEERING WORKS LIMITED,EQ,539992,Industrials,Industrial Products,Capital Goods,Industrial Manufacturing,Industrial Products,CLASSIFIED,,,,0
INE080I01025,LLOYDSENT,Lloyds Enterprises Limited,EQ,512463,Commodities,Trading - Metals,Metals & Mining,Metals & Minerals Trading,Trading - Metals,CLASSIFIED,,,,0
INE281B01032,LLOYDSME,Lloyds Metals And Energy Limited,EQ,512455,Commodities,Industrial Minerals,Metals & Mining,Minerals & Mining,Industrial Minerals,CLASSIFIED,,,,0
INE269B01029,LMW,LMW Limited,EQ,500252,Industrials,Industrial Products,Capital Goods,Industrial Manufacturing,Industrial Products,CLASSIFIED,,,,0
INE670K01029,LODHA,Lodha Developers Limited,EQ,543287,Consumer Discretionary,"Residential, Commercial Projects",Realty,Realty,"Residential, Commercial Projects",CLASSIFIED,,,,0
INE397H01017,LOKESHMACH,Lokesh Machines Limited,BE,532740,Industrials,Industrial Products,Capital Goods,Industrial Manufacturing,Industrial Products,CLASSIFIED,,,,0
INE846D01012,LORDSCHLO,Lords Chloro Alkali Limited,EQ,500284,Commodities,Commodity Chemicals,Chemicals,Chemicals & Petrochemicals,Commodity Chemicals,CLASSIFIED,,,,0
INE026D01011,LOTUSCHO,Lotus Chocolate Company Limited,EQ,523475,Fast Moving Consumer Goods,Packaged Foods,Fast Moving Consumer Goods,Food Products,Packaged Foods,CLASSIFIED,,,,0
INE0V9Q01010,LOTUSDEV,Sri Lotus Developers and Realty Limited,BE,544469,Consumer Discretionary,"Residential, Commercial Projects",Realty,Realty,"Residential, Commercial Projects",CLASSIFIED,,,,0
INE947I01017,LOTUSEYE,Lotus Eye Hospital and Institute Limited,EQ,532998,Healthcare,Hospital,Healthcare,Healthcare Services,Hospital,CLASSIFIED,,,,0
INE597L01014,LOVABLE,Lovable Lingerie Limited,EQ,533343,Consumer Discretionary,Garments & Apparels,Textiles,Textiles & Apparels,Garments & Apparels,CLASSIFIED,,,,0
INE970D01010,LOYALTEX,Loyal Textile Mills Limited,EQ,514036,Consumer Discretionary,Other Textile Products,Textiles,Textiles & Apparels,Other Textile Products,CLASSIFIED,,,,0
INE197J01017,LPDC,Landmark Property Development Company Limited,EQ,533012,Consumer Discretionary,Real Estate related services,Realty,Realty,Real Estate related services,CLASSIFIED,,,,0
INE018A01030,LT,Larsen & Toubro Limited,EQ,500510,Industrials,Civil Construction,Construction,Construction,Civil Construction,CLASSIFIED,,,,0
INE498L01015,LTF,L&T Finance Limited,EQ,533519,Financial Services,Non Banking Financial Company (NBFC),Financial Services,Finance,Non Banking Financial Company (NBFC),CLASSIFIED,,,,0
INE818H01020,LTFOODS,LT Foods Limited,EQ,532783,Fast Moving Consumer Goods,Other Agricultural Products,Fast Moving Consumer Goods,Agricultural Food & other Products,Other Agricultural Products,CLASSIFIED,,,,0
INE214T01019,LTM,LTM Limited,EQ,540005,Information Technology,Computers - Software & Consulting,Information Technology,IT - Software,Computers - Software & Consulting,CLASSIFIED,,,,0
INE010V01017,LTTS,L&T Technology Services Limited,EQ,540115,Information Technology,IT Enabled Services,Information Technology,IT - Services,IT Enabled Services,CLASSIFIED,,,,0
INE162B01018,LUMAXIND,Lumax Industries Limited,EQ,517206,Consumer Discretionary,Auto Components & Equipments,Automobile and Auto Components,Auto Components,Auto Components & Equipments,CLASSIFIED,,,,0
INE872H01027,LUMAXTECH,Lumax Auto Technologies Limited,EQ,532796,Consumer Discretionary,Auto Components & Equipments,Automobile and Auto Components,Auto Components,Auto Components & Equipments,CLASSIFIED,,,,0
INE326A01037,LUPIN,Lupin Limited,EQ,500257,Healthcare,Pharmaceuticals,Healthcare,Pharmaceuticals & Biotechnology,Pharmaceuticals,CLASSIFIED,,,,0
INE150G01020,LUXIND,Lux Industries Limited,EQ,539542,Consumer Discretionary,Garments & Apparels,Textiles,Textiles & Apparels,Garments & Apparels,CLASSIFIED,,,,0
INE576O01020,LXCHEM,Laxmi Organic Industries Limited,EQ,543277,Commodities,Specialty Chemicals,Chemicals,Chemicals & Petrochemicals,Specialty Chemicals,CLASSIFIED,,,,0
INE933A01014,LYKALABS,Lyka Labs Limited,BE,500259,Healthcare,Pharmaceuticals,Healthcare,Pharmaceuticals & Biotechnology,Pharmaceuticals,CLASSIFIED,,,,0
INE101A01026,M&M,Mahindra & Mahindra Limited,EQ,500520,Consumer Discretionary,Passenger Cars & Utility Vehicles,Automobile and Auto Components,Automobiles,Passenger Cars & Utility Vehicles,CLASSIFIED,,,,0
INE774D01024,M&MFIN,Mahindra & Mahindra Financial Services Limited,EQ,532720,Financial Services,Non Banking Financial Company (NBFC),Financial Services,Finance,Non Banking Financial Company (NBFC),CLASSIFIED,,,,0
INE215I01027,MAANALU,Maan Aluminium Limited,EQ,532906,Commodities,Aluminium,Metals & Mining,Non - Ferrous Metals,Aluminium,CLASSIFIED,,,,0
INE155Z01011,MACPOWER,Macpower CNC Machines Limited,EQ,,,,,,,BSE_RETRY,,No BSE code found for ISIN,2026-09-07T12:51:15Z,1
INE925C01016,MADHAV,Madhav Marbles and Granites Limited,EQ,515093,Consumer Discretionary,Granites & Marbles,Consumer Durables,Consumer Durables,Granites & Marbles,CLASSIFIED,,,,0
INE631R01026,MADHAVIPL,Madhav Infra Projects Limited,EQ,539894,Industrials,Civil Construction,Construction,Construction,Civil Construction,CLASSIFIED,,,,0
INE378D01032,MADHUCON,Madhucon Projects Limited,BE,531497,Industrials,Civil Construction,Construction,Construction,Civil Construction,CLASSIFIED,,,,0
INE414A01015,MADRASFERT,Madras Fertilizers Limited,EQ,590134,Commodities,Fertilizers,Chemicals,Fertilizers & Agrochemicals,Fertilizers,CLASSIFIED,,,,0
INE270B01035,MAFATIND,Mafatlal Industries Limited,EQ,500264,Consumer Discretionary,Other Textile Products,Textiles,Textiles & Apparels,Other Textile Products,CLASSIFIED,,,,0
INE347W01011,MAGADSUGAR,Magadh Sugar & Energy Limited,EQ,540650,Fast Moving Consumer Goods,Sugar,Fast Moving Consumer Goods,Agricultural Food & other Products,Sugar,CLASSIFIED,,,,0
INE387I01016,MAGNUM,Magnum Ventures Limited,EQ,532896,Commodities,Paper & Paper Products,Forest Materials,"Paper, Forest & Jute Products",Paper & Paper Products,CLASSIFIED,,,,0
INE457A01014,MAHABANK,Bank of Maharashtra,EQ,532525,Financial Services,Public Sector Bank,Financial Services,Banks,Public Sector Bank,CLASSIFIED,,,,0
INE843B01013,MAHAPEXLTD,Maha Rashtra Apex Corporation Limited,EQ,523384,Financial Services,Other Financial Services,Financial Services,Finance,Other Financial Services,CLASSIFIED,,,,0
INE451L01014,MAHASTEEL,Mahamaya Steel Industries Limited,BE,513554,Industrials,Iron & Steel Products,Capital Goods,Industrial Products,Iron & Steel Products,CLASSIFIED,,,,0
INE215D01010,MAHEPC,Mahindra EPC Irrigation Limited,EQ,523754,Industrials,Industrial Products,Capital Goods,Industrial Manufacturing,Industrial Products,CLASSIFIED,,,,0
INE263W01010,MAHESHWARI,Maheshwari Logistics Limited,BE,,,,,,,BSE_RETRY,,No BSE code found for ISIN,2026-09-07T12:51:15Z,1
INE813A01018,MAHLIFE,Mahindra Lifespace Developers Limited,EQ,532313,Consumer Discretionary,"Residential, Commercial Projects",Realty,Realty,"Residential, Commercial Projects",CLASSIFIED,,,,0
INE766P01016,MAHLOG,Mahindra Logistics Limited,EQ,540768,Services,Logistics Solution Provider,Services,Transport Services,Logistics Solution Provider,CLASSIFIED,,,,0
INE288A01013,MAHSCOOTER,Maharashtra Scooters Limited,EQ,500266,Financial Services,Investment Company,Financial Services,Finance,Investment Company,CLASSIFIED,,,,0
INE271B01025,MAHSEAMLES,Maharashtra Seamless Limited,EQ,500265,Industrials,Iron & Steel Products,Capital Goods,Industrial Products,Iron & Steel Products,CLASSIFIED,,,,0
INE683C01011,MAITHANALL,Maithan Alloys Limited,EQ,590078,Commodities,Ferro & Silica Manganese,Metals & Mining,Ferrous Metals,Ferro & Silica Manganese,CLASSIFIED,,,,0
INE201B01022,MAJESAUT,Majestic Auto Limited,BE,500267,Services,Diversified Commercial Services,Services,Commercial Services & Supplies,Diversified Commercial Services,CLASSIFIED,,,,0
INE987A01010,MAKERSL,Makers Laboratories Limited,EQ,506919,Healthcare,Pharmaceuticals,Healthcare,Pharmaceuticals & Biotechnology,Pharmaceuticals,CLASSIFIED,,,,0
INE389C01015,MALLCOM,Mallcom (India) Limited,EQ,539400,Industrials,Other Industrial Products,Capital Goods,Industrial Products,Other Industrial Products,CLASSIFIED,,,,0
INE383H01017,MALUPAPER,Malu Paper Mills Limited,EQ,532728,Commodities,Paper & Paper Products,Forest Materials,"Paper, Forest & Jute Products",Paper & Paper Products,CLASSIFIED,,,,0
INE0TO701015,MAMATA,Mamata Machinery Limited,EQ,544318,Industrials,Industrial Products,Capital Goods,Industrial Manufacturing,Industrial Products,CLASSIFIED,,,,0
INE859Q01017,MANAKALUCO,Manaksia Aluminium Company Limited,EQ,539045,Commodities,Aluminium,Metals & Mining,Non - Ferrous Metals,Aluminium,CLASSIFIED,,,,0
INE830Q01018,MANAKCOAT,Manaksia Coated Metals & Industries Limited,EQ,539046,Industrials,Iron & Steel Products,Capital Goods,Industrial Products,Iron & Steel Products,CLASSIFIED,,,,0
INE015D01022,MANAKSIA,Manaksia Limited,EQ,532932,Industrials,Iron & Steel Products,Capital Goods,Industrial Products,Iron & Steel Products,CLASSIFIED,,,,0
INE824Q01011,MANAKSTEEL,Manaksia Steels Limited,EQ,539044,Commodities,Iron & Steel,Metals & Mining,Ferrous Metals,Iron & Steel,CLASSIFIED,,,,0
INE201A01024,MANALIPETC,Manali Petrochemicals Limited,EQ,500268,Commodities,Petrochemicals,Chemicals,Chemicals & Petrochemicals,Petrochemicals,CLASSIFIED,,,,0
INE522D01027,MANAPPURAM,Manappuram Finance Limited,EQ,531213,Financial Services,Non Banking Financial Company (NBFC),Financial Services,Finance,Non Banking Financial Company (NBFC),CLASSIFIED,,,,0
INE939X01013,MANBA,Manba Finance Limited,EQ,544262,Financial Services,Non Banking Financial Company (NBFC),Financial Services,Finance,Non Banking Financial Company (NBFC),CLASSIFIED,,,,0
INE348N01042,MANBRO,Manbro Industries Limited,EQ,512595,Consumer Discretionary,"Gems, Jewellery And Watches",Consumer Durables,Consumer Durables,"Gems, Jewellery And Watches",CLASSIFIED,,,,0
INE545L01039,MANCREDIT,Mangal Credit and Fincorp Limited,EQ,505850,Financial Services,Non Banking Financial Company (NBFC),Financial Services,Finance,Non Banking Financial Company (NBFC),CLASSIFIED,,,,0
INE584F01014,MANGALAM,Mangalam Drugs And Organics Limited,EQ,532637,Healthcare,Pharmaceuticals,Healthcare,Pharmaceuticals & Biotechnology,Pharmaceuticals,CLASSIFIED,,,,0
INE347A01017,MANGLMCEM,Mangalam Cement Limited,EQ,502157,Commodities,Cement & Cement Products,Construction Materials,Cement & Cement Products,Cement & Cement Products,CLASSIFIED,,,,0
INE993A01026,MANINDS,Man Industries (India) Limited,EQ,513269,Industrials,Iron & Steel Products,Capital Goods,Industrial Products,Iron & Steel Products,CLASSIFIED,,,,0
INE949H01023,MANINFRA,Man Infraconstruction Limited,EQ,533169,Consumer Discretionary,"Residential, Commercial Projects",Realty,Realty,"Residential, Commercial Projects",CLASSIFIED,,,,0
INE459N01021,MANIPALHOS,Manipal Health Enterprises Limited,EQ,544847,Healthcare,Hospital,Healthcare,Healthcare Services,Hospital,CLASSIFIED,,,,0
INE634S01028,MANKIND,Mankind Pharma Limited,EQ,543904,Healthcare,Pharmaceuticals,Healthcare,Pharmaceuticals & Biotechnology,Pharmaceuticals,CLASSIFIED,,,,0
INE784W01015,MANOMAY,Manomay Tex India Limited,EQ,540396,Consumer Discretionary,Other Textile Products,Textiles,Textiles & Apparels,Other Textile Products,CLASSIFIED,,,,0
INE00VM01036,MANORAMA,Manorama Industries Limited,EQ,541974,Fast Moving Consumer Goods,Other Food Products,Fast Moving Consumer Goods,Food Products,Other Food Products,CLASSIFIED,,,,0
INE370D01013,MANORG,Mangalam Organics Limited,EQ,514418,Commodities,Commodity Chemicals,Chemicals,Chemicals & Petrochemicals,Commodity Chemicals,CLASSIFIED,,,,0
INE867A01022,MANUGRAPH,Manugraph India Limited,BE,505324,Industrials,Industrial Products,Capital Goods,Industrial Manufacturing,Industrial Products,CLASSIFIED,,,,0
INE825V01034,MANYAVAR,Vedant Fashions Limited,EQ,543463,Consumer Discretionary,Speciality Retail,Consumer Services,Retailing,Speciality Retail,CLASSIFIED,,,,0
INE0BV301023,MAPMYINDIA,C.E. Info Systems Limited,EQ,543425,Information Technology,Software Products,Information Technology,IT - Software,Software Products,CLASSIFIED,,,,0
INE882A01013,MARALOVER,Maral Overseas Limited,EQ,521018,Consumer Discretionary,Other Textile Products,Textiles,Textiles & Apparels,Other Textile Products,CLASSIFIED,,,,0
INE182D01020,MARATHON,Marathon Nextgen Realty Limited,EQ,503101,Consumer Discretionary,"Residential, Commercial Projects",Realty,Realty,"Residential, Commercial Projects",CLASSIFIED,,,,0
INE196A01026,MARICO,Marico Limited,EQ,531642,Fast Moving Consumer Goods,Edible Oil,Fast Moving Consumer Goods,Agricultural Food & other Products,Edible Oil,CLASSIFIED,,,,0
INE01JE01028,MARINE,Marine Electricals (India) Limited,EQ,,,,,,,BSE_RETRY,,No BSE code found for ISIN,2026-09-07T12:51:15Z,1
INE0FW001016,MARKOLINES,Markolines Pavement Technologies Limited,EQ,543364,Industrials,Civil Construction,Construction,Construction,Civil Construction,CLASSIFIED,,,,0
INE750C01026,MARKSANS,Marksans Pharma Limited,EQ,524404,Healthcare,Pharmaceuticals,Healthcare,Pharmaceuticals & Biotechnology,Pharmaceuticals,CLASSIFIED,,,,0
INE415B01044,MARSONS,Marsons Limited,EQ,517467,Industrials,Heavy Electrical Equipment,Capital Goods,Electrical Equipment,Heavy Electrical Equipment,CLASSIFIED,,,,0
INE585B01010,MARUTI,Maruti Suzuki India Limited,EQ,532500,Consumer Discretionary,Passenger Cars & Utility Vehicles,Automobile and Auto Components,Automobiles,Passenger Cars & Utility Vehicles,CLASSIFIED,,,,0
INE348L01012,MASFIN,MAS Financial Services Limited,EQ,540749,Financial Services,Non Banking Financial Company (NBFC),Financial Services,Finance,Non Banking Financial Company (NBFC),CLASSIFIED,,,,0
INE885F01015,MASKINVEST,Mask Investments Limited,EQ,,,,,,,BSE_RETRY,,No BSE code found for ISIN,2026-09-07T12:51:15Z,1
INE759A01021,MASTEK,Mastek Limited,EQ,523704,Information Technology,Computers - Software & Consulting,Information Technology,IT - Software,Computers - Software & Consulting,CLASSIFIED,,,,0
INE677D01037,MASTERTR,Master Trust Limited,EQ,511768,Financial Services,Stockbroking & Allied,Financial Services,Capital Markets,Stockbroking & Allied,CLASSIFIED,,,,0
INE866R01028,MATRIMONY,Matrimony.Com Limited,EQ,540704,Consumer Discretionary,Internet & Catalogue Retail,Consumer Services,Retailing,Internet & Catalogue Retail,CLASSIFIED,,,,0
INE636A01039,MAWANASUG,Mawana Sugars Limited,EQ,523371,Fast Moving Consumer Goods,Sugar,Fast Moving Consumer Goods,Agricultural Food & other Products,Sugar,CLASSIFIED,,,,0
INE03EI01018,MAXESTATES,Max Estates Limited,EQ,544008,Consumer Discretionary,"Residential, Commercial Projects",Realty,Realty,"Residential, Commercial Projects",CLASSIFIED,,,,0
INE027H01010,MAXHEALTH,Max Healthcare Institute Limited,EQ,543220,Healthcare,Hospital,Healthcare,Healthcare Services,Hospital,CLASSIFIED,,,,0
INE0CG601016,MAXIND,Max India Limited,EQ,543223,Financial Services,Holding Company,Financial Services,Finance,Holding Company,CLASSIFIED,,,,0
INE040D01038,MAYURUNIQ,Mayur Uniquoters Ltd,EQ,522249,Consumer Discretionary,Leather And Leather Products,Consumer Durables,Consumer Durables,Leather And Leather Products,CLASSIFIED,,,,0
INE885E01042,MAZDA,Mazda Limited,BE,523792,Industrials,Industrial Products,Capital Goods,Industrial Manufacturing,Industrial Products,CLASSIFIED,,,,0
INE249Z01020,MAZDOCK,Mazagon Dock Shipbuilders Limited,EQ,543237,Industrials,Ship Building & Allied Services,Capital Goods,Industrial Manufacturing,Ship Building & Allied Services,CLASSIFIED,,,,0
INE900L01028,MBAPL,Madhya Bharat Agro Products Limited,EQ,,,,,,,BSE_RETRY,,No BSE code found for ISIN,2026-09-07T12:51:15Z,1
INE08N601015,MBEL,M & B Engineering Limited,EQ,544470,Industrials,Civil Construction,Construction,Construction,Civil Construction,CLASSIFIED,,,,0
INE912H01013,MBLINFRA,MBL Infrastructure Limited,EQ,533152,Industrials,Civil Construction,Construction,Construction,Civil Construction,CLASSIFIED,,,,0
INE435D01014,MCCHRLS-B,Mac Charles India Limited,EQ,507836,Consumer Discretionary,Hotels & Resorts,Consumer Services,Leisure Services,Hotels & Resorts,CLASSIFIED,,,,0
INE813V01022,MCL,M TEK COPPER LIMITED,EQ,,,,,,,BSE_RETRY,,No BSE code found for ISIN,2026-09-07T12:51:15Z,1
INE942G01012,MCLEODRUSS,Mcleod Russel India Limited,EQ,532654,Fast Moving Consumer Goods,Tea & Coffee,Fast Moving Consumer Goods,Agricultural Food & other Products,Tea & Coffee,CLASSIFIED,,,,0
INE613C01026,MCLOUD,Magellanic Cloud Limited,EQ,538891,Information Technology,Computers - Software & Consulting,Information Technology,IT - Software,Computers - Software & Consulting,CLASSIFIED,,,,0
INE745G01043,MCX,Multi Commodity Exchange of India Limited,EQ,534091,Financial Services,Exchange and Data Platform,Financial Services,Capital Markets,Exchange and Data Platform,CLASSIFIED,,,,0
INE474Q01031,MEDANTA,Global Health Limited,EQ,543654,Healthcare,Hospital,Healthcare,Healthcare Services,Hospital,CLASSIFIED,,,,0
INE456Z01021,MEDIASSIST,Medi Assist Healthcare Services Limited,EQ,544088,Financial Services,Insurance Distributors,Financial Services,Insurance,Insurance Distributors,CLASSIFIED,,,,0
INE646B01010,MEDICAMEQ,Medicamen Biotech Limited,EQ,531146,Healthcare,Pharmaceuticals,Healthcare,Pharmaceuticals & Biotechnology,Pharmaceuticals,CLASSIFIED,,,,0
INE442D01010,MEDICAPQ,Medi Caps Limited,EQ,523144,Healthcare,Pharmaceuticals,Healthcare,Pharmaceuticals & Biotechnology,Pharmaceuticals,CLASSIFIED,,,,0
INE630Y01024,MEDICO,Medico Remedies Limited,EQ,540937,Healthcare,Pharmaceuticals,Healthcare,Pharmaceuticals & Biotechnology,Pharmaceuticals,CLASSIFIED,,,,0
INE804L01022,MEDPLUS,Medplus Health Services Limited,EQ,543427,Consumer Discretionary,Pharmacy Retail,Consumer Services,Retailing,Pharmacy Retail,CLASSIFIED,,,,0
INE0VDM01015,MEESHO,Meesho Limited,EQ,544632,Consumer Discretionary,E-Retail/ E-Commerce,Consumer Services,Retailing,E-Retail/ E-Commerce,CLASSIFIED,,,,0
INE00EM01016,MEGASTAR,Megastar Foods Limited,EQ,541352,Fast Moving Consumer Goods,Other Food Products,Fast Moving Consumer Goods,Food Products,Other Food Products,CLASSIFIED,,,,0
INE0PKD01011,MEIL,Mangal Electrical Industries Limited,EQ,544492,Industrials,Other Electrical Equipment,Capital Goods,Electrical Equipment,Other Electrical Equipment,CLASSIFIED,,,,0
INE650G01029,MENNPIS,Menon Pistons Limited,EQ,531727,Consumer Discretionary,Auto Components & Equipments,Automobile and Auto Components,Auto Components,Auto Components & Equipments,CLASSIFIED,,,,0
INE071D01033,MENONBE,Menon Bearings Limited,BE,523828,Consumer Discretionary,Auto Components & Equipments,Automobile and Auto Components,Auto Components,Auto Components & Equipments,CLASSIFIED,,,,0
INE776I01010,MEP,MEP Infrastructure Developers Limited,BZ,539126,Services,"Road Assets–Toll, Annuity, Hybrid-Annuity",Services,Transport Infrastructure,"Road Assets–Toll, Annuity, Hybrid-Annuity",CLASSIFIED,,,,0
INE689O01013,MERCANTILE,Mercantile Ventures Limited,EQ,538942,Services,Diversified Commercial Services,Services,Commercial Services & Supplies,Diversified Commercial Services,CLASSIFIED,,,,0
INE763M01028,MERCURYEV,Mercury Ev-Tech Limited,EQ,531357,Consumer Discretionary,Passenger Cars & Utility Vehicles,Automobile and Auto Components,Automobiles,Passenger Cars & Utility Vehicles,CLASSIFIED,,,,0
INE317I01021,METROBRAND,Metro Brands Limited,EQ,543426,Consumer Discretionary,Footwear,Consumer Durables,Consumer Durables,Footwear,CLASSIFIED,,,,0
INE085D01033,METROGLOBL,Metroglobal Limited,EQ,500159,Services,Trading & Distributors,Services,Commercial Services & Supplies,Trading & Distributors,CLASSIFIED,,,,0
INE112L01020,METROPOLIS,Metropolis Healthcare Limited,EQ,542650,Healthcare,Healthcare Service Provider,Healthcare,Healthcare Services,Healthcare Service Provider,CLASSIFIED,,,,0
INE0US801024,MFML,Mahalaxmi Fabric Mills Limited,EQ,544233,Consumer Discretionary,Other Textile Products,Textiles,Textiles & Apparels,Other Textile Products,CLASSIFIED,,,,0
INE180A01020,MFSL,Max Financial Services Limited,EQ,500271,Financial Services,Life Insurance,Financial Services,Insurance,Life Insurance,CLASSIFIED,,,,0
INE0APB01032,MGEL,Mangalam Global Enterprise Limited,BE,544273,Fast Moving Consumer Goods,Other Agricultural Products,Fast Moving Consumer Goods,Agricultural Food & other Products,Other Agricultural Products,CLASSIFIED,,,,0
INE002S01010,MGL,Mahanagar Gas Limited,EQ,539957,Energy,LPG/CNG/PNG/LNG Supplier,"Oil, Gas & Consumable Fuels",Gas,LPG/CNG/PNG/LNG Supplier,CLASSIFIED,,,,0
INE112D01035,MHLXMIRU,Mahalaxmi Rubtech Limited,BE,514450,Consumer Discretionary,Other Textile Products,Textiles,Textiles & Apparels,Other Textile Products,CLASSIFIED,,,,0
INE998I01010,MHRIL,Mahindra Holidays & Resorts India Limited,EQ,533088,Consumer Discretionary,Hotels & Resorts,Consumer Services,Leisure Services,Hotels & Resorts,CLASSIFIED,,,,0
INE287C01037,MICEL,MIC Electronics Limited,BE,532850,Industrials,Other Industrial Products,Capital Goods,Industrial Products,Other Industrial Products,CLASSIFIED,,,,0
INE099Z01011,MIDHANI,Mishra Dhatu Nigam Limited,EQ,541195,Industrials,Aerospace & Defense,Capital Goods,Aerospace & Defense,Aerospace & Defense,CLASSIFIED,,,,0
INE0XAD01024,MIDWESTLTD,Midwest Limited,EQ,544587,Consumer Discretionary,Granites & Marbles,Consumer Durables,Consumer Durables,Granites & Marbles,CLASSIFIED,,,,0
INE898Q01015,MIIL,Meghna Infracon Infrastructure Limited,EQ,538668,Consumer Discretionary,"Residential, Commercial Projects",Realty,Realty,"Residential, Commercial Projects",CLASSIFIED,,,,0
INE00IT01020,MILKYMIST,Milky Mist Dairy Food Limited,EQ,544868,Fast Moving Consumer Goods,Dairy Products,Fast Moving Consumer Goods,Food Products,Dairy Products,CLASSIFIED,,,,0
INE097E01028,MINALIND,Minal Industries Limited,EQ,522235,Services,Trading & Distributors,Services,Commercial Services & Supplies,Trading & Distributors,CLASSIFIED,,,,0
INE842C01021,MINDACORP,Minda Corporation Limited,EQ,538962,Consumer Discretionary,Auto Components & Equipments,Automobile and Auto Components,Auto Components,Auto Components & Equipments,CLASSIFIED,,,,0
INE110B01017,MINDTECK,Mindteck (India) Limited,EQ,517344,Information Technology,Computers - Software & Consulting,Information Technology,IT - Software,Computers - Software & Consulting,CLASSIFIED,,,,0
INE771A01026,MIRZAINT,Mirza International Limited,EQ,526642,Consumer Discretionary,Leather And Leather Products,Consumer Durables,Consumer Durables,Leather And Leather Products,CLASSIFIED,,,,0
INE828O01033,MITCON,MITCON Consultancy & Engineering Services Limited,BE,,,,,,,BSE_RETRY,,No BSE code found for ISIN,2026-09-07T12:51:15Z,1
INE997Y01027,MITTAL,Mittal Life Style Limited,EQ,,,,,,,BSE_RETRY,,No BSE code found for ISIN,2026-09-07T12:51:15Z,1
INE227F01010,MKEXIM,M.K. Exim (India) Limited,EQ,538890,Consumer Discretionary,Distributors,Consumer Services,Retailing,Distributors,CLASSIFIED,,,,0
INE964W01021,MKPL,M K Proteins Limited,EQ,543919,Fast Moving Consumer Goods,Edible Oil,Fast Moving Consumer Goods,Agricultural Food & other Products,Edible Oil,CLASSIFIED,,,,0
INE588G01021,MLKFOOD,Milkfood Limited,EQ,507621,Fast Moving Consumer Goods,Dairy Products,Fast Moving Consumer Goods,Food Products,Dairy Products,CLASSIFIED,,,,0
INE227C01017,MMFL,MM Forgings Limited,EQ,522241,Consumer Discretionary,Auto Components & Equipments,Automobile and Auto Components,Auto Components,Auto Components & Equipments,CLASSIFIED,,,,0
INE511Y01018,MMP,MMP Industries Limited,EQ,,,,,,,BSE_RETRY,,No BSE code found for ISIN,2026-09-07T12:51:15Z,1
INE123F01029,MMTC,MMTC Limited,EQ,513377,Services,Trading & Distributors,Services,Commercial Services & Supplies,Trading & Distributors,CLASSIFIED,,,,0
INE200D01020,MMWL,Media Matrix Worldwide Limited,EQ,512267,Consumer Discretionary,"Film Production, Distribution & Exhibition","Media, Entertainment & Publication",Entertainment,"Film Production, Distribution & Exhibition",CLASSIFIED,,,,0
INE0HLU01028,MOBIKWIK,One Mobikwik Systems Limited,EQ,544305,Financial Services,Financial Technology (Fintech),Financial Services,Financial Technology (Fintech),Financial Technology (Fintech),CLASSIFIED,,,,0
INE537F01012,MODINATUR,Modi Naturals Limited,BE,519003,Fast Moving Consumer Goods,Other Agricultural Products,Fast Moving Consumer Goods,Agricultural Food & other Products,Other Agricultural Products,CLASSIFIED,,,,0
INE832A01018,MODIRUBBER,Modi Rubber Limited,EQ,500890,Consumer Discretionary,Tyres & Rubber Products,Automobile and Auto Components,Auto Components,Tyres & Rubber Products,CLASSIFIED,,,,0
INE0L0L01012,MODIS,Modis Navnirman Limited,EQ,543539,Consumer Discretionary,"Residential, Commercial Projects",Realty,Realty,"Residential, Commercial Projects",CLASSIFIED,,,,0
INE737D01021,MODISONLTD,MODISON LIMITED,BE,506261,Industrials,Other Electrical Equipment,Capital Goods,Electrical Equipment,Other Electrical Equipment,CLASSIFIED,,,,0
INE794W01014,MODTHREAD,Modern Threads (India) Limited,EQ,500282,Consumer Discretionary,Other Textile Products,Textiles,Textiles & Apparels,Other Textile Products,CLASSIFIED,,,,0
INE154B01023,MOHITE,Mohite Industries Limited,EQ,532140,Consumer Discretionary,Other Textile Products,Textiles,Textiles & Apparels,Other Textile Products,CLASSIFIED,,,,0
INE954E01012,MOHITIND,Mohit Industries Limited,EQ,531453,Consumer Discretionary,Other Textile Products,Textiles,Textiles & Apparels,Other Textile Products,CLASSIFIED,,,,0
INE490G01020,MOIL,MOIL Limited,EQ,533286,Commodities,Industrial Minerals,Metals & Mining,Minerals & Mining,Industrial Minerals,CLASSIFIED,,,,0
INE514Y01020,MOKSH,Moksh Ornaments Limited,EQ,,,,,,,BSE_RETRY,,No BSE code found for ISIN,2026-09-07T12:51:15Z,1
INE0CT101020,MOL,Meghmani Organics Limited,EQ,543331,Commodities,Pesticides & Agrochemicals,Chemicals,Fertilizers & Agrochemicals,Pesticides & Agrochemicals,CLASSIFIED,,,,0
INE869T01028,MOLBIO,Molbio Diagnostics Limited,EQ,544866,Healthcare,Medical Equipment & Supplies,Healthcare,Healthcare Equipment & Supplies,Medical Equipment & Supplies,CLASSIFIED,,,,0
INE835B01035,MOLDTECH,Mold-Tek Technologies Limited,BE,526263,Industrials,Civil Construction,Construction,Construction,Civil Construction,CLASSIFIED,,,,0
INE893J01029,MOLDTKPAC,Mold-Tek Packaging Limited,EQ,533080,Industrials,Packaging,Capital Goods,Industrial Products,Packaging,CLASSIFIED,,,,0
INE903D01011,MONARCH,Monarch Networth Capital Limited,EQ,511551,Financial Services,Stockbroking & Allied,Financial Services,Capital Markets,Stockbroking & Allied,CLASSIFIED,,,,0
INE296Q01012,MONEYBOXX,Moneyboxx Finance Limited,EQ,538446,Financial Services,Non Banking Financial Company (NBFC),Financial Services,Finance,Non Banking Financial Company (NBFC),CLASSIFIED,,,,0
INE950M01013,MONTECARLO,Monte Carlo Fashions Limited,EQ,538836,Consumer Discretionary,Garments & Apparels,Textiles,Textiles & Apparels,Garments & Apparels,CLASSIFIED,,,,0
INE083A01026,MOREPENLAB,Morepen Laboratories Limited,EQ,500288,Healthcare,Pharmaceuticals,Healthcare,Pharmaceuticals & Biotechnology,Pharmaceuticals,CLASSIFIED,,,,0
INE935B01025,MOSCHIP,Moschip Technologies Limited,EQ,532407,Information Technology,Computers Hardware & Equipments,Information Technology,IT - Hardware,Computers Hardware & Equipments,CLASSIFIED,,,,0
INE775A01035,MOTHERSON,Samvardhana Motherson International Limited,EQ,517334,Consumer Discretionary,Auto Components & Equipments,Automobile and Auto Components,Auto Components,Auto Components & Equipments,CLASSIFIED,,,,0
INE338I01027,MOTILALOFS,Motilal Oswal Financial Services Limited,EQ,532892,Financial Services,Stockbroking & Allied,Financial Services,Capital Markets,Stockbroking & Allied,CLASSIFIED,,,,0
INE0FRK01020,MOTISONS,Motisons Jewellers Limited,EQ,544053,Consumer Discretionary,"Gems, Jewellery And Watches",Consumer Durables,Consumer Durables,"Gems, Jewellery And Watches",CLASSIFIED,,,,0
INE861B01023,MOTOGENFIN,The Motor & General Finance Limited,BE,501343,Services,Diversified Commercial Services,Services,Commercial Services & Supplies,Diversified Commercial Services,CLASSIFIED,,,,0
INE493H01014,MPDL,MPDL Limited,EQ,532723,Consumer Discretionary,"Residential, Commercial Projects",Realty,Realty,"Residential, Commercial Projects",CLASSIFIED,,,,0
INE356A01018,MPHASIS,MphasiS Limited,EQ,526299,Information Technology,Computers - Software & Consulting,Information Technology,IT - Software,Computers - Software & Consulting,CLASSIFIED,,,,0
INE943D01017,MPSLTD,MPS Limited,EQ,532440,Consumer Discretionary,Printing & Publication,"Media, Entertainment & Publication",Printing & Publication,Printing & Publication,CLASSIFIED,,,,0
INE883A01011,MRF,MRF Limited,EQ,500290,Consumer Discretionary,Tyres & Rubber Products,Automobile and Auto Components,Auto Components,Tyres & Rubber Products,CLASSIFIED,,,,0
INE103A01014,MRPL,Mangalore Refinery and Petrochemicals Limited,EQ,500109,Energy,Refineries & Marketing,"Oil, Gas & Consumable Fuels",Petroleum Products,Refineries & Marketing,CLASSIFIED,,,,0
INE829S01016,MSL,Mangalam Seeds Limited,EQ,539275,Fast Moving Consumer Goods,Other Agricultural Products,Fast Moving Consumer Goods,Agricultural Food & other Products,Other Agricultural Products,CLASSIFIED,,,,0
INE752G01015,MSPL,MSP Steel & Power Limited,EQ,532650,Industrials,Iron & Steel Products,Capital Goods,Industrial Products,Iron & Steel Products,CLASSIFIED,,,,0
INE255X01014,MSTCLTD,Mstc Limited,EQ,542597,Services,Trading & Distributors,Services,Commercial Services & Supplies,Trading & Distributors,CLASSIFIED,,,,0
INE0FS801015,MSUMI,Motherson Sumi Wiring India Limited,EQ,543498,Consumer Discretionary,Auto Components & Equipments,Automobile and Auto Components,Auto Components,Auto Components & Equipments,CLASSIFIED,,,,0
INE864I01014,MTARTECH,Mtar Technologies Limited,BE,543270,Industrials,Other Electrical Equipment,Capital Goods,Electrical Equipment,Other Electrical Equipment,CLASSIFIED,,,,0
INE472M01018,MTEDUCARE,MT Educare Limited,BE,534312,Consumer Discretionary,Education,Consumer Services,Other Consumer Services,Education,CLASSIFIED,,,,0
INE153A01019,MTNL,Mahanagar Telephone Nigam Limited,EQ,500108,Telecommunication,Telecom - Cellular & Fixed line services,Telecommunication,Telecom - Services,Telecom - Cellular & Fixed line services,CLASSIFIED,,,,0
INE08KJ01020,MUFIN,Mufin Green Finance Limited,EQ,542774,Financial Services,Non Banking Financial Company (NBFC),Financial Services,Finance,Non Banking Financial Company (NBFC),CLASSIFIED,,,,0
INE220Q01020,MUFTI,Credo Brands Marketing Limited,EQ,544058,Consumer Discretionary,Speciality Retail,Consumer Services,Retailing,Speciality Retail,CLASSIFIED,,,,0
INE304A01026,MUKANDLTD,Mukand Limited,EQ,500460,Industrials,Iron & Steel Products,Capital Goods,Industrial Products,Iron & Steel Products,CLASSIFIED,,,,0
INE596B01017,MUKESHB,Mukesh Babu Financial Services Limited,EQ,530341,Financial Services,Non Banking Financial Company (NBFC),Financial Services,Finance,Non Banking Financial Company (NBFC),CLASSIFIED,,,,0
INE0CG401037,MUKKA,Mukka Proteins Limited,EQ,544135,Fast Moving Consumer Goods,Animal Feed,Fast Moving Consumer Goods,Food Products,Animal Feed,CLASSIFIED,,,,0
INE374B01019,MUKTAARTS,Mukta Arts Limited,BE,532357,Consumer Discretionary,"Film Production, Distribution & Exhibition","Media, Entertainment & Publication",Entertainment,"Film Production, Distribution & Exhibition",CLASSIFIED,,,,0
INE672B01032,MUNJALAU,Munjal Auto Industries Limited,EQ,520059,Consumer Discretionary,Auto Components & Equipments,Automobile and Auto Components,Auto Components,Auto Components & Equipments,CLASSIFIED,,,,0
INE577A01027,MUNJALSHOW,Munjal Showa Limited,EQ,520043,Consumer Discretionary,Auto Components & Equipments,Automobile and Auto Components,Auto Components,Auto Components & Equipments,CLASSIFIED,,,,0
INE692B01014,MURUDCERA,Murudeshwar Ceramics Limited,EQ,515037,Consumer Discretionary,Ceramics,Consumer Durables,Consumer Durables,Ceramics,CLASSIFIED,,,,0
INE296G01013,MUTHOOTCAP,Muthoot Capital Services Limited,EQ,511766,Financial Services,Non Banking Financial Company (NBFC),Financial Services,Finance,Non Banking Financial Company (NBFC),CLASSIFIED,,,,0
INE414G01012,MUTHOOTFIN,Muthoot Finance Limited,EQ,533398,Financial Services,Non Banking Financial Company (NBFC),Financial Services,Finance,Non Banking Financial Company (NBFC),CLASSIFIED,,,,0
INE046W01019,MUTHOOTMF,Muthoot Microfin Limited,EQ,544055,Financial Services,Microfinance Institutions,Financial Services,Finance,Microfinance Institutions,CLASSIFIED,,,,0
INE0OWZ01020,MVELECTRO,MV Electrosystems Limited,EQ,544851,Industrials,Industrial Products,Capital Goods,Industrial Manufacturing,Industrial Products,CLASSIFIED,,,,0
INE0KNT01012,MVGJL,Manoj Vaibhav Gems N Jewellers Limited,EQ,543995,Consumer Discretionary,"Gems, Jewellery And Watches",Consumer Durables,Consumer Durables,"Gems, Jewellery And Watches",CLASSIFIED,,,,0
INE0JYY01029,MWL,Mangalam Worldwide Limited,EQ,544764,Industrials,Iron & Steel Products,Capital Goods,Industrial Products,Iron & Steel Products,CLASSIFIED,,,,0
INE741A01011,MYSORPETRO,Mysore Petro Chemicals Limited,EQ,506734,Commodities,Trading - Chemicals,Chemicals,Chemicals & Petrochemicals,Trading - Chemicals,CLASSIFIED,,,,0
INE295D01020,NACLIND,NACL Industries Limited,EQ,524709,Commodities,Pesticides & Agrochemicals,Chemicals,Fertilizers & Agrochemicals,Pesticides & Agrochemicals,CLASSIFIED,,,,0
INE245I01016,NAGREEKCAP,Nagreeka Capital & Infrastructure Limited,EQ,532895,Financial Services,Investment Company,Financial Services,Finance,Investment Company,CLASSIFIED,,,,0
INE123B01028,NAGREEKEXP,Nagreeka Exports Limited,EQ,521109,Consumer Discretionary,Other Textile Products,Textiles,Textiles & Apparels,Other Textile Products,CLASSIFIED,,,,0
INE049I01012,NAHARCAP,Nahar Capital and Financial Services Limited,EQ,532952,Financial Services,Investment Company,Financial Services,Finance,Investment Company,CLASSIFIED,,,,0
INE289A01011,NAHARINDUS,Nahar Industrial Enterprises Limited,EQ,519136,Consumer Discretionary,Other Textile Products,Textiles,Textiles & Apparels,Other Textile Products,CLASSIFIED,,,,0
INE308A01027,NAHARPOLY,Nahar Poly Films Limited,EQ,523391,Industrials,Packaging,Capital Goods,Industrial Products,Packaging,CLASSIFIED,,,,0
INE290A01027,NAHARSPING,Nahar Spinning Mills Limited,EQ,500296,Consumer Discretionary,Other Textile Products,Textiles,Textiles & Apparels,Other Textile Products,CLASSIFIED,,,,0
INE298J01013,NAM-INDIA,Nippon Life India Asset Management Limited,EQ,540767,Financial Services,Asset Management Company,Financial Services,Capital Markets,Asset Management Company,CLASSIFIED,,,,0
INE117Z01029,NARMADA,Narmada Agrobase Limited,EQ,543643,Fast Moving Consumer Goods,Animal Feed,Fast Moving Consumer Goods,Food Products,Animal Feed,CLASSIFIED,,,,0
INE936B01015,NATCAPSUQ,Natural Capsules Limited,EQ,524654,Healthcare,Pharmaceuticals,Healthcare,Pharmaceuticals & Biotechnology,Pharmaceuticals,CLASSIFIED,,,,0
INE987B01026,NATCOPHARM,Natco Pharma Limited,EQ,524816,Healthcare,Pharmaceuticals,Healthcare,Pharmaceuticals & Biotechnology,Pharmaceuticals,CLASSIFIED,,,,0
INE448G01010,NATHBIOGEN,Nath Bio-Genes (India) Limited,EQ,537291,Fast Moving Consumer Goods,Other Agricultural Products,Fast Moving Consumer Goods,Agricultural Food & other Products,Other Agricultural Products,CLASSIFIED,,,,0
INE139A01034,NATIONALUM,National Aluminium Company Limited,EQ,532234,Commodities,Aluminium,Metals & Mining,Non - Ferrous Metals,Aluminium,CLASSIFIED,,,,0
INE166R01015,NATIONSTD,National Standard (India) Limited,EQ,504882,Consumer Discretionary,"Residential, Commercial Projects",Realty,Realty,"Residential, Commercial Projects",CLASSIFIED,,,,0
INE663F01032,NAUKRI,Info Edge (India) Limited,EQ,532777,Consumer Discretionary,Internet & Catalogue Retail,Consumer Services,Retailing,Internet & Catalogue Retail,CLASSIFIED,,,,0
INE725A01030,NAVA,NAVA LIMITED,EQ,513023,Utilities,Power Generation,Power,Power,Power Generation,CLASSIFIED,,,,0
INE048G01026,NAVINFLUOR,Navin Fluorine International Limited,EQ,532504,Commodities,Specialty Chemicals,Chemicals,Chemicals & Petrochemicals,Specialty Chemicals,CLASSIFIED,,,,0
INE278M01019,NAVKARCORP,Navkar Corporation Limited,EQ,539332,Services,Logistics Solution Provider,Services,Transport Services,Logistics Solution Provider,CLASSIFIED,,,,0
INE268H01044,NAVKARURB,Navkar Urbanstructure Limited,BE,531494,Industrials,Civil Construction,Construction,Construction,Civil Construction,CLASSIFIED,,,,0
INE060A01024,NAVNETEDUL,Navneet Education Limited,EQ,508989,Fast Moving Consumer Goods,Stationary,Fast Moving Consumer Goods,Household Products,Stationary,CLASSIFIED,,,,0
INE418L01047,NAZARA,Nazara Technologies Limited,EQ,543280,Consumer Discretionary,Digital Entertainment,"Media, Entertainment & Publication",Entertainment,Digital Entertainment,CLASSIFIED,,,,0
INE095N01031,NBCC,NBCC (India) Limited,EQ,534309,Industrials,Civil Construction,Construction,Construction,Civil Construction,CLASSIFIED,,,,0
INE365I01020,NBIFIN,N. B. I. Industrial Finance Company Limited,EQ,,,,,,,BSE_RETRY,,No BSE code found for ISIN,2026-09-07T12:51:15Z,1
INE868B01028,NCC,NCC Limited,EQ,500294,Industrials,Civil Construction,Construction,Construction,Civil Construction,CLASSIFIED,,,,0
INE732C01016,NCLIND,NCL Industries Limited,EQ,502168,Commodities,Cement & Cement Products,Construction Materials,Cement & Cement Products,Cement & Cement Products,CLASSIFIED,,,,0
INE756C01015,NDGL,Naga Dhunseri Group Limited,EQ,,,,,,,BSE_RETRY,,No BSE code found for ISIN,2026-09-07T12:51:15Z,1
INE875G01048,NDL,Nandan Denim Limited,EQ,532641,Consumer Discretionary,Other Textile Products,Textiles,Textiles & Apparels,Other Textile Products,CLASSIFIED,,,,0
INE353A01023,NDLVENTURE,NDL Ventures Limited,EQ,500189,Financial Services,Other Financial Services,Financial Services,Finance,Other Financial Services,CLASSIFIED,,,,0
INE07OG01012,NDRAUTO,Ndr Auto Components Limited,EQ,543214,Consumer Discretionary,Auto Components & Equipments,Automobile and Auto Components,Auto Components,Auto Components & Equipments,CLASSIFIED,,,,0
INE155G01029,NDTV,New Delhi Television Limited,EQ,532529,Consumer Discretionary,TV Broadcasting & Software Production,"Media, Entertainment & Publication",Entertainment,TV Broadcasting & Software Production,CLASSIFIED,,,,0
INE605D01012,NEAGI,Neelamalai Agro Industries Limited,EQ,508670,Fast Moving Consumer Goods,Tea & Coffee,Fast Moving Consumer Goods,Agricultural Food & other Products,Tea & Coffee,CLASSIFIED,,,,0
INE553C01016,NECCLTD,North Eastern Carrying Corporation Limited,BE,534615,Services,Logistics Solution Provider,Services,Transport Services,Logistics Solution Provider,CLASSIFIED,,,,0
INE023H01027,NECLIFE,Nectar Lifesciences Limited,EQ,532649,Healthcare,Pharmaceuticals,Healthcare,Pharmaceuticals & Biotechnology,Pharmaceuticals,CLASSIFIED,,,,0
INE189I01024,NELCAST,Nelcast Limited,EQ,532864,Industrials,Castings & Forgings,Capital Goods,Industrial Products,Castings & Forgings,CLASSIFIED,,,,0
INE045B01015,NELCO,NELCO Limited,EQ,504112,Information Technology,Computers Hardware & Equipments,Information Technology,IT - Hardware,Computers Hardware & Equipments,CLASSIFIED,,,,0
INE136S01016,NEOGEN,Neogen Chemicals Limited,EQ,542665,Commodities,Specialty Chemicals,Chemicals,Chemicals & Petrochemicals,Specialty Chemicals,CLASSIFIED,,,,0
INE428V01029,NEPHROPLUS,Nephrocare Health Services Limited,EQ,544647,Healthcare,Healthcare Service Provider,Healthcare,Healthcare Services,Healthcare Service Provider,CLASSIFIED,,,,0
INE317F01035,NESCO,Nesco Limited,EQ,505355,Services,Diversified Commercial Services,Services,Commercial Services & Supplies,Diversified Commercial Services,CLASSIFIED,,,,0
INE239A01024,NESTLEIND,Nestle India Limited,EQ,500790,Fast Moving Consumer Goods,Packaged Foods,Fast Moving Consumer Goods,Food Products,Packaged Foods,CLASSIFIED,,,,0
INE0NT901020,NETWEB,Netweb Technologies India Limited,EQ,543945,Information Technology,IT Enabled Services,Information Technology,IT - Services,IT Enabled Services,CLASSIFIED,,,,0
INE870H01013,NETWORK18,Network18 Media & Investments Limited,EQ,532798,Consumer Discretionary,Media & Entertainment,"Media, Entertainment & Publication",Entertainment,Media & Entertainment,CLASSIFIED,,,,0
INE333I01044,NEUEON,Neueon Corporation Limited,BE,532887,Industrials,Heavy Electrical Equipment,Capital Goods,Electrical Equipment,Heavy Electrical Equipment,CLASSIFIED,,,,0
INE794A01010,NEULANDLAB,Neuland Laboratories Limited,EQ,524558,Healthcare,Pharmaceuticals,Healthcare,Pharmaceuticals & Biotechnology,Pharmaceuticals,CLASSIFIED,,,,0
INE619B01017,NEWGEN,Newgen Software Technologies Limited,EQ,540900,Information Technology,Computers - Software & Consulting,Information Technology,IT - Software,Computers - Software & Consulting,CLASSIFIED,,,,0
INE747B01016,NEXTMEDIA,Next Mediaworks Limited,EQ,532416,Consumer Discretionary,Media & Entertainment,"Media, Entertainment & Publication",Entertainment,Media & Entertainment,CLASSIFIED,,,,0
INE870D01012,NFL,National Fertilizers Limited,EQ,523630,Commodities,Fertilizers,Chemicals,Fertilizers & Agrochemicals,Fertilizers,CLASSIFIED,,,,0
INE236Y01012,NGIL,Nakoda Group of Industries Limited,BE,541418,Fast Moving Consumer Goods,Packaged Foods,Fast Moving Consumer Goods,Food Products,Packaged Foods,CLASSIFIED,,,,0
INE887E01022,NGLFINE,NGL Fine-Chem Limited,EQ,524774,Healthcare,Pharmaceuticals,Healthcare,Pharmaceuticals & Biotechnology,Pharmaceuticals,CLASSIFIED,,,,0
INE410P01011,NH,Narayana Hrudayalaya Ltd.,EQ,539551,Healthcare,Hospital,Healthcare,Healthcare Services,Hospital,CLASSIFIED,,,,0
INE848E01016,NHPC,NHPC Limited,EQ,533098,Utilities,Power Generation,Power,Power,Power Generation,CLASSIFIED,,,,0
INE470Y01017,NIACL,The New India Assurance Company Limited,EQ,540769,Financial Services,General Insurance,Financial Services,Insurance,General Insurance,CLASSIFIED,,,,0
INE149O01018,NIBE,NIBE Limited,EQ,535136,Industrials,Aerospace & Defense,Capital Goods,Aerospace & Defense,Aerospace & Defense,CLASSIFIED,,,,0
INE047O01014,NIBL,NRB Industrial Bearings Limited,EQ,535458,Industrials,Abrasives & Bearings,Capital Goods,Industrial Products,Abrasives & Bearings,CLASSIFIED,,,,0
INE653C01022,NICCOPAR,Nicco Parks & Resorts Limited,EQ,526721,Consumer Discretionary,Amusement Parks/ Other Recreation,Consumer Services,Leisure Services,Amusement Parks/ Other Recreation,CLASSIFIED,,,,0
INE161A01038,NIITLTD,NIIT Limited,EQ,500304,Consumer Discretionary,Education,Consumer Services,Other Consumer Services,Education,CLASSIFIED,,,,0
INE342G01023,NIITMTS,NIIT Learning Systems Limited,EQ,543952,Consumer Discretionary,Education,Consumer Services,Other Consumer Services,Education,CLASSIFIED,,,,0
INE937C01029,NILAINFRA,Nila Infrastructures Limited,EQ,530377,Consumer Discretionary,"Residential, Commercial Projects",Realty,Realty,"Residential, Commercial Projects",CLASSIFIED,,,,0
INE00S901012,NILASPACES,Nila Spaces Limited,EQ,542231,Consumer Discretionary,"Residential, Commercial Projects",Realty,Realty,"Residential, Commercial Projects",CLASSIFIED,,,,0
INE445D01013,NILE,Nile Limited,EQ,530129,Commodities,Industrial Minerals,Metals & Mining,Minerals & Mining,Industrial Minerals,CLASSIFIED,,,,0
INE310A01015,NILKAMAL,Nilkamal Limited,EQ,523385,Consumer Discretionary,Plastic Products - Consumer,Consumer Durables,Consumer Durables,Plastic Products - Consumer,CLASSIFIED,,,,0
INE875B01015,NIMBSPROJ,Nimbus Projects Limited,EQ,511714,Consumer Discretionary,"Residential, Commercial Projects",Realty,Realty,"Residential, Commercial Projects",CLASSIFIED,,,,0
INE395U01014,NINSYS,NINtec Systems Limited,EQ,539843,Information Technology,Computers - Software & Consulting,Information Technology,IT - Software,Computers - Software & Consulting,CLASSIFIED,,,,0
INE567A01028,NIPPOBATRY,Indo-National Limited,EQ,504058,Fast Moving Consumer Goods,Household Products,Fast Moving Consumer Goods,Household Products,Household Products,CLASSIFIED,,,,0
INE368I01016,NIRAJ,Niraj Cement Structurals Limited,EQ,532986,Industrials,Civil Construction,Construction,Construction,Civil Construction,CLASSIFIED,,,,0
INE326T01011,NIRAJISPAT,Niraj Ispat Industries Limited,EQ,,,,,,,BSE_RETRY,,No BSE code found for ISIN,2026-09-07T12:51:15Z,1
INE910A01012,NIRLON,Nirlon Limited,EQ,500307,Services,Diversified Commercial Services,Services,Commercial Services & Supplies,Diversified Commercial Services,CLASSIFIED,,,,0
INE858F01012,NITCO,Nitco Limited,EQ,532722,Consumer Discretionary,Ceramics,Consumer Durables,Consumer Durables,Ceramics,CLASSIFIED,,,,0
INE229H01012,NITINSPIN,Nitin Spinners Limited,EQ,532698,Consumer Discretionary,Other Textile Products,Textiles,Textiles & Apparels,Other Textile Products,CLASSIFIED,,,,0
INE439T01012,NITIRAJ,Nitiraj Engineers Limited,EQ,,,,,,,BSE_RETRY,,No BSE code found for ISIN,2026-09-07T12:51:15Z,1
INE265B01019,NITTAGELA,Nitta Gelatin India Limited,EQ,506532,Commodities,Specialty Chemicals,Chemicals,Chemicals & Petrochemicals,Specialty Chemicals,CLASSIFIED,,,,0
INE995S01015,NIVABUPA,Niva Bupa Health Insurance Company Limited,EQ,544286,Financial Services,General Insurance,Financial Services,Insurance,General Insurance,CLASSIFIED,,,,0
INE542C01019,NKIND,NK Industries Limited,EQ,519494,Fast Moving Consumer Goods,Edible Oil,Fast Moving Consumer Goods,Agricultural Food & other Products,Edible Oil,CLASSIFIED,,,,0
INE589A01014,NLCINDIA,NLC India Limited,EQ,513683,Utilities,Power Generation,Power,Power,Power Generation,CLASSIFIED,,,,0
INE584A01023,NMDC,NMDC Limited,EQ,526371,Commodities,Industrial Minerals,Metals & Mining,Minerals & Mining,Industrial Minerals,CLASSIFIED,,,,0
INE163A01018,NOCIL,NOCIL Limited,EQ,500730,Commodities,Specialty Chemicals,Chemicals,Chemicals & Petrochemicals,Specialty Chemicals,CLASSIFIED,,,,0
INE781B01015,NOIDATOLL,Noida Toll Bridge Company Limited,BE,532481,Services,"Road Assets–Toll, Annuity, Hybrid-Annuity",Services,Transport Infrastructure,"Road Assets–Toll, Annuity, Hybrid-Annuity",CLASSIFIED,,,,0
INE369C01017,NORBTEAEXP,Norben Tea & Exports Limited,EQ,519528,Fast Moving Consumer Goods,Tea & Coffee,Fast Moving Consumer Goods,Agricultural Food & other Products,Tea & Coffee,CLASSIFIED,,,,0
INE850M01015,NORTHARC,Northern Arc Capital Limited,EQ,544260,Financial Services,Non Banking Financial Company (NBFC),Financial Services,Finance,Non Banking Financial Company (NBFC),CLASSIFIED,,,,0
INE02H701025,NOVAAGRI,Nova Agritech Limited,BE,544100,Commodities,Fertilizers,Chemicals,Fertilizers & Agrochemicals,Fertilizers,CLASSIFIED,,,,0
INE234A01025,NOVARTIND,Novartis India Limited,EQ,500672,Healthcare,Pharmaceuticals,Healthcare,Pharmaceuticals & Biotechnology,Pharmaceuticals,CLASSIFIED,,,,0
INE0FFK01017,NPST,Network People Services Technologies Limited,EQ,544396,Financial Services,Financial Technology (Fintech),Financial Services,Financial Technology (Fintech),Financial Technology (Fintech),CLASSIFIED,,,,0
INE740D01017,NRAIL,N R Agarwal Industries Limited,EQ,516082,Commodities,Paper & Paper Products,Forest Materials,"Paper, Forest & Jute Products",Paper & Paper Products,CLASSIFIED,,,,0
INE349A01021,NRBBEARING,NRB Bearing Limited,EQ,530367,Consumer Discretionary,Auto Components & Equipments,Automobile and Auto Components,Auto Components,Auto Components & Equipments,CLASSIFIED,,,,0
INE0JM501013,NRL,Nupur Recyclers Limited,BE,,,,,,,BSE_RETRY,,No BSE code found for ISIN,2026-09-07T12:51:15Z,1
INE023A01030,NSIL,Nalwa Sons Investments Limited,EQ,532256,Financial Services,Investment Company,Financial Services,Finance,Investment Company,CLASSIFIED,,,,0
INE0NNS01018,NSLNISP,NMDC Steel Limited,EQ,543768,Commodities,Iron & Steel,Metals & Mining,Ferrous Metals,Iron & Steel,CLASSIFIED,,,,0
INE920C01017,NTCIND,NTC Industries Limited,EQ,526723,Fast Moving Consumer Goods,Cigarettes & Tobacco Products,Fast Moving Consumer Goods,Cigarettes & Tobacco Products,Cigarettes & Tobacco Products,CLASSIFIED,,,,0
INE733E01010,NTPC,NTPC Limited,EQ,532555,Utilities,Power Generation,Power,Power,Power Generation,CLASSIFIED,,,,0
INE0ONG01011,NTPCGREEN,NTPC Green Energy Limited,EQ,544289,Utilities,Power Generation,Power,Power,Power Generation,CLASSIFIED,,,,0
INE096B01018,NUCLEUS,Nucleus Software Exports Limited,EQ,531209,Information Technology,Software Products,Information Technology,IT - Software,Software Products,CLASSIFIED,,,,0
INE0DSF01015,NURECA,Nureca Limited,BE,543264,Healthcare,Medical Equipment & Supplies,Healthcare,Healthcare Equipment & Supplies,Medical Equipment & Supplies,CLASSIFIED,,,,0
INE531F01023,NUVAMA,Nuvama Wealth Management Limited,EQ,543988,Financial Services,Stockbroking & Allied,Financial Services,Capital Markets,Stockbroking & Allied,CLASSIFIED,,,,0
INE118D01016,NUVOCO,Nuvoco Vistas Corporation Limited,EQ,543334,Commodities,Cement & Cement Products,Construction Materials,Cement & Cement Products,Cement & Cement Products,CLASSIFIED,,,,0
INE388Y01029,NYKAA,FSN E-Commerce Ventures Limited,EQ,543384,Consumer Discretionary,E-Retail/ E-Commerce,Consumer Services,Retailing,E-Retail/ E-Commerce,CLASSIFIED,,,,0
INE959C01023,OAL,Oriental Aromatics Limited,EQ,500078,Commodities,Specialty Chemicals,Chemicals,Chemicals & Petrochemicals,Specialty Chemicals,CLASSIFIED,,,,0
INE426Z01016,OBCL,OBCL Limited,EQ,541206,Services,Logistics Solution Provider,Services,Transport Services,Logistics Solution Provider,CLASSIFIED,,,,0
INE093I01010,OBEROIRLTY,Oberoi Realty Limited,EQ,533273,Consumer Discretionary,"Residential, Commercial Projects",Realty,Realty,"Residential, Commercial Projects",CLASSIFIED,,,,0
INE0PK601023,OCCLLTD,OCCL Limited,BE,544278,Commodities,Commodity Chemicals,Chemicals,Chemicals & Petrochemicals,Commodity Chemicals,CLASSIFIED,,,,0
INE054301028,ODIGMA,Odigma Consultancy Solutions Limited,EQ,544301,Information Technology,IT Enabled Services,Information Technology,IT - Services,IT Enabled Services,CLASSIFIED,,,,0
INE839E01023,ODYCORP,Odyssey Corporation Limited,EQ,531996,Financial Services,Non Banking Financial Company (NBFC),Financial Services,Finance,Non Banking Financial Company (NBFC),CLASSIFIED,,,,0
INE881D01027,OFSS,Oracle Financial Services Software Limited,EQ,532466,Information Technology,Software Products,Information Technology,IT - Software,Software Products,CLASSIFIED,,,,0
INE274J01014,OIL,Oil India Limited,EQ,533106,Energy,Oil Exploration & Production,"Oil, Gas & Consumable Fuels",Oil,Oil Exploration & Production,CLASSIFIED,,,,0
INE591A01010,OILCOUNTUB,Oil Country Tubular Limited,BE,500313,Energy,Oil Equipment & Services,"Oil, Gas & Consumable Fuels",Oil,Oil Equipment & Services,CLASSIFIED,,,,0
INE0LXG01040,OLAELEC,Ola Electric Mobility Limited,EQ,544225,Consumer Discretionary,2/3 Wheelers,Automobile and Auto Components,Automobiles,2/3 Wheelers,CLASSIFIED,,,,0
INE260D01016,OLECTRA,Olectra Greentech Limited,EQ,532439,Consumer Discretionary,Passenger Cars & Utility Vehicles,Automobile and Auto Components,Automobiles,Passenger Cars & Utility Vehicles,CLASSIFIED,,,,0
INE090B01011,OMAXAUTO,Omax Autos Limited,EQ,520021,Consumer Discretionary,Auto Components & Equipments,Automobile and Auto Components,Auto Components,Auto Components & Equipments,CLASSIFIED,,,,0
INE800H01010,OMAXE,Omaxe Limited,EQ,532880,Consumer Discretionary,"Residential, Commercial Projects",Realty,Realty,"Residential, Commercial Projects",CLASSIFIED,,,,0
INE1BZC01019,OMFREIGHT,Om Freight Forwarders Limited,BE,544564,Services,Logistics Solution Provider,Services,Transport Services,Logistics Solution Provider,CLASSIFIED,,,,0
INE239D01028,OMINFRAL,OM INFRA LIMITED,EQ,531092,Industrials,Civil Construction,Construction,Construction,Civil Construction,CLASSIFIED,,,,0
INE0UH301010,OMNI,Omnitech Engineering Limited,EQ,544720,Industrials,Industrial Products,Capital Goods,Industrial Manufacturing,Industrial Products,CLASSIFIED,,,,0
INE25E901019,OMPOWER,Om Power Transmission Limited,EQ,544750,Industrials,Civil Construction,Construction,Construction,Civil Construction,CLASSIFIED,,,,0
INE670O01013,ONEGLOBAL,One Global Service Provider Limited,EQ,514330,Healthcare,Healthcare Service Provider,Healthcare,Healthcare Services,Healthcare Service Provider,CLASSIFIED,,,,0
INE912L01015,ONELIFECAP,Onelife Capital Advisors Limited,BE,533632,Financial Services,Stockbroking & Allied,Financial Services,Capital Markets,Stockbroking & Allied,CLASSIFIED,,,,0
INE840Y01029,ONEPOINT,One Point One Solutions Limited,EQ,544748,Services,Business Process Outsourcing (BPO)/ Knowledge Process Outsourcing (KPO),Services,Commercial Services & Supplies,Business Process Outsourcing (BPO)/ Knowledge Process Outsourcing (KPO),CLASSIFIED,,,,0
INE013P01021,ONESOURCE,Onesource Specialty Pharma Limited,EQ,544292,Healthcare,Pharmaceuticals,Healthcare,Pharmaceuticals & Biotechnology,Pharmaceuticals,CLASSIFIED,,,,0
INE213A01029,ONGC,Oil & Natural Gas Corporation Limited,EQ,500312,Energy,Oil Exploration & Production,"Oil, Gas & Consumable Fuels",Oil,Oil Exploration & Production,CLASSIFIED,,,,0
INE831A01028,ONIDA,Onida Electronics Limited,EQ,500279,Consumer Discretionary,Consumer Electronics,Consumer Durables,Consumer Durables,Consumer Electronics,CLASSIFIED,,,,0
INE173M01012,ONIXSOLAR,Onix Solar Energy Limited,EQ,513119,Commodities,Copper,Metals & Mining,Non - Ferrous Metals,Copper,CLASSIFIED,,,,0
INE809I01019,ONMOBILE,OnMobile Global Limited,BE,532944,Consumer Discretionary,Web based media and service,"Media, Entertainment & Publication",Media,Web based media and service,CLASSIFIED,,,,0
INE229A01017,ONWARDTEC,Onward Technologies Limited,EQ,517536,Information Technology,IT Enabled Services,Information Technology,IT - Services,IT Enabled Services,CLASSIFIED,,,,0
INE350C01017,OPTIEMUS,Optiemus Infracom Limited,EQ,530135,Telecommunication,Telecom -  Equipment & Accessories,Telecommunication,Telecom -  Equipment & Accessories,Telecom -  Equipment & Accessories,CLASSIFIED,,,,0
INE031G01022,OPTIFIN,Optimus Finance Limited,EQ,531254,Financial Services,Non Banking Financial Company (NBFC),Financial Services,Finance,Non Banking Financial Company (NBFC),CLASSIFIED,,,,0
INE231G01010,ORBTEXP,Orbit Exports Limited,BE,512626,Consumer Discretionary,Other Textile Products,Textiles,Textiles & Apparels,Other Textile Products,CLASSIFIED,,,,0
INE215B01022,ORCHASP,Orchasp Limited,EQ,532271,Information Technology,Computers - Software & Consulting,Information Technology,IT - Software,Computers - Software & Consulting,CLASSIFIED,,,,0
INE191A01027,ORCHPHARMA,Orchid Pharma Limited,EQ,524372,Healthcare,Pharmaceuticals,Healthcare,Pharmaceuticals & Biotechnology,Pharmaceuticals,CLASSIFIED,,,,0
INE730A01022,ORICONENT,Oricon Enterprises Limited,EQ,513121,Industrials,Packaging,Capital Goods,Industrial Products,Packaging,CLASSIFIED,,,,0
INE998H01012,ORIENTALTL,Oriental Trimex Limited,EQ,532817,Consumer Discretionary,Granites & Marbles,Consumer Durables,Consumer Durables,Granites & Marbles,CLASSIFIED,,,,0
INE607D01018,ORIENTBELL,Orient Bell Limited,EQ,530365,Consumer Discretionary,Ceramics,Consumer Durables,Consumer Durables,Ceramics,CLASSIFIED,,,,0
INE876N01018,ORIENTCEM,Orient Cement Limited,EQ,535754,Commodities,Cement & Cement Products,Construction Materials,Cement & Cement Products,Cement & Cement Products,CLASSIFIED,,,,0
INE569C01020,ORIENTCER,ORIENT CERATECH LIMITED,EQ,504879,Industrials,Electrodes & Refractories,Capital Goods,Industrial Products,Electrodes & Refractories,CLASSIFIED,,,,0
INE142Z01019,ORIENTELEC,Orient Electric Limited,EQ,541301,Consumer Discretionary,Household Appliances,Consumer Durables,Consumer Durables,Household Appliances,CLASSIFIED,,,,0
INE750A01020,ORIENTHOT,Oriental Hotels Limited,EQ,500314,Consumer Discretionary,Hotels & Resorts,Consumer Services,Leisure Services,Hotels & Resorts,CLASSIFIED,,,,0
INE609C01024,ORIENTLTD,Orient Press Limited,BE,526325,Industrials,Packaging,Capital Goods,Industrial Products,Packaging,CLASSIFIED,,,,0
INE592A01026,ORIENTPPR,Orient Paper & Industries Limited,EQ,502420,Commodities,Paper & Paper Products,Forest Materials,"Paper, Forest & Jute Products",Paper & Paper Products,CLASSIFIED,,,,0
INE0PPK01015,ORIENTTECH,Orient Technologies Limited,EQ,544235,Information Technology,IT Enabled Services,Information Technology,IT - Services,IT Enabled Services,CLASSIFIED,,,,0
INE457G01029,ORIRAIL,Oriental Rail Infrastructure Limited,EQ,531859,Industrials,Railway Wagons,Capital Goods,Industrial Manufacturing,Railway Wagons,CLASSIFIED,,,,0
INE725E01024,ORISSAMINE,The Orissa Minerals Development Company Limited,EQ,590086,Commodities,Industrial Minerals,Metals & Mining,Minerals & Mining,Industrial Minerals,CLASSIFIED,,,,0
INE16NZ01023,ORKLAINDIA,Orkla India Limited,EQ,544595,Fast Moving Consumer Goods,Other Food Products,Fast Moving Consumer Goods,Food Products,Other Food Products,CLASSIFIED,,,,0
INE749B01020,ORTINGLOBE,ORTIN GLOBAL LIMITED,EQ,539287,Healthcare,Pharmaceuticals,Healthcare,Pharmaceuticals & Biotechnology,Pharmaceuticals,CLASSIFIED,,,,0
INE06IR01021,OSIAHYPER,Osia Hyper Retail Limited,BE,,,,,,,BSE_RETRY,,No BSE code found for ISIN,2026-09-07T12:51:15Z,1
INE142A01012,OSWALAGRO,Oswal Agro Mills Limited,EQ,500317,Services,Trading & Distributors,Services,Commercial Services & Supplies,Trading & Distributors,CLASSIFIED,,,,0
INE143A01010,OSWALGREEN,Oswal Greentech Limited,EQ,539290,Financial Services,Investment Company,Financial Services,Finance,Investment Company,CLASSIFIED,,,,0
INE0BYP01024,OSWALPUMPS,Oswal Pumps Limited,EQ,544418,Industrials,"Compressors, Pumps & Diesel Engines",Capital Goods,Industrial Products,"Compressors, Pumps & Diesel Engines",CLASSIFIED,,,,0
INE00IK01029,OSWALSEEDS,ShreeOswal Seeds And Chemicals Limited,EQ,,,,,,,BSE_RETRY,,No BSE code found for ISIN,2026-09-07T12:51:15Z,1
INE0S3G01027,PACEDIGITK,Pace Digitek Limited,EQ,544550,Telecommunication,Telecom - Infrastructure,Telecommunication,Telecom - Services,Telecom - Infrastructure,CLASSIFIED,,,,0
INE883C01025,PACIFICI,Pacific Industries Limited,EQ,523483,Consumer Discretionary,Granites & Marbles,Consumer Durables,Consumer Durables,Granites & Marbles,CLASSIFIED,,,,0
INE761H01022,PAGEIND,Page Industries Limited,EQ,532827,Consumer Discretionary,Garments & Apparels,Textiles,Textiles & Apparels,Garments & Apparels,CLASSIFIED,,,,0
INE420C01059,PAISALO,Paisalo Digital Limited,EQ,532900,Financial Services,Non Banking Financial Company (NBFC),Financial Services,Finance,Non Banking Financial Company (NBFC),CLASSIFIED,,,,0
INE551D01018,PAKKA,PAKKA LIMITED,EQ,516030,Commodities,Paper & Paper Products,Forest Materials,"Paper, Forest & Jute Products",Paper & Paper Products,CLASSIFIED,,,,0
INE471W01019,PALASHSECU,Palash Securities Limited,EQ,540648,Fast Moving Consumer Goods,Packaged Foods,Fast Moving Consumer Goods,Food Products,Packaged Foods,CLASSIFIED,,,,0
INE218G01033,PALREDTEC,Palred Technologies Limited,BE,532521,Information Technology,IT Enabled Services,Information Technology,IT - Services,IT Enabled Services,CLASSIFIED,,,,0
INE922B01023,PANACEABIO,Panacea Biotec Limited,EQ,531349,Healthcare,Pharmaceuticals,Healthcare,Pharmaceuticals & Biotechnology,Pharmaceuticals,CLASSIFIED,,,,0
INE895W01019,PANACHE,Panache Digilife Limited,BE,,,,,,,BSE_RETRY,,No BSE code found for ISIN,2026-09-07T12:51:15Z,1
INE305C01029,PANAMAPET,Panama Petrochem Limited,EQ,524820,Energy,Lubricants,"Oil, Gas & Consumable Fuels",Petroleum Products,Lubricants,CLASSIFIED,,,,0
INE798F01010,PANCHMAHQ,Panchmahal Steel Limited,EQ,513511,Industrials,Iron & Steel Products,Capital Goods,Industrial Products,Iron & Steel Products,CLASSIFIED,,,,0
INE258R01028,PANORAMA,Panorama Studios International Limited,EQ,539469,Consumer Discretionary,"Film Production, Distribution & Exhibition","Media, Entertainment & Publication",Entertainment,"Film Production, Distribution & Exhibition",CLASSIFIED,,,,0
INE697V01011,PANSARI,Pansari Developers Limited,EQ,,,,,,,BSE_RETRY,,No BSE code found for ISIN,2026-09-07T12:51:15Z,1
INE04LG01015,PAR,Par Drugs And Chemicals Limited,EQ,,,,,,,BSE_RETRY,,No BSE code found for ISIN,2026-09-07T12:51:15Z,1
INE074B01023,PARACABLES,Paramount Communications Limited,EQ,530555,Industrials,Cables - Electricals,Capital Goods,Industrial Products,Cables - Electricals,CLASSIFIED,,,,0
INE088F01024,PARADEEP,Paradeep Phosphates Limited,EQ,543530,Commodities,Fertilizers,Chemicals,Fertilizers & Agrochemicals,Fertilizers,CLASSIFIED,,,,0
INE883N01014,PARAGMILK,Parag Milk Foods Limited,EQ,539889,Fast Moving Consumer Goods,Dairy Products,Fast Moving Consumer Goods,Food Products,Dairy Products,CLASSIFIED,,,,0
INE045601023,PARAS,Paras Defence and Space Technologies Limited,EQ,543367,Industrials,Aerospace & Defense,Capital Goods,Aerospace & Defense,Aerospace & Defense,CLASSIFIED,,,,0
INE162C01024,PARASPETRO,Paras Petrofils Limited,EQ,521246,Financial Services,Investment Company,Financial Services,Finance,Investment Company,CLASSIFIED,,,,0
INE119201023,PARKHOSPS,Park Medi World Limited,EQ,544645,Healthcare,Hospital,Healthcare,Healthcare Services,Hospital,CLASSIFIED,,,,0
INE988S01028,PARKHOTELS,Apeejay Surrendra Park Hotels Limited,EQ,544111,Consumer Discretionary,Hotels & Resorts,Consumer Services,Leisure Services,Hotels & Resorts,CLASSIFIED,,,,0
INE383L01019,PARNAXLAB,Parnax Lab Limited,EQ,506128,Healthcare,Pharmaceuticals,Healthcare,Pharmaceuticals & Biotechnology,Pharmaceuticals,CLASSIFIED,,,,0
INE561H01026,PARSVNATH,Parsvnath Developers Limited,BE,532780,Consumer Discretionary,"Residential, Commercial Projects",Realty,Realty,"Residential, Commercial Projects",CLASSIFIED,,,,0
INE124Y01028,PASHUPATI,Pashupati Cotspin Limited,EQ,544448,Consumer Discretionary,Other Textile Products,Textiles,Textiles & Apparels,Other Textile Products,CLASSIFIED,,,,0
INE818B01023,PASUPTAC,Pasupati Acrylon Limited,BE,500456,Commodities,Petrochemicals,Chemicals,Chemicals & Petrochemicals,Petrochemicals,CLASSIFIED,,,,0
INE619A01035,PATANJALI,Patanjali Foods Limited,EQ,500368,Fast Moving Consumer Goods,Edible Oil,Fast Moving Consumer Goods,Agricultural Food & other Products,Edible Oil,CLASSIFIED,,,,0
INE244B01030,PATELENG,Patel Engineering Limited,EQ,531120,Industrials,Civil Construction,Construction,Construction,Civil Construction,CLASSIFIED,,,,0
INE0R8B01010,PATELRMART,Patel Retail Limited,EQ,544487,Consumer Discretionary,Diversified Retail,Consumer Services,Retailing,Diversified Retail,CLASSIFIED,,,,0
INE529D01014,PATINTLOG,Patel Integrated Logistics Limited,BE,526381,Services,Logistics Solution Provider,Services,Transport Services,Logistics Solution Provider,CLASSIFIED,,,,0
INE111F01024,PAUSHAKLTD,Paushak Limited,EQ,532742,Commodities,Specialty Chemicals,Chemicals,Chemicals & Petrochemicals,Specialty Chemicals,CLASSIFIED,,,,0
INE07S101038,PAVNAIND,Pavna Industries Limited,EQ,543915,Consumer Discretionary,Auto Components & Equipments,Automobile and Auto Components,Auto Components,Auto Components & Equipments,CLASSIFIED,,,,0
INE982J01020,PAYTM,One 97 Communications Limited,EQ,543396,Financial Services,Financial Technology (Fintech),Financial Services,Financial Technology (Fintech),Financial Technology (Fintech),CLASSIFIED,,,,0
INE501F01018,PBMPOLY,PBM Polytex Limited,EQ,514087,Consumer Discretionary,Other Textile Products,Textiles,Textiles & Apparels,Other Textile Products,CLASSIFIED,,,,0
INE602A01031,PCBL,PCBL Chemical Limited,EQ,506590,Commodities,Carbon Black,Chemicals,Chemicals & Petrochemicals,Carbon Black,CLASSIFIED,,,,0
INE785M01021,PCJEWELLER,PC Jeweller Limited,EQ,534809,Consumer Discretionary,"Gems, Jewellery And Watches",Consumer Durables,Consumer Durables,"Gems, Jewellery And Watches",CLASSIFIED,,,,0
INE865T01018,PDMJEPAPER,Pudumjee Paper Products Limited,EQ,539785,Commodities,Paper & Paper Products,Forest Materials,"Paper, Forest & Jute Products",Paper & Paper Products,CLASSIFIED,,,,0
INE111Q01021,PDSL,PDS Limited,EQ,538730,Consumer Discretionary,Trading - Textile Products,Textiles,Textiles & Apparels,Trading - Textile Products,CLASSIFIED,,,,0
INE844A01013,PEARLPOLY,Pearl Polymers Limited,EQ,523260,Consumer Discretionary,Plastic Products - Consumer,Consumer Durables,Consumer Durables,Plastic Products - Consumer,CLASSIFIED,,,,0
INE932A01024,PENIND,Pennar Industries Limited,EQ,513228,Industrials,Industrial Products,Capital Goods,Industrial Manufacturing,Industrial Products,CLASSIFIED,,,,0
INE138A01028,PENINLAND,Peninsula Land Limited,BE,503031,Consumer Discretionary,"Residential, Commercial Projects",Realty,Realty,"Residential, Commercial Projects",CLASSIFIED,,,,0
INE418E01018,PERMAGN,Permanent Magnets Limited,EQ,504132,Industrials,Other Electrical Equipment,Capital Goods,Electrical Equipment,Other Electrical Equipment,CLASSIFIED,,,,0
INE262H01021,PERSISTENT,Persistent Systems Limited,EQ,533179,Information Technology,Computers - Software & Consulting,Information Technology,IT - Software,Computers - Software & Consulting,CLASSIFIED,,,,0
INE347G01014,PETRONET,Petronet LNG Limited,EQ,532522,Energy,LPG/CNG/PNG/LNG Supplier,"Oil, Gas & Consumable Fuels",Gas,LPG/CNG/PNG/LNG Supplier,CLASSIFIED,,,,0
INE134E01011,PFC,Power Finance Corporation Limited,EQ,532810,Financial Services,Financial Institution,Financial Services,Finance,Financial Institution,CLASSIFIED,,,,0
INE182A01018,PFIZER,Pfizer Limited,EQ,500680,Healthcare,Pharmaceuticals,Healthcare,Pharmaceuticals & Biotechnology,Pharmaceuticals,CLASSIFIED,,,,0
INE367G01038,PFOCUS,Prime Focus Limited,EQ,532748,Consumer Discretionary,Media & Entertainment,"Media, Entertainment & Publication",Entertainment,Media & Entertainment,CLASSIFIED,,,,0
INE560K01014,PFS,PTC India Financial Services Limited,EQ,533344,Financial Services,Non Banking Financial Company (NBFC),Financial Services,Finance,Non Banking Financial Company (NBFC),CLASSIFIED,,,,0
INE457L01029,PGEL,PG Electroplast Limited,EQ,533581,Consumer Discretionary,Consumer Electronics,Consumer Durables,Consumer Durables,Consumer Electronics,CLASSIFIED,,,,0
INE179A01014,PGHH,Procter & Gamble Hygiene and Health Care Limited,EQ,500459,Fast Moving Consumer Goods,Personal Care,Fast Moving Consumer Goods,Personal Products,Personal Care,CLASSIFIED,,,,0
INE199A01012,PGHL,Procter & Gamble Health Limited,EQ,500126,Healthcare,Pharmaceuticals,Healthcare,Pharmaceuticals & Biotechnology,Pharmaceuticals,CLASSIFIED,,,,0
INE940H01022,PGIL,Pearl Global Industries Limited,EQ,532808,Consumer Discretionary,Garments & Apparels,Textiles,Textiles & Apparels,Garments & Apparels,CLASSIFIED,,,,0
INE211B01039,PHOENIXLTD,The Phoenix Mills Limited,EQ,503100,Consumer Discretionary,"Residential, Commercial Projects",Realty,Realty,"Residential, Commercial Projects",CLASSIFIED,,,,0
INE245B01011,PHOENXINTL,Phoenix International Limited,EQ,526481,Services,Diversified Commercial Services,Services,Commercial Services & Supplies,Diversified Commercial Services,CLASSIFIED,,,,0
INE546C01010,PICCADIL,Piccadily Agro Industries Limited,EQ,530305,Fast Moving Consumer Goods,Breweries & Distilleries,Fast Moving Consumer Goods,Beverages,Breweries & Distilleries,CLASSIFIED,,,,0
INE318A01026,PIDILITIND,Pidilite Industries Limited,EQ,500331,Commodities,Specialty Chemicals,Chemicals,Chemicals & Petrochemicals,Specialty Chemicals,CLASSIFIED,,,,0
INE557Z01018,PIGL,Power & Instrumentation (Gujarat) Limited,EQ,543912,Industrials,Other Electrical Equipment,Capital Goods,Electrical Equipment,Other Electrical Equipment,CLASSIFIED,,,,0
INE603J01030,PIIND,PI Industries Limited,EQ,523642,Commodities,Pesticides & Agrochemicals,Chemicals,Fertilizers & Agrochemicals,Pesticides & Agrochemicals,CLASSIFIED,,,,0
INE417C01014,PILANIINVS,Pilani Investment and Industries Corporation Limited,EQ,539883,Financial Services,Investment Company,Financial Services,Finance,Investment Company,CLASSIFIED,,,,0
INE600A01035,PILITA,PIL ITALICA LIFESTYLE LIMITED,EQ,500327,Consumer Discretionary,Plastic Products - Consumer,Consumer Durables,Consumer Durables,Plastic Products - Consumer,CLASSIFIED,,,,0
INE15B701018,PINELABS,Pine Labs Limited,EQ,544606,Financial Services,Financial Technology (Fintech),Financial Services,Financial Technology (Fintech),Financial Technology (Fintech),CLASSIFIED,,,,0
INE156C01018,PIONEEREMB,Pioneer Embroideries Limited,EQ,514300,Consumer Discretionary,Other Textile Products,Textiles,Textiles & Apparels,Other Textile Products,CLASSIFIED,,,,0
INE746D01014,PIONRINV,Pioneer Investcorp Limited,BE,507864,Financial Services,Other Financial Services,Financial Services,Finance,Other Financial Services,CLASSIFIED,,,,0
INE202B01038,PIRAMALFIN,Piramal Finance Limited,EQ,544597,Financial Services,Non Banking Financial Company (NBFC),Financial Services,Finance,Non Banking Financial Company (NBFC),CLASSIFIED,,,,0
INE450D01021,PITTIENG,Pitti Engineering Limited,EQ,513519,Industrials,Industrial Products,Capital Goods,Industrial Manufacturing,Industrial Products,CLASSIFIED,,,,0
INE751B01018,PIXTRANS,Pix Transmissions Limited,EQ,500333,Industrials,Rubber,Capital Goods,Industrial Products,Rubber,CLASSIFIED,,,,0
INE431F01018,PKTEA,The Peria Karamalai Tea & Produce Company Limited,EQ,,,,,,,BSE_RETRY,,No BSE code found for ISIN,2026-09-07T12:51:15Z,1
INE083C01022,PLASTIBLEN,Plastiblends India Limited,EQ,523648,Commodities,Specialty Chemicals,Chemicals,Chemicals & Petrochemicals,Specialty Chemicals,CLASSIFIED,,,,0
INE0PT501018,PLATIND,Platinum Industries Limited,EQ,544134,Commodities,Specialty Chemicals,Chemicals,Chemicals & Petrochemicals,Specialty Chemicals,CLASSIFIED,,,,0
INE0INJ01017,PLAZACABLE,Plaza Wires Limited,EQ,544003,Industrials,Cables - Electricals,Capital Goods,Industrial Products,Cables - Electricals,CLASSIFIED,,,,0
INE291E01019,PML,Paul Merchants Limited,EQ,539113,Financial Services,Other Financial Services,Financial Services,Finance,Other Financial Services,CLASSIFIED,,,,0
INE160A01022,PNB,Punjab National Bank,EQ,532461,Financial Services,Public Sector Bank,Financial Services,Banks,Public Sector Bank,CLASSIFIED,,,,0
INE859A01011,PNBGILTS,PNB Gilts Limited,EQ,532366,Financial Services,Investment Company,Financial Services,Finance,Investment Company,CLASSIFIED,,,,0
INE572E01012,PNBHOUSING,PNB Housing Finance Limited,EQ,540173,Financial Services,Housing Finance Company,Financial Services,Finance,Housing Finance Company,CLASSIFIED,,,,0
INE392B01011,PNC,Pritish Nandy Communications Limited,EQ,532387,Consumer Discretionary,"Film Production, Distribution & Exhibition","Media, Entertainment & Publication",Entertainment,"Film Production, Distribution & Exhibition",CLASSIFIED,,,,0
INE195J01029,PNCINFRA,PNC Infratech Limited,EQ,539150,Industrials,Civil Construction,Construction,Construction,Civil Construction,CLASSIFIED,,,,0
INE953R01016,PNGJL,P N Gadgil Jewellers Limited,EQ,544256,Consumer Discretionary,"Gems, Jewellery And Watches",Consumer Durables,Consumer Durables,"Gems, Jewellery And Watches",CLASSIFIED,,,,0
INE1RDG01013,PNGSREVA,PNGS Reva Diamond Jewellery Limited,EQ,544718,Consumer Discretionary,"Gems, Jewellery And Watches",Consumer Durables,Consumer Durables,"Gems, Jewellery And Watches",CLASSIFIED,,,,0
INE063E01061,POCL,Pondy Oxides & Chemicals Limited,EQ,532626,Commodities,Diversified Metals,Metals & Mining,Diversified Metals,Diversified Metals,CLASSIFIED,,,,0
INE371C01013,PODDARMENT,Poddar Pigments Limited,EQ,524570,Commodities,Dyes And Pigments,Chemicals,Chemicals & Petrochemicals,Dyes And Pigments,CLASSIFIED,,,,0
INE035S01028,POEL,POCL Enterprises Limited,EQ,539195,Commodities,Commodity Chemicals,Chemicals,Chemicals & Petrochemicals,Commodity Chemicals,CLASSIFIED,,,,0
INE637C01025,POKARNA,Pokarna Limited,EQ,532486,Consumer Discretionary,Granites & Marbles,Consumer Durables,Consumer Durables,Granites & Marbles,CLASSIFIED,,,,0
INE417T01026,POLICYBZR,PB Fintech Limited,EQ,543390,Financial Services,Financial Technology (Fintech),Financial Services,Financial Technology (Fintech),Financial Technology (Fintech),CLASSIFIED,,,,0
INE455K01017,POLYCAB,Polycab India Limited,EQ,542652,Industrials,Cables - Electricals,Capital Goods,Industrial Products,Cables - Electricals,CLASSIFIED,,,,0
INE205C01021,POLYMED,Poly Medicure Limited,EQ,531768,Healthcare,Medical Equipment & Supplies,Healthcare,Healthcare Equipment & Supplies,Medical Equipment & Supplies,CLASSIFIED,,,,0
INE633B01018,POLYPLEX,Polyplex Corporation Limited,EQ,524051,Industrials,Packaging,Capital Goods,Industrial Products,Packaging,CLASSIFIED,,,,0
INE914G01029,POLYSPIN,Polyspin Exports Limited,EQ,539354,Industrials,Packaging,Capital Goods,Industrial Products,Packaging,CLASSIFIED,,,,0
INE838E01017,PONNIERODE,Ponni Sugars (Erode) Limited,EQ,532460,Fast Moving Consumer Goods,Sugar,Fast Moving Consumer Goods,Agricultural Food & other Products,Sugar,CLASSIFIED,,,,0
INE511C01022,POONAWALLA,Poonawalla Fincorp Limited,EQ,524000,Financial Services,Non Banking Financial Company (NBFC),Financial Services,Finance,Non Banking Financial Company (NBFC),CLASSIFIED,,,,0
INE752E01010,POWERGRID,Power Grid Corporation of India Limited,EQ,532898,Utilities,Power - Transmission,Power,Power,Power - Transmission,CLASSIFIED,,,,0
INE921L01032,POWERICA,Powerica Limited,EQ,544744,Industrials,Heavy Electrical Equipment,Capital Goods,Electrical Equipment,Heavy Electrical Equipment,CLASSIFIED,,,,0
INE07Y701011,POWERINDIA,Hitachi Energy India Limited,EQ,543187,Industrials,Heavy Electrical Equipment,Capital Goods,Electrical Equipment,Heavy Electrical Equipment,CLASSIFIED,,,,0
INE211R01019,POWERMECH,Power Mech Projects Limited,EQ,539302,Industrials,Civil Construction,Construction,Construction,Civil Construction,CLASSIFIED,,,,0
INE095I01015,PPAP,PPAP Automotive Limited,BE,532934,Consumer Discretionary,Auto Components & Equipments,Automobile and Auto Components,Auto Components,Auto Components & Equipments,CLASSIFIED,,,,0
INE050001010,PPL,Prakash Pipes Limited,BE,542684,Industrials,Plastic Products - Industrial,Capital Goods,Industrial Products,Plastic Products - Industrial,CLASSIFIED,,,,0
INE0DK501011,PPLPHARMA,Piramal Pharma Limited,EQ,543635,Healthcare,Pharmaceuticals,Healthcare,Pharmaceuticals & Biotechnology,Pharmaceuticals,CLASSIFIED,,,,0
INE0I0M01023,PRABHA,Prabha Energy Limited,EQ,544379,Energy,Oil Exploration & Production,"Oil, Gas & Consumable Fuels",Oil,Oil Exploration & Production,CLASSIFIED,,,,0
INE770A01010,PRADPME,Pradeep Metals Limited,BE,513532,Consumer Discretionary,Auto Components & Equipments,Automobile and Auto Components,Auto Components,Auto Components & Equipments,CLASSIFIED,,,,0
INE505C01016,PRAENG,Prajay Engineers Syndicate Limited,EQ,531746,Consumer Discretionary,"Residential, Commercial Projects",Realty,Realty,"Residential, Commercial Projects",CLASSIFIED,,,,0
INE074A01025,PRAJIND,Praj Industries Limited,EQ,522205,Industrials,Industrial Products,Capital Goods,Industrial Manufacturing,Industrial Products,CLASSIFIED,,,,0
INE603A01013,PRAKASH,Prakash Industries Limited,EQ,506022,Commodities,Iron & Steel,Metals & Mining,Ferrous Metals,Iron & Steel,CLASSIFIED,,,,0
INE696K01024,PRAKASHSTL,Prakash Steelage Limited,EQ,533239,Industrials,Iron & Steel Products,Capital Goods,Industrial Products,Iron & Steel Products,CLASSIFIED,,,,0
INE722B01019,PRAVEG,Praveg Limited,EQ,531637,Consumer Discretionary,Hotels & Resorts,Consumer Services,Leisure Services,Hotels & Resorts,CLASSIFIED,,,,0
INE546Y01022,PRAXIS,Praxis Home Retail Limited,EQ,540901,Consumer Discretionary,Speciality Retail,Consumer Services,Retailing,Speciality Retail,CLASSIFIED,,,,0
INE484I01029,PRECAM,Precision Camshafts Limited,EQ,539636,Consumer Discretionary,Auto Components & Equipments,Automobile and Auto Components,Auto Components,Auto Components & Equipments,CLASSIFIED,,,,0
INE283A01014,PRECOT,Precot Limited,EQ,,,,,,,BSE_RETRY,,No BSE code found for ISIN,2026-09-07T12:51:15Z,1
INE372C01037,PRECWIRE,Precision Wires India Limited,EQ,523539,Industrials,"Aluminium, Copper & Zinc Products",Capital Goods,Industrial Products,"Aluminium, Copper & Zinc Products",CLASSIFIED,,,,0
INE001E01012,PREMCO,Premco Global Limited,EQ,530331,Consumer Discretionary,Other Textile Products,Textiles,Textiles & Apparels,Other Textile Products,CLASSIFIED,,,,0
INE863B01029,PREMEXPLN,Premier Explosives Limited,EQ,526247,Commodities,Explosives,Chemicals,Chemicals & Petrochemicals,Explosives,CLASSIFIED,,,,0
INE342A01018,PREMIER,Premier Limited,BE,500540,Industrials,Industrial Products,Capital Goods,Industrial Manufacturing,Industrial Products,CLASSIFIED,,,,0
INE0BS701011,PREMIERENE,Premier Energies Limited,EQ,544238,Industrials,Other Electrical Equipment,Capital Goods,Electrical Equipment,Other Electrical Equipment,CLASSIFIED,,,,0
INE309M01020,PREMIERPOL,Premier Polyfilm Limited,EQ,514354,Industrials,Plastic Products - Industrial,Capital Goods,Industrial Products,Plastic Products - Industrial,CLASSIFIED,,,,0
INE811K01011,PRESTIGE,Prestige Estates Projects Limited,EQ,533274,Consumer Discretionary,"Residential, Commercial Projects",Realty,Realty,"Residential, Commercial Projects",CLASSIFIED,,,,0
INE726V01018,PRICOLLTD,Pricol Limited,EQ,540293,Consumer Discretionary,Auto Components & Equipments,Automobile and Auto Components,Auto Components,Auto Components & Equipments,CLASSIFIED,,,,0
INE032B01021,PRIMESECU,Prime Securities Limited,EQ,500337,Financial Services,Other Financial Services,Financial Services,Finance,Other Financial Services,CLASSIFIED,,,,0
INE607A01022,PRIMO,Primo Chemicals Limited,EQ,506852,Commodities,Commodity Chemicals,Chemicals,Chemicals & Petrochemicals,Commodity Chemicals,CLASSIFIED,,,,0
INE689W01016,PRINCEPIPE,Prince Pipes And Fittings Limited,EQ,542907,Industrials,Plastic Products - Industrial,Capital Goods,Industrial Products,Plastic Products - Industrial,CLASSIFIED,,,,0
INE286N01028,PRISMX,Prismx Global Ventures Limited,EQ,501314,Services,Trading & Distributors,Services,Commercial Services & Supplies,Trading & Distributors,CLASSIFIED,,,,0
INE974Z01015,PRITI,Priti International Limited,BE,,,,,,,BSE_RETRY,,No BSE code found for ISIN,2026-09-07T12:51:15Z,1
INE583R01029,PRITIKAUTO,Pritika Auto Industries Limited,BE,539359,Consumer Discretionary,Auto Components & Equipments,Automobile and Auto Components,Auto Components,Auto Components & Equipments,CLASSIFIED,,,,0
INE959A01019,PRIVISCL,Privi Speciality Chemicals Limited,EQ,530117,Commodities,Specialty Chemicals,Chemicals,Chemicals & Petrochemicals,Specialty Chemicals,CLASSIFIED,,,,0
INE0BX301013,PROSTARM,Prostarm Info Systems Limited,EQ,544410,Industrials,Other Electrical Equipment,Capital Goods,Electrical Equipment,Other Electrical Equipment,CLASSIFIED,,,,0
INE004A01022,PROTEAN,Protean eGov Technologies Limited,EQ,544021,Information Technology,IT Enabled Services,Information Technology,IT - Services,IT Enabled Services,CLASSIFIED,,,,0
INE195N01013,PROZONER,Prozone Realty Limited,EQ,534675,Consumer Discretionary,"Residential, Commercial Projects",Realty,Realty,"Residential, Commercial Projects",CLASSIFIED,,,,0
INE010A01011,PRSMJOHNSN,Prism Johnson Limited,EQ,500338,Commodities,Cement & Cement Products,Construction Materials,Cement & Cement Products,Cement & Cement Products,CLASSIFIED,,,,0
INE00F201020,PRUDENT,Prudent Corporate Advisory Services Limited,EQ,543527,Financial Services,Financial Products Distributor,Financial Services,Capital Markets,Financial Products Distributor,CLASSIFIED,,,,0
INE024D01016,PRUDMOULI,Prudential Sugar Corporation Limited,BE,500342,Fast Moving Consumer Goods,Sugar,Fast Moving Consumer Goods,Agricultural Food & other Products,Sugar,CLASSIFIED,,,,0
INE608A01012,PSB,Punjab & Sind Bank,EQ,533295,Financial Services,Public Sector Bank,Financial Services,Banks,Public Sector Bank,CLASSIFIED,,,,0
INE488V01015,PSPPROJECT,PSP Projects Limited,EQ,540544,Industrials,Civil Construction,Construction,Construction,Civil Construction,CLASSIFIED,,,,0
INE877F01012,PTC,PTC India Limited,EQ,532524,Utilities,Power Trading,Power,Power,Power Trading,CLASSIFIED,,,,0
INE596F01018,PTCIL,PTC Industries Limited,EQ,539006,Industrials,Castings & Forgings,Capital Goods,Industrial Products,Castings & Forgings,CLASSIFIED,,,,0
INE034D01049,PTL,PTL Enterprises Limited,EQ,509220,Services,Diversified Commercial Services,Services,Commercial Services & Supplies,Diversified Commercial Services,CLASSIFIED,,,,0
INE277B01014,PUNJABCHEM,Punjab Chemicals & Crop Protection Limited,EQ,506618,Commodities,Pesticides & Agrochemicals,Chemicals,Fertilizers & Agrochemicals,Pesticides & Agrochemicals,CLASSIFIED,,,,0
INE323I01011,PURVA,Puravankara Limited,EQ,532891,Consumer Discretionary,"Residential, Commercial Projects",Realty,Realty,"Residential, Commercial Projects",CLASSIFIED,,,,0
INE362A01016,PVP,PVP Ventures Limited,EQ,517556,Consumer Discretionary,"Residential, Commercial Projects",Realty,Realty,"Residential, Commercial Projects",CLASSIFIED,,,,0
INE191H01014,PVRINOX,PVR INOX Limited,EQ,532689,Consumer Discretionary,"Film Production, Distribution & Exhibition","Media, Entertainment & Publication",Entertainment,"Film Production, Distribution & Exhibition",CLASSIFIED,,,,0
INE772T01024,PVSL,Popular Vehicles and Services Limited,EQ,544144,Consumer Discretionary,Auto -Dealer,Automobile and Auto Components,Automobiles,Auto -Dealer,CLASSIFIED,,,,0
INE0LP301011,PWL,Physicswallah Limited,EQ,544609,Consumer Discretionary,E-Learning,Consumer Services,Other Consumer Services,E-Learning,CLASSIFIED,,,,0
INE0MIS01010,PYRAMID,Pyramid Technoplast Limited,EQ,543969,Industrials,Packaging,Capital Goods,Industrial Products,Packaging,CLASSIFIED,,,,0
INE0FMW01018,QMSMEDI,QMS Medical Allied Services Limited,BE,,,,,,,BSE_RETRY,,No BSE code found for ISIN,2026-09-07T12:51:15Z,1
INE0SII01026,QPOWER,Quality Power Electrical Equipments Limited,EQ,544367,Industrials,Heavy Electrical Equipment,Capital Goods,Electrical Equipment,Heavy Electrical Equipment,CLASSIFIED,,,,0
INE0LRY01011,QUADFUTURE,Quadrant Future Tek Limited,EQ,544336,Industrials,Cables - Electricals,Capital Goods,Industrial Products,Cables - Electricals,CLASSIFIED,,,,0
INE615P01015,QUESS,Quess Corp Limited,EQ,539978,Services,Diversified Commercial Services,Services,Commercial Services & Supplies,Diversified Commercial Services,CLASSIFIED,,,,0
INE306L01010,QUICKHEAL,Quick Heal Technologies Limited,BE,539678,Information Technology,Software Products,Information Technology,IT - Software,Software Products,CLASSIFIED,,,,0
INE641R01017,QUINT,Quint Digital Limited,EQ,539515,Consumer Discretionary,Electronic Media,"Media, Entertainment & Publication",Media,Electronic Media,CLASSIFIED,,,,0
INE084Q01012,RACE,Race Eco Chain Limited,EQ,537785,Utilities,Waste Management,Utilities,Other Utilities,Waste Management,CLASSIFIED,,,,0
INE704B01017,RACLGEAR,RACL Geartech Limited,EQ,520073,Consumer Discretionary,Auto Components & Equipments,Automobile and Auto Components,Auto Components,Auto Components & Equipments,CLASSIFIED,,,,0
INE874F01027,RADAAN,Radaan Mediaworks India Limited,EQ,590070,Consumer Discretionary,Media & Entertainment,"Media, Entertainment & Publication",Entertainment,Media & Entertainment,CLASSIFIED,,,,0
INE583V01021,RADHIKAJWE,Radhika Jeweltech Limited,EQ,540125,Consumer Discretionary,"Gems, Jewellery And Watches",Consumer Durables,Consumer Durables,"Gems, Jewellery And Watches",CLASSIFIED,,,,0
INE855R01021,RADIANTCMS,Radiant Cash Management Services Limited,EQ,543732,Services,Diversified Commercial Services,Services,Commercial Services & Supplies,Diversified Commercial Services,CLASSIFIED,,,,0
INE944F01028,RADICO,Radico Khaitan Limited,EQ,532497,Fast Moving Consumer Goods,Breweries & Distilleries,Fast Moving Consumer Goods,Beverages,Breweries & Distilleries,CLASSIFIED,,,,0
INE919I01024,RADIOCITY,Music Broadcast Limited,EQ,540366,Consumer Discretionary,Media & Entertainment,"Media, Entertainment & Publication",Entertainment,Media & Entertainment,CLASSIFIED,,,,0
INE0DD101019,RAILTEL,Railtel Corporation Of India Limited,EQ,543265,Telecommunication,Other Telecom Services,Telecommunication,Telecom - Services,Other Telecom Services,CLASSIFIED,,,,0
INE855B01025,RAIN,Rain Industries Limited,EQ,500339,Commodities,Petrochemicals,Chemicals,Chemicals & Petrochemicals,Petrochemicals,CLASSIFIED,,,,0
INE961O01016,RAINBOW,Rainbow Childrens Medicare Limited,EQ,543524,Healthcare,Hospital,Healthcare,Healthcare Services,Hospital,CLASSIFIED,,,,0
INE343B01030,RAJESHEXPO,Rajesh Exports Limited,BZ,531500,Consumer Discretionary,"Gems, Jewellery And Watches",Consumer Durables,Consumer Durables,"Gems, Jewellery And Watches",CLASSIFIED,,,,0
INE00KV01022,RAJMET,Rajnandini Metal Limited,EQ,,,,,,,BSE_RETRY,,No BSE code found for ISIN,2026-09-07T12:51:15Z,1
INE535F01024,RAJOOENG,Rajoo Engineers Limited,BE,522257,Industrials,Industrial Products,Capital Goods,Industrial Manufacturing,Industrial Products,CLASSIFIED,,,,0
INE296E01026,RAJPALAYAM,Rajapalayam Mills Limited,EQ,532503,Consumer Discretionary,Other Textile Products,Textiles,Textiles & Apparels,Other Textile Products,CLASSIFIED,,,,0
INE451D01029,RAJRATAN,Rajratan Global Wire Limited,EQ,517522,Consumer Discretionary,Auto Components & Equipments,Automobile and Auto Components,Auto Components,Auto Components & Equipments,CLASSIFIED,,,,0
INE533D01032,RAJRILTD,Raj Rayon Industries Limited,BE,530699,Consumer Discretionary,Other Textile Products,Textiles,Textiles & Apparels,Other Textile Products,CLASSIFIED,,,,0
INE562B01019,RAJSREESUG,Rajshree Sugars & Chemicals Limited,EQ,500354,Fast Moving Consumer Goods,Sugar,Fast Moving Consumer Goods,Agricultural Food & other Products,Sugar,CLASSIFIED,,,,0
INE952H01027,RAJTV,Raj Television Network Limited,EQ,532826,Consumer Discretionary,TV Broadcasting & Software Production,"Media, Entertainment & Publication",Entertainment,TV Broadcasting & Software Production,CLASSIFIED,,,,0
INE613A01020,RALLIS,Rallis India Limited,EQ,500355,Commodities,Pesticides & Agrochemicals,Chemicals,Fertilizers & Agrochemicals,Pesticides & Agrochemicals,CLASSIFIED,,,,0
INE278B01020,RAMANEWS,Shree Rama Newsprint Limited,EQ,500356,Commodities,Paper & Paper Products,Forest Materials,"Paper, Forest & Jute Products",Paper & Paper Products,CLASSIFIED,,,,0
INE809A01032,RAMAPHO,Rama Phosphates Limited,EQ,524037,Commodities,Fertilizers,Chemicals,Fertilizers & Agrochemicals,Fertilizers,CLASSIFIED,,,,0
INE230R01035,RAMASTEEL,Rama Steel Tubes Limited,BE,539309,Industrials,Iron & Steel Products,Capital Goods,Industrial Products,Iron & Steel Products,CLASSIFIED,,,,0
INE1SJO01012,RAMBHAJO,Advit Jewels Limited,EQ,544803,Consumer Discretionary,"Gems, Jewellery And Watches",Consumer Durables,Consumer Durables,"Gems, Jewellery And Watches",CLASSIFIED,,,,0
INE331A01037,RAMCOCEM,The Ramco Cements Limited,EQ,500260,Commodities,Cement & Cement Products,Construction Materials,Cement & Cement Products,Cement & Cement Products,CLASSIFIED,,,,0
INE614A01028,RAMCOIND,Ramco Industries Limited,EQ,532369,Commodities,Other Construction Materials,Construction Materials,Other Construction Materials,Other Construction Materials,CLASSIFIED,,,,0
INE246B01019,RAMCOSYS,Ramco Systems Limited,EQ,532370,Information Technology,Software Products,Information Technology,IT - Software,Software Products,CLASSIFIED,,,,0
INE874I01013,RAMKY,Ramky Infrastructure Limited,EQ,533262,Industrials,Civil Construction,Construction,Construction,Civil Construction,CLASSIFIED,,,,0
INE207E01023,RAMRAT,Ram Ratna Wires Limited,EQ,522281,Industrials,Other Electrical Equipment,Capital Goods,Electrical Equipment,Other Electrical Equipment,CLASSIFIED,,,,0
INE625B01014,RANASUG,Rana Sugars Limited,EQ,507490,Fast Moving Consumer Goods,Sugar,Fast Moving Consumer Goods,Agricultural Food & other Products,Sugar,CLASSIFIED,,,,0
INE384A01010,RANEHOLDIN,Rane Holdings Limited,EQ,505800,Financial Services,Holding Company,Financial Services,Finance,Holding Company,CLASSIFIED,,,,0
INE0CLI01024,RATEGAIN,Rategain Travel Technologies Limited,EQ,543417,Information Technology,Computers - Software & Consulting,Information Technology,IT - Software,Computers - Software & Consulting,CLASSIFIED,,,,0
INE703B01027,RATNAMANI,Ratnamani Metals & Tubes Limited,EQ,520111,Industrials,Iron & Steel Products,Capital Goods,Industrial Products,Iron & Steel Products,CLASSIFIED,,,,0
INE05CZ01011,RATNAVEER,Ratnaveer Precision Engineering Limited,EQ,543978,Industrials,Iron & Steel Products,Capital Goods,Industrial Products,Iron & Steel Products,CLASSIFIED,,,,0
INE301A01014,RAYMOND,Raymond Limited,EQ,500330,Industrials,Industrial Products,Capital Goods,Industrial Manufacturing,Industrial Products,CLASSIFIED,,,,0
INE02ID01020,RAYMONDLSL,Raymond Lifestyle Limited,EQ,544240,Consumer Discretionary,Other Textile Products,Textiles,Textiles & Apparels,Other Textile Products,CLASSIFIED,,,,0
INE1SY401010,RAYMONDREL,Raymond Realty Limited,EQ,544420,Consumer Discretionary,"Residential, Commercial Projects",Realty,Realty,"Residential, Commercial Projects",CLASSIFIED,,,,0
INE07T201019,RBA,Restaurant Brands Asia Limited,EQ,543248,Consumer Discretionary,Restaurants,Consumer Services,Leisure Services,Restaurants,CLASSIFIED,,,,0
INE976G01028,RBLBANK,RBL Bank Limited,EQ,540065,Financial Services,Private Sector Bank,Financial Services,Banks,Private Sector Bank,CLASSIFIED,,,,0
INE0PEQ01016,RBZJEWEL,RBZ Jewellers Limited,EQ,544060,Consumer Discretionary,"Gems, Jewellery And Watches",Consumer Durables,Consumer Durables,"Gems, Jewellery And Watches",CLASSIFIED,,,,0
INE027A01015,RCF,Rashtriya Chemicals and Fertilizers Limited,EQ,524230,Commodities,Fertilizers,Chemicals,Fertilizers & Agrochemicals,Fertilizers,CLASSIFIED,,,,0
INE330H01018,RCOM,Reliance Communications Limited,BE,532712,Telecommunication,Telecom - Cellular & Fixed line services,Telecommunication,Telecom - Services,Telecom - Cellular & Fixed line services,CLASSIFIED,,,,0
INE020B01018,RECLTD,REC Limited,EQ,532955,Financial Services,Financial Institution,Financial Services,Finance,Financial Institution,CLASSIFIED,,,,0
INE891D01026,REDINGTON,Redington Limited,EQ,532805,Services,Trading & Distributors,Services,Commercial Services & Supplies,Trading & Distributors,CLASSIFIED,,,,0
INE0LXT01019,REDTAPE,Redtape Limited,EQ,543957,Consumer Discretionary,Footwear,Consumer Durables,Consumer Durables,Footwear,CLASSIFIED,,,,0
INE056I01025,REFEX,Refex Industries Limited,EQ,532884,Utilities,Waste Management,Utilities,Other Utilities,Waste Management,CLASSIFIED,,,,0
INE0MHO01029,REGAAL,Regaal Resources Limited,EQ,544485,Fast Moving Consumer Goods,Other Agricultural Products,Fast Moving Consumer Goods,Agricultural Food & other Products,Other Agricultural Products,CLASSIFIED,,,,0
INE277C01012,REGENCERAM,Regency Ceramics Limited,EQ,515018,Consumer Discretionary,Ceramics,Consumer Durables,Consumer Durables,Ceramics,CLASSIFIED,,,,0
INE131B01039,RELAXO,Relaxo Footwears Limited,EQ,530517,Consumer Discretionary,Footwear,Consumer Durables,Consumer Durables,Footwear,CLASSIFIED,,,,0
INE750D01016,RELCHEMQ,Reliance Chemotex Industries Limited,EQ,503162,Consumer Discretionary,Other Textile Products,Textiles,Textiles & Apparels,Other Textile Products,CLASSIFIED,,,,0
INE375Y01018,RELIABLE,Reliable Data Services Limited,EQ,544207,Financial Services,Other Financial Services,Financial Services,Finance,Other Financial Services,CLASSIFIED,,,,0
INE002A01018,RELIANCE,Reliance Industries Limited,EQ,500325,Energy,Refineries & Marketing,"Oil, Gas & Consumable Fuels",Petroleum Products,Refineries & Marketing,CLASSIFIED,,,,0
INE621H01010,RELIGARE,Religare Enterprises Limited,EQ,532915,Financial Services,Investment Company,Financial Services,Finance,Investment Company,CLASSIFIED,,,,0
INE036A01016,RELINFRA,Reliance Infrastructure Limited,BE,500390,Utilities,Integrated Power Utilities,Power,Power,Integrated Power Utilities,CLASSIFIED,,,,0
INE206N01018,RELTD,Ravindra Energy Limited,EQ,504341,Industrials,Other Electrical Equipment,Capital Goods,Electrical Equipment,Other Electrical Equipment,CLASSIFIED,,,,0
INE474C01023,REMSONSIND,Remsons Industries Limited,EQ,530919,Consumer Discretionary,Auto Components & Equipments,Automobile and Auto Components,Auto Components,Auto Components & Equipments,CLASSIFIED,,,,0
INE087H01022,RENUKA,Shree Renuka Sugars Limited,EQ,532670,Fast Moving Consumer Goods,Sugar,Fast Moving Consumer Goods,Agricultural Food & other Products,Sugar,CLASSIFIED,,,,0
INE612J01015,REPCOHOME,Repco Home Finance Limited,EQ,535322,Financial Services,Housing Finance Company,Financial Services,Finance,Housing Finance Company,CLASSIFIED,,,,0
INE364Z01019,REPL,Rudrabhishek Enterprises Limited,BE,,,,,,,BSE_RETRY,,No BSE code found for ISIN,2026-09-07T12:51:15Z,1
INE461B01014,REPRO,Repro India Limited,EQ,532687,Consumer Discretionary,Printing & Publication,"Media, Entertainment & Publication",Printing & Publication,Printing & Publication,CLASSIFIED,,,,0
INE688D01026,RESPONIND,Responsive Industries Limited,EQ,505509,Consumer Discretionary,"Furniture, Home Furnishing",Consumer Durables,Consumer Durables,"Furniture, Home Furnishing",CLASSIFIED,,,,0
INE03DD01011,RETAIL,JHS Svendgaard Retail Ventures Limited,EQ,544197,Consumer Discretionary,Diversified Retail,Consumer Services,Retailing,Diversified Retail,CLASSIFIED,,,,0
INE722H01024,RGL,Renaissance Global Limited,EQ,532923,Consumer Discretionary,"Gems, Jewellery And Watches",Consumer Durables,Consumer Durables,"Gems, Jewellery And Watches",CLASSIFIED,,,,0
INE0KKN01029,RHETAN,Rhetan TMT Limited,EQ,543590,Industrials,Iron & Steel Products,Capital Goods,Industrial Products,Iron & Steel Products,CLASSIFIED,,,,0
INE217K01011,RHFL,Reliance Home Finance Limited,BZ,540709,Financial Services,Housing Finance Company,Financial Services,Finance,Housing Finance Company,CLASSIFIED,,,,0
INE743M01012,RHIM,RHI MAGNESITA INDIA LIMITED,EQ,534076,Industrials,Electrodes & Refractories,Capital Goods,Industrial Products,Electrodes & Refractories,CLASSIFIED,,,,0
INE508K01013,RHL,Robust Hotels Limited,EQ,543901,Consumer Discretionary,Hotels & Resorts,Consumer Services,Leisure Services,Hotels & Resorts,CLASSIFIED,,,,0
INE209B01025,RICOAUTO,Rico Auto Industries Limited,EQ,520008,Consumer Discretionary,Auto Components & Equipments,Automobile and Auto Components,Auto Components,Auto Components & Equipments,CLASSIFIED,,,,0
INE046A01015,RIIL,Reliance Industrial Infrastructure Limited,EQ,523445,Services,Logistics Solution Provider,Services,Transport Services,Logistics Solution Provider,CLASSIFIED,,,,0
INE302D01024,RIR,RIR Power Electronics Limited,EQ,517035,Industrials,Other Electrical Equipment,Capital Goods,Electrical Equipment,Other Electrical Equipment,CLASSIFIED,,,,0
INE0N2P01017,RISHABH,Rishabh Instruments Limited,EQ,543977,Industrials,Other Electrical Equipment,Capital Goods,Electrical Equipment,Other Electrical Equipment,CLASSIFIED,,,,0
INE01EG01016,RITCO,Ritco Logistics Limited,EQ,542383,Services,Logistics Solution Provider,Services,Transport Services,Logistics Solution Provider,CLASSIFIED,,,,0
INE320J01015,RITES,RITES Limited,EQ,541556,Industrials,Civil Construction,Construction,Construction,Civil Construction,CLASSIFIED,,,,0
INE722J01012,RKDL,Ravi Kumar Distilleries Limited,EQ,533294,Fast Moving Consumer Goods,Breweries & Distilleries,Fast Moving Consumer Goods,Beverages,Breweries & Distilleries,CLASSIFIED,,,,0
INE786W01010,RKEC,RKEC Projects Limited,EQ,,,,,,,BSE_RETRY,,No BSE code found for ISIN,2026-09-07T12:51:15Z,1
INE399G01023,RKFORGE,Ramkrishna Forgings Limited,EQ,532527,Consumer Discretionary,Auto Components & Equipments,Automobile and Auto Components,Auto Components,Auto Components & Equipments,CLASSIFIED,,,,0
INE0NQ801033,RKSWAMY,R K Swamy Limited,EQ,544136,Consumer Discretionary,Advertising & Media Agencies,"Media, Entertainment & Publication",Media,Advertising & Media Agencies,CLASSIFIED,,,,0
INE655V01019,RMC,RMC Switchgears Limited,EQ,540358,Industrials,Other Electrical Equipment,Capital Goods,Electrical Equipment,Other Electrical Equipment,CLASSIFIED,,,,0
INE219Y01026,RMDRIP,R M Drip and Sprinklers Systems Limited,BE,544456,Industrials,Plastic Products - Industrial,Capital Goods,Industrial Products,Plastic Products - Industrial,CLASSIFIED,,,,0
INE050H01012,RML,Rane (Madras) Limited,EQ,532661,Consumer Discretionary,Auto Components & Equipments,Automobile and Auto Components,Auto Components,Auto Components & Equipments,CLASSIFIED,,,,0
INE012Q01039,RNBDENIMS,R&B Denims Limited,EQ,538119,Consumer Discretionary,Other Textile Products,Textiles,Textiles & Apparels,Other Textile Products,CLASSIFIED,,,,0
INE283H01019,ROHLTD,Royal Orchid Hotels Limited,EQ,532699,Consumer Discretionary,Hotels & Resorts,Consumer Services,Leisure Services,Hotels & Resorts,CLASSIFIED,,,,0
INE645S01024,ROLEXRINGS,Rolex Rings Limited,EQ,543325,Consumer Discretionary,Auto Components & Equipments,Automobile and Auto Components,Auto Components,Auto Components & Equipments,CLASSIFIED,,,,0
INE927A01040,ROLLT,Rollatainers Limited,BE,502448,Industrials,Packaging,Capital Goods,Industrial Products,Packaging,CLASSIFIED,,,,0
INE294G01026,ROML,Raj Oil Mills Limited,EQ,533093,Fast Moving Consumer Goods,Edible Oil,Fast Moving Consumer Goods,Agricultural Food & other Products,Edible Oil,CLASSIFIED,,,,0
INE02A801020,ROSSARI,Rossari Biotech Limited,EQ,543213,Commodities,Specialty Chemicals,Chemicals,Chemicals & Petrochemicals,Specialty Chemicals,CLASSIFIED,,,,0
INE847C01020,ROSSELLIND,Rossell India Limited,EQ,533168,Fast Moving Consumer Goods,Tea & Coffee,Fast Moving Consumer Goods,Agricultural Food & other Products,Tea & Coffee,CLASSIFIED,,,,0
INE0OJW01016,ROSSTECH,Rossell Techsys Limited,EQ,544294,Industrials,Aerospace & Defense,Capital Goods,Aerospace & Defense,Aerospace & Defense,CLASSIFIED,,,,0
INE535D01037,ROTO,Roto Pumps Limited,EQ,517500,Industrials,"Compressors, Pumps & Diesel Engines",Capital Goods,Industrial Products,"Compressors, Pumps & Diesel Engines",CLASSIFIED,,,,0
INE450U01017,ROUTE,ROUTE MOBILE LIMITED,EQ,543228,Telecommunication,Other Telecom Services,Telecommunication,Telecom - Services,Other Telecom Services,CLASSIFIED,,,,0
INE912T01018,RPEL,Raghav Productivity Enhancers Limited,EQ,539837,Industrials,Electrodes & Refractories,Capital Goods,Industrial Products,Electrodes & Refractories,CLASSIFIED,,,,0
INE105J01010,RPGLIFE,RPG Life Sciences Limited,EQ,532983,Healthcare,Pharmaceuticals,Healthcare,Pharmaceuticals & Biotechnology,Pharmaceuticals,CLASSIFIED,,,,0
INE614G01033,RPOWER,Reliance Power Limited,EQ,532939,Utilities,Power Generation,Power,Power,Power Generation,CLASSIFIED,,,,0
INE324L01013,RPPINFRA,R.P.P. Infra Projects Limited,EQ,533284,Industrials,Civil Construction,Construction,Construction,Civil Construction,CLASSIFIED,,,,0
INE760W01023,RPPL,Rajshree Polypack Limited,BE,,,,,,,BSE_RETRY,,No BSE code found for ISIN,2026-09-07T12:51:15Z,1
INE425Y01011,RPSGVENT,RPSG VENTURES LIMITED,EQ,542333,Services,Business Process Outsourcing (BPO)/ Knowledge Process Outsourcing (KPO),Services,Commercial Services & Supplies,Business Process Outsourcing (BPO)/ Knowledge Process Outsourcing (KPO),CLASSIFIED,,,,0
INE0J1F01024,RPTECH,Rashi Peripherals Limited,EQ,544119,Information Technology,Computers Hardware & Equipments,Information Technology,IT - Hardware,Computers Hardware & Equipments,CLASSIFIED,,,,0
INE0AK901016,RRECL,RDB Real Estate Constructions Limited,EQ,544346,Consumer Discretionary,"Residential, Commercial Projects",Realty,Realty,"Residential, Commercial Projects",CLASSIFIED,,,,0
INE951M01037,RRIL,RRIL Limited,EQ,531307,Consumer Discretionary,Other Textile Products,Textiles,Textiles & Apparels,Other Textile Products,CLASSIFIED,,,,0
INE777K01022,RRKABEL,R R Kabel Limited,EQ,543981,Industrials,Cables - Electricals,Capital Goods,Industrial Products,Cables - Electricals,CLASSIFIED,,,,0
INE616F01022,RSDFIN,RSD Finance Limited,BE,539875,Financial Services,Non Banking Financial Company (NBFC),Financial Services,Finance,Non Banking Financial Company (NBFC),CLASSIFIED,,,,0
INE313L01016,RSL,Rajputana Stainless Limited,EQ,544731,Industrials,Iron & Steel Products,Capital Goods,Industrial Products,Iron & Steel Products,CLASSIFIED,,,,0
INE165B01029,RSSOFTWARE,R. S. Software (India) Limited,EQ,517447,Information Technology,Computers - Software & Consulting,Information Technology,IT - Software,Computers - Software & Consulting,CLASSIFIED,,,,0
INE611A01016,RSWM,RSWM Limited,BE,500350,Consumer Discretionary,Other Textile Products,Textiles,Textiles & Apparels,Other Textile Products,CLASSIFIED,,,,0
INE411H01032,RSYSTEMS,R Systems International Limited,EQ,532735,Information Technology,IT Enabled Services,Information Technology,IT - Services,IT Enabled Services,CLASSIFIED,,,,0
INE834M01019,RTNINDIA,RattanIndia Enterprises Limited,EQ,534597,Consumer Discretionary,E-Retail/ E-Commerce,Consumer Services,Retailing,E-Retail/ E-Commerce,CLASSIFIED,,,,0
INE399K01017,RTNPOWER,RattanIndia Power Limited,EQ,533122,Utilities,Power Generation,Power,Power,Power Generation,CLASSIFIED,,,,0
INE005C01017,RTSPOWR,RTS Power Corporation Limited,EQ,531215,Industrials,Other Electrical Equipment,Capital Goods,Electrical Equipment,Other Electrical Equipment,CLASSIFIED,,,,0
INE642C01025,RUBFILA,Rubfila International Limited,EQ,500367,Industrials,Rubber,Capital Goods,Industrial Products,Rubber,CLASSIFIED,,,,0
INE506V01022,RUBICON,Rubicon Research Limited,EQ,544578,Healthcare,Pharmaceuticals,Healthcare,Pharmaceuticals & Biotechnology,Pharmaceuticals,CLASSIFIED,,,,0
INE301D01026,RUBYMILLS,The Ruby Mills Limited,BE,503169,Consumer Discretionary,Other Textile Products,Textiles,Textiles & Apparels,Other Textile Products,CLASSIFIED,,,,0
INE413B01023,RUCHINFRA,Ruchi Infrastructure Limited,EQ,509020,Services,Diversified Commercial Services,Services,Commercial Services & Supplies,Diversified Commercial Services,CLASSIFIED,,,,0
INE803H01014,RUCHIRA,Ruchira Papers Limited,EQ,532785,Commodities,Paper & Paper Products,Forest Materials,"Paper, Forest & Jute Products",Paper & Paper Products,CLASSIFIED,,,,0
INE027T01023,RUDRA,Rudra Global Infra Products Limited,EQ,539226,Industrials,Iron & Steel Products,Capital Goods,Industrial Products,Iron & Steel Products,CLASSIFIED,,,,0
INE895B01021,RUPA,Rupa & Company Limited,EQ,533552,Consumer Discretionary,Garments & Apparels,Textiles,Textiles & Apparels,Garments & Apparels,CLASSIFIED,,,,0
INE573K01025,RUSHIL,Rushil Decor Limited,EQ,533470,Consumer Discretionary,Plywood Boards/ Laminates,Consumer Durables,Consumer Durables,Plywood Boards/ Laminates,CLASSIFIED,,,,0
INE263M01029,RUSTOMJEE,Keystone Realtors Limited,EQ,543669,Consumer Discretionary,"Residential, Commercial Projects",Realty,Realty,"Residential, Commercial Projects",CLASSIFIED,,,,0
INE09E501017,RVHL,Ravinder Heights Limited,EQ,543251,Consumer Discretionary,"Residential, Commercial Projects",Realty,Realty,"Residential, Commercial Projects",CLASSIFIED,,,,0
INE415G01027,RVNL,Rail Vikas Nigam Limited,EQ,542649,Industrials,Civil Construction,Construction,Construction,Civil Construction,CLASSIFIED,,,,0
INE0DAB01012,RVTH,Revathi Equipment India Limited,EQ,544246,Industrials,Industrial Products,Capital Goods,Industrial Manufacturing,Industrial Products,CLASSIFIED,,,,0
INE902B01017,S&SPOWER,S&S Power Switchgears Limited,EQ,517273,Industrials,Other Electrical Equipment,Capital Goods,Electrical Equipment,Other Electrical Equipment,CLASSIFIED,,,,0
INE13B501022,SAATVIKGL,Saatvik Green Energy Limited,EQ,544526,Industrials,Other Electrical Equipment,Capital Goods,Electrical Equipment,Other Electrical Equipment,CLASSIFIED,,,,0
INE137M01017,SAB,SAB Industries Limited,EQ,539112,Industrials,Civil Construction,Construction,Construction,Civil Construction,CLASSIFIED,,,,0
INE226H01026,SADBHAV,Sadbhav Engineering Limited,EQ,532710,Industrials,Civil Construction,Construction,Construction,Civil Construction,CLASSIFIED,,,,0
INE764L01010,SADBHIN,Sadbhav Infrastructure Project Limited,BE,539346,Industrials,Civil Construction,Construction,Construction,Civil Construction,CLASSIFIED,,,,0
INE888C01040,SADHNANIQ,Sadhana Nitrochem Limited,BE,506642,Commodities,Commodity Chemicals,Chemicals,Chemicals & Petrochemicals,Commodity Chemicals,CLASSIFIED,,,,0
INE429E01023,SAFARI,Safari Industries (India) Limited,EQ,523025,Consumer Discretionary,Plastic Products - Consumer,Consumer Durables,Consumer Durables,Plastic Products - Consumer,CLASSIFIED,,,,0
INE976T01013,SAGARDEEP,Sagardeep Alloys Limited,EQ,,,,,,,BSE_RETRY,,No BSE code found for ISIN,2026-09-07T12:51:15Z,1
INE229C01021,SAGCEM,Sagar Cements Limited,EQ,502090,Commodities,Cement & Cement Products,Construction Materials,Cement & Cement Products,Cement & Cement Products,CLASSIFIED,,,,0
INE0W2G01015,SAGILITY,SAGILITY LIMITED,EQ,544282,Information Technology,IT Enabled Services,Information Technology,IT - Services,IT Enabled Services,CLASSIFIED,,,,0
INE861D01011,SAHLIBHFI,Shalibhadra Finance Limited,EQ,511754,Financial Services,Non Banking Financial Company (NBFC),Financial Services,Finance,Non Banking Financial Company (NBFC),CLASSIFIED,,,,0
INE280H01015,SAHYADRI,Sahyadri Industries Limited,EQ,532841,Commodities,Other Construction Materials,Construction Materials,Other Construction Materials,Other Construction Materials,CLASSIFIED,,,,0
INE531X01018,SAICAPI,Sai Capital Limited,EQ,531931,Services,Diversified Commercial Services,Services,Commercial Services & Supplies,Diversified Commercial Services,CLASSIFIED,,,,0
INE114A01011,SAIL,Steel Authority of India Limited,EQ,500113,Commodities,Iron & Steel,Metals & Mining,Ferrous Metals,Iron & Steel,CLASSIFIED,,,,0
INE570L01029,SAILIFE,Sai Life Sciences Limited,EQ,544306,Healthcare,Pharmaceuticals,Healthcare,Pharmaceuticals & Biotechnology,Pharmaceuticals,CLASSIFIED,,,,0
INE0H9F01037,SAIPARENT,Sai Parenterals Limited,EQ,544742,Healthcare,Pharmaceuticals,Healthcare,Pharmaceuticals & Biotechnology,Pharmaceuticals,CLASSIFIED,,,,0
INE732S01012,SAKAR,Sakar Healthcare Limited,EQ,,,,,,,BSE_RETRY,,No BSE code found for ISIN,2026-09-07T12:51:15Z,1
INE623A01011,SAKHTISUG,Sakthi Sugars Limited,EQ,507315,Fast Moving Consumer Goods,Sugar,Fast Moving Consumer Goods,Agricultural Food & other Products,Sugar,CLASSIFIED,,,,0
INE667G01023,SAKSOFT,Saksoft Limited,EQ,590051,Information Technology,Computers - Software & Consulting,Information Technology,IT - Software,Computers - Software & Consulting,CLASSIFIED,,,,0
INE190H01024,SAKUMA,Sakuma Exports Limited,EQ,532713,Services,Trading & Distributors,Services,Commercial Services & Supplies,Trading & Distributors,CLASSIFIED,,,,0
INE170V01027,SALASAR,Salasar Techno Engineering Limited,EQ,540642,Industrials,Industrial Products,Capital Goods,Industrial Manufacturing,Industrial Products,CLASSIFIED,,,,0
INE498E01010,SALONA,Salona Cotspin Limited,EQ,590056,Consumer Discretionary,Other Textile Products,Textiles,Textiles & Apparels,Other Textile Products,CLASSIFIED,,,,0
INE658G01014,SALSTEEL,S.A.L. Steel Limited,EQ,532604,Commodities,Sponge Iron,Metals & Mining,Ferrous Metals,Sponge Iron,CLASSIFIED,,,,0
INE457F01013,SALZERELEC,Salzer Electronics Limited,EQ,517059,Industrials,Other Electrical Equipment,Capital Goods,Electrical Equipment,Other Electrical Equipment,CLASSIFIED,,,,0
INE304D01012,SAMBANDAM,Sambandam Spinning Mills Limited,EQ,521240,Consumer Discretionary,Other Textile Products,Textiles,Textiles & Apparels,Other Textile Products,CLASSIFIED,,,,0
INE699B01027,SAMBHAAV,Sambhaav Media Limited,EQ,511630,Consumer Discretionary,Electronic Media,"Media, Entertainment & Publication",Media,Electronic Media,CLASSIFIED,,,,0
INE12NJ01018,SAMBHV,Sambhv Steel Tubes Limited,EQ,544430,Industrials,Iron & Steel Products,Capital Goods,Industrial Products,Iron & Steel Products,CLASSIFIED,,,,0
INE08U801020,SAMHI,Samhi Hotels Limited,EQ,543984,Consumer Discretionary,Hotels & Resorts,Consumer Services,Leisure Services,Hotels & Resorts,CLASSIFIED,,,,0
INE148I01020,SAMMAANCAP,Sammaan Capital Limited,EQ,535789,Financial Services,Housing Finance Company,Financial Services,Finance,Housing Finance Company,CLASSIFIED,,,,0
INE735M01018,SAMPANN,Sampann Utpadan India Limited,EQ,534598,Industrials,Rubber,Capital Goods,Industrial Products,Rubber,CLASSIFIED,,,,0
INE0JPD01013,SANATHAN,Sanathan Textiles Limited,EQ,544314,Consumer Discretionary,Other Textile Products,Textiles,Textiles & Apparels,Other Textile Products,CLASSIFIED,,,,0
INE583B01015,SANDESH,The Sandesh Limited,EQ,526725,Consumer Discretionary,Print Media,"Media, Entertainment & Publication",Media,Print Media,CLASSIFIED,,,,0
INE278H01035,SANDHAR,Sandhar Technologies Limited,EQ,541163,Consumer Discretionary,Auto Components & Equipments,Automobile and Auto Components,Auto Components,Auto Components & Equipments,CLASSIFIED,,,,0
INE149K01016,SANDUMA,Sandur Manganese & Iron Ores Limited,EQ,504918,Commodities,Iron & Steel,Metals & Mining,Ferrous Metals,Iron & Steel,CLASSIFIED,,,,0
INE495C01010,SANGAMIND,Sangam (India) Limited,EQ,514234,Consumer Discretionary,Other Textile Products,Textiles,Textiles & Apparels,Other Textile Products,CLASSIFIED,,,,0
INE989A01032,SANGHVIMOV,Sanghvi Movers Limited,EQ,530073,Services,Diversified Commercial Services,Services,Commercial Services & Supplies,Diversified Commercial Services,CLASSIFIED,,,,0
INE753W01010,SANGINITA,Sanginita Chemicals Limited,BE,,,,,,,BSE_RETRY,,No BSE code found for ISIN,2026-09-07T12:51:15Z,1
INE058A01010,SANOFI,Sanofi India Limited,EQ,500674,Healthcare,Pharmaceuticals,Healthcare,Pharmaceuticals & Biotechnology,Pharmaceuticals,CLASSIFIED,,,,0
INE0UOS01011,SANOFICONR,Sanofi Consumer Healthcare India Limited,EQ,544250,Healthcare,Pharmaceuticals,Healthcare,Pharmaceuticals & Biotechnology,Pharmaceuticals,CLASSIFIED,,,,0
INE953O01021,SANSERA,Sansera Engineering Limited,EQ,543358,Consumer Discretionary,Auto Components & Equipments,Automobile and Auto Components,Auto Components,Auto Components & Equipments,CLASSIFIED,,,,0
INE08NE01025,SANSTAR,Sanstar Limited,EQ,544217,Fast Moving Consumer Goods,Other Agricultural Products,Fast Moving Consumer Goods,Agricultural Food & other Products,Other Agricultural Products,CLASSIFIED,,,,0
INE890C01046,SANWARIA,Sanwaria Consumer Limited,BZ,519260,Fast Moving Consumer Goods,Other Food Products,Fast Moving Consumer Goods,Food Products,Other Food Products,CLASSIFIED,,,,0
INE806T01020,SAPPHIRE,Sapphire Foods India Limited,EQ,543397,Consumer Discretionary,Restaurants,Consumer Services,Leisure Services,Restaurants,CLASSIFIED,,,,0
INE185C01017,SAPPL,Shree Ajit Pulp & Paper Limited,EQ,538795,Commodities,Paper & Paper Products,Forest Materials,"Paper, Forest & Jute Products",Paper & Paper Products,CLASSIFIED,,,,0
INE385C01021,SARDAEN,Sarda Energy & Minerals Limited,EQ,504614,Commodities,Iron & Steel,Metals & Mining,Ferrous Metals,Iron & Steel,CLASSIFIED,,,,0
INE979A01025,SAREGAMA,Saregama India Limited,EQ,532163,Consumer Discretionary,Media & Entertainment,"Media, Entertainment & Publication",Entertainment,Media & Entertainment,CLASSIFIED,,,,0
INE453D01025,SARLAPOLY,Sarla Performance Fibers Limited,EQ,526885,Consumer Discretionary,Other Textile Products,Textiles,Textiles & Apparels,Other Textile Products,CLASSIFIED,,,,0
INE324X01026,SARVESHWAR,Sarveshwar Foods Limited,EQ,543688,Fast Moving Consumer Goods,Other Agricultural Products,Fast Moving Consumer Goods,Agricultural Food & other Products,Other Agricultural Products,CLASSIFIED,,,,0
INE231F01020,SASKEN,Sasken Technologies Limited,EQ,532663,Information Technology,IT Enabled Services,Information Technology,IT - Services,IT Enabled Services,CLASSIFIED,,,,0
INE170E01023,SATIA,Satia Industries Limited,EQ,539201,Commodities,Paper & Paper Products,Forest Materials,"Paper, Forest & Jute Products",Paper & Paper Products,CLASSIFIED,,,,0
INE836B01017,SATIN,Satin Creditcare Network Limited,EQ,539404,Financial Services,Microfinance Institutions,Financial Services,Finance,Microfinance Institutions,CLASSIFIED,,,,0
INE626A01014,SAURASHCEM,Saurashtra Cement Limited,EQ,502175,Commodities,Cement & Cement Products,Construction Materials,Cement & Cement Products,Cement & Cement Products,CLASSIFIED,,,,0
INE318C01014,SAYAJIHOTL,Sayaji Hotels Limited,EQ,523710,Consumer Discretionary,Hotels & Resorts,Consumer Services,Leisure Services,Hotels & Resorts,CLASSIFIED,,,,0
INE327G01032,SAYAJIIND,Sayaji Industries Limited,EQ,540728,Fast Moving Consumer Goods,Other Agricultural Products,Fast Moving Consumer Goods,Agricultural Food & other Products,Other Agricultural Products,CLASSIFIED,,,,0
INE04AK01028,SBC,SBC Exports Limited,EQ,542725,Consumer Discretionary,Garments & Apparels,Textiles,Textiles & Apparels,Garments & Apparels,CLASSIFIED,,,,0
INE386D01027,SBCL,Shivalik Bimetal Controls Limited,EQ,513097,Industrials,Iron & Steel Products,Capital Goods,Industrial Products,Iron & Steel Products,CLASSIFIED,,,,0
INE423Y01016,SBFC,SBFC Finance Limited,EQ,543959,Financial Services,Non Banking Financial Company (NBFC),Financial Services,Finance,Non Banking Financial Company (NBFC),CLASSIFIED,,,,0
INE05ST01028,SBGLP,Suratwwala Business Group Limited,EQ,543218,Consumer Discretionary,"Residential, Commercial Projects",Realty,Realty,"Residential, Commercial Projects",CLASSIFIED,,,,0
INE018E01016,SBICARD,SBI Cards and Payment Services Limited,EQ,543066,Financial Services,Non Banking Financial Company (NBFC),Financial Services,Finance,Non Banking Financial Company (NBFC),CLASSIFIED,,,,0
INE640G01020,SBIFUNDS,SBI Funds Management Limited,EQ,544829,Financial Services,Asset Management Company,Financial Services,Capital Markets,Asset Management Company,CLASSIFIED,,,,0
INE123W01016,SBILIFE,SBI Life Insurance Company Limited,EQ,540719,Financial Services,Life Insurance,Financial Services,Insurance,Life Insurance,CLASSIFIED,,,,0
INE062A01020,SBIN,State Bank of India,EQ,500112,Financial Services,Public Sector Bank,Financial Services,Banks,Public Sector Bank,CLASSIFIED,,,,0
INE099G01011,SCANSTL,Scan Steels Limited,BE,511672,Commodities,Iron & Steel,Metals & Mining,Ferrous Metals,Iron & Steel,CLASSIFIED,,,,0
INE513A01022,SCHAEFFLER,Schaeffler India Limited,EQ,505790,Consumer Discretionary,Auto Components & Equipments,Automobile and Auto Components,Auto Components,Auto Components & Equipments,CLASSIFIED,,,,0
INE807K01035,SCHAND,S Chand And Company Limited,EQ,540497,Consumer Discretionary,Printing & Publication,"Media, Entertainment & Publication",Printing & Publication,Printing & Publication,CLASSIFIED,,,,0
INE839M01018,SCHNEIDER,Schneider Electric Infrastructure Limited,EQ,534139,Industrials,Heavy Electrical Equipment,Capital Goods,Electrical Equipment,Heavy Electrical Equipment,CLASSIFIED,,,,0
INE109A01011,SCI,Shipping Corporation Of India Limited,EQ,523598,Services,Shipping,Services,Transport Services,Shipping,CLASSIFIED,,,,0
INE0PB301013,SCILAL,Shipping Corporation of India Land and Assets Limited,EQ,544142,Financial Services,Investment Company,Financial Services,Finance,Investment Company,CLASSIFIED,,,,0
INE090501011,SCODATUBES,Scoda Tubes Limited,EQ,544411,Industrials,Iron & Steel Products,Capital Goods,Industrial Products,Iron & Steel Products,CLASSIFIED,,,,0
INE501Y01019,SCPL,Sheetal Cool Products Limited,EQ,540757,Fast Moving Consumer Goods,Dairy Products,Fast Moving Consumer Goods,Food Products,Dairy Products,CLASSIFIED,,,,0
INE480C01038,SDBL,Som Distilleries & Breweries Limited,EQ,507514,Fast Moving Consumer Goods,Breweries & Distilleries,Fast Moving Consumer Goods,Beverages,Breweries & Distilleries,CLASSIFIED,,,,0
INE497B01018,SEAMECLTD,Seamec Limited,EQ,526807,Services,Shipping,Services,Transport Services,Shipping,CLASSIFIED,,,,0
INE0BTM01013,SECMARK,SecMark Consultancy Limited,EQ,543234,Information Technology,Computers - Software & Consulting,Information Technology,IT - Software,Computers - Software & Consulting,CLASSIFIED,,,,0
INE650K01021,SECURKLOUD,SECUREKLOUD TECHNOLOGIES LIMITED,EQ,512161,Information Technology,IT Enabled Services,Information Technology,IT - Services,IT Enabled Services,CLASSIFIED,,,,0
INE00XB01019,SEDEMAC,SEDEMAC Mechatronics Limited,EQ,544723,Consumer Discretionary,Auto Components & Equipments,Automobile and Auto Components,Auto Components,Auto Components & Equipments,CLASSIFIED,,,,0
INE440T01028,SEIL,Shanti Educational Initiatives Limited,EQ,539921,Consumer Discretionary,Education,Consumer Services,Other Consumer Services,Education,CLASSIFIED,,,,0
INE955I01044,SEJALLTD,Sejal Glass Limited,EQ,532993,Industrials,Glass - Industrial,Capital Goods,Industrial Products,Glass - Industrial,CLASSIFIED,,,,0
INE068B01017,SEKURITIND,Saint Gobain Sekurit India Limited,EQ,515043,Consumer Discretionary,Auto Components & Equipments,Automobile and Auto Components,Auto Components,Auto Components & Equipments,CLASSIFIED,,,,0
INE105I01020,SELMC,SEL Manufacturing Company Limited,EQ,532886,Consumer Discretionary,Other Textile Products,Textiles,Textiles & Apparels,Other Textile Products,CLASSIFIED,,,,0
INE617A01013,SEMAC,Semac Construction Limited,EQ,505368,Industrials,Civil Construction,Construction,Construction,Civil Construction,CLASSIFIED,,,,0
INE602W01027,SENCO,Senco Gold Limited,EQ,543936,Consumer Discretionary,"Gems, Jewellery And Watches",Consumer Durables,Consumer Durables,"Gems, Jewellery And Watches",CLASSIFIED,,,,0
INE0RB801010,SENORES,Senores Pharmaceuticals Limited,EQ,544319,Healthcare,Pharmaceuticals,Healthcare,Pharmaceuticals & Biotechnology,Pharmaceuticals,CLASSIFIED,,,,0
INE964H01014,SEPC,SEPC Limited,EQ,532945,Industrials,Civil Construction,Construction,Construction,Civil Construction,CLASSIFIED,,,,0
INE782X01033,SERVOTECH,Servotech Renewable Power System Limited,EQ,,,,,,,BSE_RETRY,,No BSE code found for ISIN,2026-09-07T12:51:15Z,1
INE630A01024,SESHAPAPER,Seshasayee Paper and Boards Limited,EQ,502450,Commodities,Paper & Paper Products,Forest Materials,"Paper, Forest & Jute Products",Paper & Paper Products,CLASSIFIED,,,,0
INE878E01021,SETCO,Setco Automotive Limited,BE,505075,Consumer Discretionary,Auto Components & Equipments,Automobile and Auto Components,Auto Components,Auto Components & Equipments,CLASSIFIED,,,,0
INE0M4D01010,SETL,Standard Engineering Technology Limited,EQ,544333,Industrials,Industrial Products,Capital Goods,Industrial Manufacturing,Industrial Products,CLASSIFIED,,,,0
INE023M01027,SETUINFRA,Setubandhan Infrastructure Limited,BZ,533605,Industrials,Civil Construction,Construction,Construction,Civil Construction,CLASSIFIED,,,,0
INE573R01012,SEYAIND,Seya Industries Limited,BE,524324,Commodities,Specialty Chemicals,Chemicals,Chemicals & Petrochemicals,Specialty Chemicals,CLASSIFIED,,,,0
INE916U01025,SFL,Sheela Foam Limited,EQ,540203,Consumer Discretionary,"Furniture, Home Furnishing",Consumer Durables,Consumer Durables,"Furniture, Home Furnishing",CLASSIFIED,,,,0
INE618R01015,SGFIN,SG Finserve Limited,EQ,539199,Financial Services,Non Banking Financial Company (NBFC),Financial Services,Finance,Non Banking Financial Company (NBFC),CLASSIFIED,,,,0
INE00QT01015,SGIL,Synergy Green Industries Limited,EQ,541929,Industrials,Castings & Forgings,Capital Goods,Industrial Products,Castings & Forgings,CLASSIFIED,,,,0
INE353H01010,SGL,STL Global Limited,EQ,532730,Consumer Discretionary,Other Textile Products,Textiles,Textiles & Apparels,Other Textile Products,CLASSIFIED,,,,0
INE967B01028,SGLRES,SGL Resources Limited,EQ,526544,Information Technology,IT Enabled Services,Information Technology,IT - Services,IT Enabled Services,CLASSIFIED,,,,0
INE385F01024,SGMART,SG Mart Limited,EQ,512329,Commodities,Trading - Metals,Metals & Mining,Metals & Minerals Trading,Trading - Metals,CLASSIFIED,,,,0
INE414Y01015,SGRL,Shree Ganesh Remedies Limited,EQ,540737,Healthcare,Pharmaceuticals,Healthcare,Pharmaceuticals & Biotechnology,Pharmaceuticals,CLASSIFIED,,,,0
INE12UN01015,SHADOWFAX,Shadowfax Technologies Limited,EQ,544685,Services,Logistics Solution Provider,Services,Transport Services,Logistics Solution Provider,CLASSIFIED,,,,0
INE482J01021,SHAH,Shah Metacorp Limited,EQ,533275,Industrials,Iron & Steel Products,Capital Goods,Industrial Products,Iron & Steel Products,CLASSIFIED,,,,0
INE640C01011,SHAHALLOYS,Shah Alloys Limited,EQ,513436,Industrials,Iron & Steel Products,Capital Goods,Industrial Products,Iron & Steel Products,CLASSIFIED,,,,0
INE151G01028,SHAILY,Shaily Engineering Plastics Limited,EQ,501423,Consumer Discretionary,Plastic Products - Consumer,Consumer Durables,Consumer Durables,Plastic Products - Consumer,CLASSIFIED,,,,0
INE908D01010,SHAKTIPUMP,Shakti Pumps (India) Limited,EQ,531431,Industrials,"Compressors, Pumps & Diesel Engines",Capital Goods,Industrial Products,"Compressors, Pumps & Diesel Engines",CLASSIFIED,,,,0
INE597J01018,SHALBY,Shalby Limited,EQ,540797,Healthcare,Hospital,Healthcare,Healthcare Services,Hospital,CLASSIFIED,,,,0
INE849C01026,SHALPAINTS,Shalimar Paints Limited,BE,509874,Consumer Discretionary,Paints,Consumer Durables,Consumer Durables,Paints,CLASSIFIED,,,,0
INE274V01019,SHANKARA,Shankara Building Products Limited,EQ,540425,Consumer Discretionary,Speciality Retail,Consumer Services,Retailing,Speciality Retail,CLASSIFIED,,,,0
INE933X01016,SHANTI,Shanti Overseas (India) Limited,EQ,,,,,,,BSE_RETRY,,No BSE code found for ISIN,2026-09-07T12:51:15Z,1
INE631A01022,SHANTIGEAR,Shanthi Gears Limited,EQ,522034,Industrials,Industrial Products,Capital Goods,Industrial Manufacturing,Industrial Products,CLASSIFIED,,,,0
INE06ZD01017,SHANTIGOLD,Shanti Gold International Limited,EQ,544459,Consumer Discretionary,"Gems, Jewellery And Watches",Consumer Durables,Consumer Durables,"Gems, Jewellery And Watches",CLASSIFIED,,,,0
INE221J01015,SHARDACROP,Sharda Cropchem Limited,EQ,538666,Commodities,Pesticides & Agrochemicals,Chemicals,Fertilizers & Agrochemicals,Pesticides & Agrochemicals,CLASSIFIED,,,,0
INE597I01028,SHARDAMOTR,Sharda Motor Industries Limited,EQ,535602,Consumer Discretionary,Auto Components & Equipments,Automobile and Auto Components,Auto Components,Auto Components & Equipments,CLASSIFIED,,,,0
INE037B01020,SHARDUL,Shardul Securities Limited,BE,512393,Financial Services,Stockbroking & Allied,Financial Services,Capital Markets,Stockbroking & Allied,CLASSIFIED,,,,0
INE932X01026,SHAREINDIA,Share India Securities Limited,EQ,540725,Financial Services,Stockbroking & Allied,Financial Services,Capital Markets,Stockbroking & Allied,CLASSIFIED,,,,0
INE402H01015,SHBAJRG,Shri Bajrang Alliance Limited,EQ,526981,Industrials,Iron & Steel Products,Capital Goods,Industrial Products,Iron & Steel Products,CLASSIFIED,,,,0
INE268L01046,SHEKHAWATI,Shekhawati Industries Limited,BE,533301,Consumer Discretionary,Other Textile Products,Textiles,Textiles & Apparels,Other Textile Products,CLASSIFIED,,,,0
INE363M01019,SHEMAROO,Shemaroo Entertainment Limited,BE,538685,Consumer Discretionary,Media & Entertainment,"Media, Entertainment & Publication",Entertainment,Media & Entertainment,CLASSIFIED,,,,0
INE011D01013,SHERVANI,Shervani Industrial Syndicate Limited,EQ,526117,Consumer Discretionary,"Residential, Commercial Projects",Realty,Realty,"Residential, Commercial Projects",CLASSIFIED,,,,0
INE024F01011,SHILCTECH,Shilchar Technologies Limited,EQ,531201,Industrials,Heavy Electrical Equipment,Capital Goods,Electrical Equipment,Heavy Electrical Equipment,CLASSIFIED,,,,0
INE960A01017,SHILGRAVQ,Shilp Gravures Limited,EQ,513709,Industrials,"Aluminium, Copper & Zinc Products",Capital Goods,Industrial Products,"Aluminium, Copper & Zinc Products",CLASSIFIED,,,,0
INE790G01031,SHILPAMED,Shilpa Medicare Limited,EQ,530549,Healthcare,Pharmaceuticals,Healthcare,Pharmaceuticals & Biotechnology,Pharmaceuticals,CLASSIFIED,,,,0
INE220Z01013,SHINDL,Sharat Industries Limited,EQ,519397,Fast Moving Consumer Goods,Seafood,Fast Moving Consumer Goods,Food Products,Seafood,CLASSIFIED,,,,0
INE0FOO01011,SHIPROCKET,Shiprocket Limited,EQ,544871,Services,Logistics Solution Provider,Services,Transport Services,Logistics Solution Provider,CLASSIFIED,,,,0
INE960E01019,SHIVAAGRO,Shiva Global Agro Industries Limited,EQ,530433,Commodities,Fertilizers,Chemicals,Fertilizers & Agrochemicals,Fertilizers,CLASSIFIED,,,,0
INE555C01029,SHIVACEM,Shiva Cement Limited,EQ,532323,Commodities,Cement & Cement Products,Construction Materials,Cement & Cement Products,Cement & Cement Products,CLASSIFIED,,,,0
INE788J01021,SHIVALIK,Shivalik Rasayan Limited,BE,539148,Commodities,Pesticides & Agrochemicals,Chemicals,Fertilizers & Agrochemicals,Pesticides & Agrochemicals,CLASSIFIED,,,,0
INE637H01024,SHIVAMAUTO,Shivam Autotech Limited,BE,532776,Consumer Discretionary,Auto Components & Equipments,Automobile and Auto Components,Auto Components,Auto Components & Equipments,CLASSIFIED,,,,0
INE644Y01017,SHIVAMILLS,Shiva Mills Limited,EQ,540961,Consumer Discretionary,Other Textile Products,Textiles,Textiles & Apparels,Other Textile Products,CLASSIFIED,,,,0
INE705C01020,SHIVATEX,Shiva Texyarn Limited,EQ,511108,Consumer Discretionary,Other Textile Products,Textiles,Textiles & Apparels,Other Textile Products,CLASSIFIED,,,,0
INE719F01016,SHIVAUM,Shiv Aum Steels Limited,EQ,,,,,,,BSE_RETRY,,No BSE code found for ISIN,2026-09-07T12:51:15Z,1
INE500L01026,SHK,S H Kelkar and Company Limited,EQ,539450,Commodities,Specialty Chemicals,Chemicals,Chemicals & Petrochemicals,Specialty Chemicals,CLASSIFIED,,,,0
INE498B01024,SHOPERSTOP,Shoppers Stop Limited,EQ,532638,Consumer Discretionary,Diversified Retail,Consumer Services,Retailing,Diversified Retail,CLASSIFIED,,,,0
INE311M01018,SHRADDHA,Shraddha Prime Projects Limited,EQ,531771,Consumer Discretionary,"Residential, Commercial Projects",Realty,Realty,"Residential, Commercial Projects",CLASSIFIED,,,,0
INE715Y01031,SHRADHA,Shradha Realty Limited,EQ,,,,,,,BSE_RETRY,,No BSE code found for ISIN,2026-09-07T12:51:15Z,1
INE232A01011,SHREDIGCEM,Shree Digvijay Cement Co.Ltd,EQ,502180,Commodities,Cement & Cement Products,Construction Materials,Cement & Cement Products,Cement & Cement Products,CLASSIFIED,,,,0
INE070A01015,SHREECEM,SHREE CEMENT LIMITED,EQ,500387,Commodities,Cement & Cement Products,Construction Materials,Cement & Cement Products,Cement & Cement Products,CLASSIFIED,,,,0
INE1B6101010,SHREEJISPG,Shreeji Shipping Global Limited,EQ,544490,Services,Shipping,Services,Transport Services,Shipping,CLASSIFIED,,,,0
INE712K01011,SHREEPUSHK,Shree Pushkar Chemicals & Fertilisers Limited,EQ,539334,Commodities,Dyes And Pigments,Chemicals,Chemicals & Petrochemicals,Dyes And Pigments,CLASSIFIED,,,,0
INE879A01019,SHREERAMA,Shree Rama Multi-Tech Limited,EQ,532310,Industrials,Packaging,Capital Goods,Industrial Products,Packaging,CLASSIFIED,,,,0
INE632X01030,SHRENIK,Shrenik Limited,BZ,,,,,,,BSE_RETRY,,No BSE code found for ISIN,2026-09-07T12:51:15Z,1
INE231C01019,SHREYANIND,Shreyans Industries Limited,EQ,516016,Commodities,Paper & Paper Products,Forest Materials,"Paper, Forest & Jute Products",Paper & Paper Products,CLASSIFIED,,,,0
INE997I01012,SHRIKRISH,Shri Krishna Devcon Limited,EQ,531080,Consumer Discretionary,"Residential, Commercial Projects",Realty,Realty,"Residential, Commercial Projects",CLASSIFIED,,,,0
INE1B3L01017,SHRINGARMS,Shringar House of Mangalsutra Limited,EQ,544512,Consumer Discretionary,"Gems, Jewellery And Watches",Consumer Durables,Consumer Durables,"Gems, Jewellery And Watches",CLASSIFIED,,,,0
INE526E01018,SHRIPISTON,SPR Auto Technologies Limited,EQ,544344,Consumer Discretionary,Auto Components & Equipments,Automobile and Auto Components,Auto Components,Auto Components & Equipments,CLASSIFIED,,,,0
INE721A01047,SHRIRAMFIN,Shriram Finance Limited,EQ,511218,Financial Services,Non Banking Financial Company (NBFC),Financial Services,Finance,Non Banking Financial Company (NBFC),CLASSIFIED,,,,0
INE217L01019,SHRIRAMPPS,Shriram Properties Limited,EQ,543419,Consumer Discretionary,"Residential, Commercial Projects",Realty,Realty,"Residential, Commercial Projects",CLASSIFIED,,,,0
INE564J01026,SHRJAGP,Shri Jagdamba Polymers Limited,EQ,512453,Industrials,Packaging,Capital Goods,Industrial Products,Packaging,CLASSIFIED,,,,0
INE551C01044,SHUKRAPHAR,Shukra Pharmaceuticals Limited,EQ,524632,Healthcare,Pharmaceuticals,Healthcare,Pharmaceuticals & Biotechnology,Pharmaceuticals,CLASSIFIED,,,,0
INE979R01011,SHYAMCENT,Shyam Century Ferrous Limited,BE,539252,Commodities,Ferro & Silica Manganese,Metals & Mining,Ferrous Metals,Ferro & Silica Manganese,CLASSIFIED,,,,0
INE810G01011,SHYAMMETL,Shyam Metalics and Energy Limited,EQ,543299,Industrials,Iron & Steel Products,Capital Goods,Industrial Products,Iron & Steel Products,CLASSIFIED,,,,0
INE635A01023,SHYAMTEL,Shyam Telecom Limited,EQ,517411,Services,Trading & Distributors,Services,Commercial Services & Supplies,Trading & Distributors,CLASSIFIED,,,,0
INE176J01011,SICAGEN,Sicagen India Limited,EQ,533014,Services,Trading & Distributors,Services,Commercial Services & Supplies,Trading & Distributors,CLASSIFIED,,,,0
INE075B01020,SICALLOG,Sical Logistics Limited,BE,520086,Services,Logistics Solution Provider,Services,Transport Services,Logistics Solution Provider,CLASSIFIED,,,,0
INE843L01012,SIEL,Superior Industrial Enterprises Limited,EQ,519234,Fast Moving Consumer Goods,Edible Oil,Fast Moving Consumer Goods,Agricultural Food & other Products,Edible Oil,CLASSIFIED,,,,0
INE003A01024,SIEMENS,Siemens Limited,EQ,500550,Industrials,Heavy Electrical Equipment,Capital Goods,Electrical Equipment,Heavy Electrical Equipment,CLASSIFIED,,,,0
INE0D0K01022,SIGACHI,Sigachi Industries Limited,EQ,543389,Healthcare,Pharmaceuticals,Healthcare,Pharmaceuticals & Biotechnology,Pharmaceuticals,CLASSIFIED,,,,0
INE529F01035,SIGIND,Signet Industries Limited,EQ,512131,Services,Trading & Distributors,Services,Commercial Services & Supplies,Trading & Distributors,CLASSIFIED,,,,0
INE0A0S01028,SIGMA,Sigma Solve Limited,EQ,543917,Information Technology,IT Enabled Services,Information Technology,IT - Services,IT Enabled Services,CLASSIFIED,,,,0
INE933B01012,SIGMAADV,SIGMA ADVANCED SYSTEMS LIMITED,EQ,532408,Industrials,Aerospace & Defense,Capital Goods,Aerospace & Defense,Aerospace & Defense,CLASSIFIED,,,,0
INE903U01023,SIGNATURE,Signatureglobal (India) Limited,EQ,543990,Consumer Discretionary,"Residential, Commercial Projects",Realty,Realty,"Residential, Commercial Projects",CLASSIFIED,,,,0
INE0KGZ01021,SIGNPOST,Signpost India Limited,EQ,544117,Consumer Discretionary,Advertising & Media Agencies,"Media, Entertainment & Publication",Media,Advertising & Media Agencies,CLASSIFIED,,,,0
INE438E01032,SIKA,Sika Interplant Systems Limited,EQ,523606,Industrials,Aerospace & Defense,Capital Goods,Aerospace & Defense,Aerospace & Defense,CLASSIFIED,,,,0
INE112X01025,SIKKO,Sikko Industries Limited,BE,,,,,,,NOT_FOUND,,,,0
INE173A01025,SIL,Standard Industries Limited,EQ,530017,Consumer Discretionary,Real Estate related services,Realty,Realty,Real Estate related services,CLASSIFIED,,,,0
INE01II01013,SILGO,Silgo Retail Limited,EQ,,,,,,,NOT_FOUND,,,,0
INE923A01015,SILINV,SIL Investments Limited,EQ,521194,Financial Services,Investment Company,Financial Services,Finance,Investment Company,CLASSIFIED,,,,0
INE203Y01012,SILLYMONKS,Silly Monks Entertainment Limited,EQ,,,,,,,NOT_FOUND,,,,0
INE625X01026,SILVERTUC,Silver Touch Technologies Limited,EQ,543525,Information Technology,Computers - Software & Consulting,Information Technology,IT - Software,Computers - Software & Consulting,CLASSIFIED,,,,0
INE748T01016,SIMBHALS,Simbhaoli Sugars Limited,BZ,539742,Fast Moving Consumer Goods,Sugar,Fast Moving Consumer Goods,Agricultural Food & other Products,Sugar,CLASSIFIED,,,,0
INE059B01024,SIMPLEXINF,Simplex Infrastructures Limited,EQ,523838,Industrials,Civil Construction,Construction,Construction,Civil Construction,CLASSIFIED,,,,0
INE167H01014,SIMPLXREA,Simplex Realty Limited,EQ,503229,Consumer Discretionary,"Residential, Commercial Projects",Realty,Realty,"Residential, Commercial Projects",CLASSIFIED,,,,0
INE985A01022,SINCLAIR,Sinclairs Hotels Limited,EQ,523023,Consumer Discretionary,Hotels & Resorts,Consumer Services,Leisure Services,Hotels & Resorts,CLASSIFIED,,,,0
INE325D01025,SINDHUTRAD,Sindhu Trade Links Limited,EQ,532029,Energy,Coal,"Oil, Gas & Consumable Fuels",Consumable Fuels,Coal,CLASSIFIED,,,,0
INE638A01035,SINGERIND,Singer India Limited,EQ,505729,Consumer Discretionary,Household Appliances,Consumer Durables,Consumer Durables,Household Appliances,CLASSIFIED,,,,0
INE129Z01016,SINTERCOM,Sintercom India Limited,EQ,,,,,,,NOT_FOUND,,,,0
INE792Z01011,SIRCA,Sirca Paints India Limited,EQ,543686,Consumer Discretionary,Paints,Consumer Durables,Consumer Durables,Paints,CLASSIFIED,,,,0
INE285J01028,SIS,SIS LIMITED,EQ,540673,Consumer Discretionary,Other Consumer Services,Consumer Services,Other Consumer Services,Other Consumer Services,CLASSIFIED,,,,0
INE965H01011,SITINET,Siti Networks Limited,BZ,532795,Consumer Discretionary,TV Broadcasting & Software Production,"Media, Entertainment & Publication",Entertainment,TV Broadcasting & Software Production,CLASSIFIED,,,,0
INE076B01028,SIYSIL,Siyaram Silk Mills Limited,EQ,503811,Consumer Discretionary,Other Textile Products,Textiles,Textiles & Apparels,Other Textile Products,CLASSIFIED,,,,0
INE284S01014,SJS,S.J.S. Enterprises Limited,EQ,543387,Consumer Discretionary,Auto Components & Equipments,Automobile and Auto Components,Auto Components,Auto Components & Equipments,CLASSIFIED,,,,0
INE002L01015,SJVN,SJVN Limited,EQ,533206,Utilities,Power Generation,Power,Power,Power Generation,CLASSIFIED,,,,0
INE640A01023,SKFINDIA,SKF India Limited,EQ,500472,Consumer Discretionary,Auto Components & Equipments,Automobile and Auto Components,Auto Components,Auto Components & Equipments,CLASSIFIED,,,,0
INE2J8701016,SKFINDUS,SKF India (Industrial) Limited,EQ,544572,Industrials,Abrasives & Bearings,Capital Goods,Industrial Products,Abrasives & Bearings,CLASSIFIED,,,,0
INE439E01022,SKIPPER,Skipper Limited,EQ,538562,Industrials,Heavy Electrical Equipment,Capital Goods,Electrical Equipment,Heavy Electrical Equipment,CLASSIFIED,,,,0
INE411D01023,SKMEGGPROD,SKM Egg Products Export (India) Limited,EQ,532143,Fast Moving Consumer Goods,Meat Products including Poultry,Fast Moving Consumer Goods,Food Products,Meat Products including Poultry,CLASSIFIED,,,,0
INE01IU01018,SKYGOLD,SKY GOLD AND DIAMONDS LIMITED,EQ,541967,Consumer Discretionary,"Gems, Jewellery And Watches",Consumer Durables,Consumer Durables,"Gems, Jewellery And Watches",CLASSIFIED,,,,0
INE178C01020,SMARTLINK,Smartlink Holdings Limited,BE,532419,Information Technology,Computers Hardware & Equipments,Information Technology,IT - Hardware,Computers Hardware & Equipments,CLASSIFIED,,,,0
INE0NAZ01010,SMARTWORKS,Smartworks Coworking Spaces Limited,EQ,544447,Services,Diversified Commercial Services,Services,Commercial Services & Supplies,Diversified Commercial Services,CLASSIFIED,,,,0
INE103C01036,SMCGLOBAL,SMC Global Securities Limited,EQ,543263,Financial Services,Stockbroking & Allied,Financial Services,Capital Markets,Stockbroking & Allied,CLASSIFIED,,,,0
INE294B01019,SMLMAH,SML Mahindra Limited,EQ,505192,Industrials,Commercial Vehicles,Capital Goods,"Agricultural, Commercial & Construction Vehicles",Commercial Vehicles,CLASSIFIED,,,,0
INE017W01010,SMLT,Sarthak Metals Limited,EQ,540393,Industrials,Iron & Steel Products,Capital Goods,Industrial Products,Iron & Steel Products,CLASSIFIED,,,,0
INE812G01025,SMSPHARMA,SMS Pharmaceuticals Limited,EQ,532815,Healthcare,Pharmaceuticals,Healthcare,Pharmaceuticals & Biotechnology,Pharmaceuticals,CLASSIFIED,,,,0
INE734N01019,SNOWMAN,Snowman Logistics Limited,EQ,538635,Services,Logistics Solution Provider,Services,Transport Services,Logistics Solution Provider,CLASSIFIED,,,,0
INE671H01015,SOBHA,Sobha Limited,EQ,532784,Consumer Discretionary,"Residential, Commercial Projects",Realty,Realty,"Residential, Commercial Projects",CLASSIFIED,,,,0
INE728Z01015,SOFTTECH,Softtech Engineers Limited,EQ,543470,Information Technology,Computers - Software & Consulting,Information Technology,IT - Software,Computers - Software & Consulting,CLASSIFIED,,,,0
INE624Z01016,SOLARA,Solara Active Pharma Sciences Limited,EQ,541540,Healthcare,Pharmaceuticals,Healthcare,Pharmaceuticals & Biotechnology,Pharmaceuticals,CLASSIFIED,,,,0
INE343H01029,SOLARINDS,Solar Industries India Limited,EQ,532725,Commodities,Explosives,Chemicals,Chemicals & Petrochemicals,Explosives,CLASSIFIED,,,,0
INE0TY101024,SOLARWORLD,Solarworld Energy Solutions Limited,EQ,544532,Industrials,Civil Construction,Construction,Construction,Civil Construction,CLASSIFIED,,,,0
INE880Y01017,SOLEX,Solex Energy Limited,EQ,544862,Industrials,Other Electrical Equipment,Capital Goods,Electrical Equipment,Other Electrical Equipment,CLASSIFIED,,,,0
INE355A01028,SOMANYCERA,Somany Ceramics Limited,EQ,531548,Consumer Discretionary,Ceramics,Consumer Durables,Consumer Durables,Ceramics,CLASSIFIED,,,,0
INE314C01013,SOMATEX,Soma Textiles & Industries Limited,EQ,521034,Consumer Discretionary,Other Textile Products,Textiles,Textiles & Apparels,Other Textile Products,CLASSIFIED,,,,0
INE323J01019,SOMICONVEY,Somi Conveyor Beltings Limited,EQ,533001,Industrials,Industrial Products,Capital Goods,Industrial Manufacturing,Industrial Products,CLASSIFIED,,,,0
INE073K01018,SONACOMS,Sona BLW Precision Forgings Limited,EQ,543300,Consumer Discretionary,Auto Components & Equipments,Automobile and Auto Components,Auto Components,Auto Components & Equipments,CLASSIFIED,,,,0
INE321M01017,SONAL,Sonal Mercantile Limited,EQ,538943,Financial Services,Non Banking Financial Company (NBFC),Financial Services,Finance,Non Banking Financial Company (NBFC),CLASSIFIED,,,,0
INE00LM01029,SONAMLTD,SONAM LIMITED,EQ,,,,,,,NOT_FOUND,,,,0
INE269A01021,SONATSOFTW,Sonata Software Limited,EQ,532221,Information Technology,Computers - Software & Consulting,Information Technology,IT - Software,Computers - Software & Consulting,CLASSIFIED,,,,0
INE035D01020,SOTL,Savita Oil Technologies Limited,EQ,524667,Energy,Lubricants,"Oil, Gas & Consumable Fuels",Petroleum Products,Lubricants,CLASSIFIED,,,,0
INE683A01023,SOUTHBANK,The South Indian Bank Limited,EQ,532218,Financial Services,Private Sector Bank,Financial Services,Banks,Private Sector Bank,CLASSIFIED,,,,0
INE980Y01015,SOUTHWEST,South West Pinnacle Exploration Limited,EQ,543986,Services,Diversified Commercial Services,Services,Commercial Services & Supplies,Diversified Commercial Services,CLASSIFIED,,,,0
INE212I01016,SPAL,S. P. Apparels Limited,EQ,540048,Consumer Discretionary,Garments & Apparels,Textiles,Textiles & Apparels,Garments & Apparels,CLASSIFIED,,,,0
INE572J01011,SPANDANA,Spandana Sphoorty Financial Limited,EQ,542759,Financial Services,Microfinance Institutions,Financial Services,Finance,Microfinance Institutions,CLASSIFIED,,,,0
INE232I01014,SPARC,Sun Pharma Advanced Research Company Limited,EQ,532872,Healthcare,Pharmaceuticals,Healthcare,Pharmaceuticals & Biotechnology,Pharmaceuticals,CLASSIFIED,,,,0
INE970N01027,SPCENET,Spacenet Enterprises India Limited,EQ,,,,,,,NOT_FOUND,,,,0
INE247M01014,SPECIALITY,Speciality Restaurants Limited,BE,534425,Consumer Discretionary,Restaurants,Consumer Services,Leisure Services,Restaurants,CLASSIFIED,,,,0
INE01EO01010,SPECTRUM,Spectrum Electrical Industries Limited,BE,544386,Industrials,Industrial Products,Capital Goods,Industrial Manufacturing,Industrial Products,CLASSIFIED,,,,0
INE252A01019,SPELS,SPEL Semiconductor Limited,EQ,517166,Industrials,Other Electrical Equipment,Capital Goods,Electrical Equipment,Other Electrical Equipment,CLASSIFIED,,,,0
INE020801028,SPENCERS,Spencer's Retail Limited,EQ,542337,Consumer Discretionary,Diversified Retail,Consumer Services,Retailing,Diversified Retail,CLASSIFIED,,,,0
INE147A01011,SPIC,Southern Petrochemicals Industries Corporation  Limited,EQ,590030,Commodities,Fertilizers,Chemicals,Fertilizers & Agrochemicals,Fertilizers,CLASSIFIED,,,,0
INE978G01016,SPLIL,SPL Industries Limited,EQ,532651,Consumer Discretionary,Trading - Textile Products,Textiles,Textiles & Apparels,Trading - Textile Products,CLASSIFIED,,,,0
INE663A01033,SPLPETRO,Supreme Petrochem Limited,EQ,500405,Commodities,Petrochemicals,Chemicals,Chemicals & Petrochemicals,Petrochemicals,CLASSIFIED,,,,0
INE937A01023,SPMLINFRA,SPML Infra Limited,EQ,500402,Industrials,Civil Construction,Construction,Construction,Civil Construction,CLASSIFIED,,,,0
INE885H01029,SPORTKING,Sportking India Limited,EQ,539221,Consumer Discretionary,Other Textile Products,Textiles,Textiles & Apparels,Other Textile Products,CLASSIFIED,,,,0
INE01NE01012,SRD,Shankar Lal Rampal Dye-Chem Limited,EQ,542232,Commodities,Trading - Chemicals,Chemicals,Chemicals & Petrochemicals,Trading - Chemicals,CLASSIFIED,,,,0
INE099F01013,SREEL,Sreeleathers Limited,EQ,535601,Consumer Discretionary,Footwear,Consumer Durables,Consumer Durables,Footwear,CLASSIFIED,,,,0
INE647A01010,SRF,SRF Limited,EQ,503806,Commodities,Commodity Chemicals,Chemicals,Chemicals & Petrochemicals,Commodity Chemicals,CLASSIFIED,,,,0
INE559N01010,SRGHFL,SRG Housing Finance Limited,EQ,534680,Financial Services,Housing Finance Company,Financial Services,Finance,Housing Finance Company,CLASSIFIED,,,,0
INE917H01012,SRHHYPOLTD,Sree Rayalaseema Hi-Strength Hypo Limited,EQ,532842,Commodities,Commodity Chemicals,Chemicals,Chemicals & Petrochemicals,Commodity Chemicals,CLASSIFIED,,,,0
INE009C01019,SRIKPRIND,Sri KPR Industries Limited,EQ,514442,Industrials,Plastic Products - Industrial,Capital Goods,Industrial Products,Plastic Products - Industrial,CLASSIFIED,,,,0
INE0R6Z01013,SRM,SRM Contractors Limited,EQ,544158,Industrials,Civil Construction,Construction,Construction,Civil Construction,CLASSIFIED,,,,0
INE19GK01015,SRTL,Shree Ram Twistex Limited,EQ,544716,Consumer Discretionary,Other Textile Products,Textiles,Textiles & Apparels,Other Textile Products,CLASSIFIED,,,,0
INE0PQ101010,SSDL,Saraswati Saree Depot Limited,EQ,544230,Consumer Discretionary,Garments & Apparels,Textiles,Textiles & Apparels,Garments & Apparels,CLASSIFIED,,,,0
INE802C01033,SSWL,Steel Strips Wheels Limited,EQ,513262,Consumer Discretionary,Auto Components & Equipments,Automobile and Auto Components,Auto Components,Auto Components & Equipments,CLASSIFIED,,,,0
INE0RYC01010,STALLION,Stallion India Fluorochemicals Limited,BE,544342,Commodities,Industrial Gases,Chemicals,Chemicals & Petrochemicals,Industrial Gases,CLASSIFIED,,,,0
INE01A001028,STANLEY,Stanley Lifestyles Limited,EQ,544202,Consumer Discretionary,"Furniture, Home Furnishing",Consumer Durables,Consumer Durables,"Furniture, Home Furnishing",CLASSIFIED,,,,0
INE939A01011,STAR,Strides Pharma Science Limited,EQ,532531,Healthcare,Pharmaceuticals,Healthcare,Pharmaceuticals & Biotechnology,Pharmaceuticals,CLASSIFIED,,,,0
INE460H01021,STARCEMENT,Star Cement Limited,EQ,540575,Commodities,Cement & Cement Products,Construction Materials,Cement & Cement Products,Cement & Cement Products,CLASSIFIED,,,,0
INE575P01011,STARHEALTH,Star Health and Allied Insurance Company Limited,EQ,543412,Financial Services,General Insurance,Financial Services,Insurance,General Insurance,CLASSIFIED,,,,0
INE733A01018,STARPAPER,Star Paper Mills Limited,EQ,516022,Commodities,Paper & Paper Products,Forest Materials,"Paper, Forest & Jute Products",Paper & Paper Products,CLASSIFIED,,,,0
INE992I01013,STARTECK,Starteck Finance Limited,EQ,512381,Financial Services,Non Banking Financial Company (NBFC),Financial Services,Finance,Non Banking Financial Company (NBFC),CLASSIFIED,,,,0
INE655A01013,STCINDIA,The State Trading Corporation of India Limited,EQ,512531,Services,Trading & Distributors,Services,Commercial Services & Supplies,Trading & Distributors,CLASSIFIED,,,,0
INE124E01038,STEELCAS,Steelcast Limited,EQ,513517,Industrials,Castings & Forgings,Capital Goods,Industrial Products,Castings & Forgings,CLASSIFIED,,,,0
INE395H01011,STEELCITY,Steel City Securities Limited,EQ,,,,,,,NOT_FOUND,,,,0
INE503B01021,STEELXIND,STEEL EXCHANGE INDIA LIMITED,EQ,534748,Industrials,Iron & Steel Products,Capital Goods,Industrial Products,Iron & Steel Products,CLASSIFIED,,,,0
INE577L01016,STEL,Stel Holdings Limited,EQ,533316,Financial Services,Investment Company,Financial Services,Finance,Investment Company,CLASSIFIED,,,,0
INE334A01023,STERTOOLS,Sterling Tools Limited,BE,530759,Consumer Discretionary,Auto Components & Equipments,Automobile and Auto Components,Auto Components,Auto Components & Equipments,CLASSIFIED,,,,0
INE1VXE01018,STLNETWORK,STL Networks Limited,EQ,544395,Telecommunication,Other Telecom Services,Telecommunication,Telecom - Services,Other Telecom Services,CLASSIFIED,,,,0
INE205F01016,STLSTRINF,Steel Strips Infrastructures Limited,EQ,513173,Consumer Discretionary,"Residential, Commercial Projects",Realty,Realty,"Residential, Commercial Projects",CLASSIFIED,,,,0
INE089C01029,STLTECH,Sterlite Technologies Limited,BE,532374,Telecommunication,Telecom -  Equipment & Accessories,Telecommunication,Telecom -  Equipment & Accessories,Telecom -  Equipment & Accessories,CLASSIFIED,,,,0
INE00IN01015,STOVEKRAFT,Stove Kraft Limited,EQ,543260,Consumer Discretionary,Household Appliances,Consumer Durables,Consumer Durables,Household Appliances,CLASSIFIED,,,,0
INE00Q601028,STUDDS,Studds Accessories Limited,EQ,544599,Consumer Discretionary,Auto Components & Equipments,Automobile and Auto Components,Auto Components,Auto Components & Equipments,CLASSIFIED,,,,0
INE04VU01023,STYL,Seshaasai Technologies Limited,EQ,544533,Financial Services,Financial Technology (Fintech),Financial Services,Financial Technology (Fintech),Financial Technology (Fintech),CLASSIFIED,,,,0
INE239C01020,STYLAMIND,Stylam Industries Limited,EQ,526951,Consumer Discretionary,Plywood Boards/ Laminates,Consumer Durables,Consumer Durables,Plywood Boards/ Laminates,CLASSIFIED,,,,0
INE01FR01028,STYLEBAAZA,Baazar Style Retail Limited,EQ,544243,Consumer Discretionary,Speciality Retail,Consumer Services,Retailing,Speciality Retail,CLASSIFIED,,,,0
INE189B01011,STYRENIX,Styrenix Performance Materials Limited,EQ,506222,Commodities,Specialty Chemicals,Chemicals,Chemicals & Petrochemicals,Specialty Chemicals,CLASSIFIED,,,,0
INE754A01055,SUBEXLTD,Subex Limited,EQ,532348,Information Technology,Software Products,Information Technology,IT - Software,Software Products,CLASSIFIED,,,,0
INE287B01021,SUBROS,Subros Limited,EQ,517168,Industrials,Other Industrial Products,Capital Goods,Industrial Products,Other Industrial Products,CLASSIFIED,,,,0
INE492A01029,SUDARCOLOR,Sudarshan Colorants India Limited,EQ,506390,Commodities,Dyes And Pigments,Chemicals,Chemicals & Petrochemicals,Dyes And Pigments,CLASSIFIED,,,,0
INE659A01023,SUDARSCHEM,Sudarshan Chemical Industries Limited,EQ,506655,Commodities,Dyes And Pigments,Chemicals,Chemicals & Petrochemicals,Dyes And Pigments,CLASSIFIED,,,,0
INE0QPI01025,SUDEEPPHRM,Sudeep Pharma Limited,EQ,544619,Commodities,Specialty Chemicals,Chemicals,Chemicals & Petrochemicals,Specialty Chemicals,CLASSIFIED,,,,0
INE450E01029,SUKHJITS,Sukhjit Starch & Chemicals Limited,EQ,524542,Fast Moving Consumer Goods,Other Agricultural Products,Fast Moving Consumer Goods,Agricultural Food & other Products,Other Agricultural Products,CLASSIFIED,,,,0
INE142Q01026,SULA,Sula Vineyards Limited,EQ,543711,Fast Moving Consumer Goods,Breweries & Distilleries,Fast Moving Consumer Goods,Beverages,Breweries & Distilleries,CLASSIFIED,,,,0
INE886B01012,SUMEDHA,Sumedha Fiscal Services Limited,EQ,530419,Financial Services,Other Financial Services,Financial Services,Finance,Other Financial Services,CLASSIFIED,,,,0
INE235C01036,SUMEETINDS,Sumeet Industries Limited,EQ,514211,Consumer Discretionary,Other Textile Products,Textiles,Textiles & Apparels,Other Textile Products,CLASSIFIED,,,,0
INE258G01013,SUMICHEM,Sumitomo Chemical India Limited,EQ,542920,Commodities,Pesticides & Agrochemicals,Chemicals,Fertilizers & Agrochemicals,Pesticides & Agrochemicals,CLASSIFIED,,,,0
INE748Z01013,SUMIT,Sumit Woods Limited,EQ,,,,,,,NOT_FOUND,,,,0
INE519C01017,SUMMITSEC,Summit Securities Limited,EQ,533306,Financial Services,Investment Company,Financial Services,Finance,Investment Company,CLASSIFIED,,,,0
INE0Q3R01026,SUNCLAY,Sundaram Clayton Limited,EQ,544066,Consumer Discretionary,Auto Components & Equipments,Automobile and Auto Components,Auto Components,Auto Components & Equipments,CLASSIFIED,,,,0
INE108E01023,SUNDARAM,Sundaram Multi Pap Limited,EQ,533166,Fast Moving Consumer Goods,Stationary,Fast Moving Consumer Goods,Household Products,Stationary,CLASSIFIED,,,,0
INE660A01013,SUNDARMFIN,Sundaram Finance Limited,EQ,590071,Financial Services,Non Banking Financial Company (NBFC),Financial Services,Finance,Non Banking Financial Company (NBFC),CLASSIFIED,,,,0
INE073D01013,SUNDRMBRAK,Sundaram Brake Linings Limited,BE,590072,Consumer Discretionary,Auto Components & Equipments,Automobile and Auto Components,Auto Components,Auto Components & Equipments,CLASSIFIED,,,,0
INE387A01021,SUNDRMFAST,Sundram Fasteners Limited,EQ,500403,Consumer Discretionary,Auto Components & Equipments,Automobile and Auto Components,Auto Components,Auto Components & Equipments,CLASSIFIED,,,,0
INE209A01019,SUNDROP,Sundrop Brands Limited,EQ,500215,Fast Moving Consumer Goods,Edible Oil,Fast Moving Consumer Goods,Agricultural Food & other Products,Edible Oil,CLASSIFIED,,,,0
INE947A01014,SUNFLAG,Sunflag Iron And Steel Company Limited,EQ,500404,Industrials,Iron & Steel Products,Capital Goods,Industrial Products,Iron & Steel Products,CLASSIFIED,,,,0
INE671C01016,SUNLOC,Sunil Healthcare Limited,EQ,537253,Healthcare,Pharmaceuticals,Healthcare,Pharmaceuticals & Biotechnology,Pharmaceuticals,CLASSIFIED,,,,0
INE044A01036,SUNPHARMA,Sun Pharmaceutical Industries Limited,EQ,524715,Healthcare,Pharmaceuticals,Healthcare,Pharmaceuticals & Biotechnology,Pharmaceuticals,CLASSIFIED,,,,0
INE671K01027,SUNRAKSHAK,Sunrakshakk Industries India Limited,EQ,539300,Consumer Discretionary,Other Textile Products,Textiles,Textiles & Apparels,Other Textile Products,CLASSIFIED,,,,0
INE199E01014,SUNSHIEL,Sunshield Chemicals Limited,EQ,530845,Commodities,Specialty Chemicals,Chemicals,Chemicals & Petrochemicals,Specialty Chemicals,CLASSIFIED,,,,0
INE805D01034,SUNTECK,Sunteck Realty Limited,EQ,512179,Consumer Discretionary,"Residential, Commercial Projects",Realty,Realty,"Residential, Commercial Projects",CLASSIFIED,,,,0
INE424H01027,SUNTV,Sun TV Network Limited,EQ,532733,Consumer Discretionary,TV Broadcasting & Software Production,"Media, Entertainment & Publication",Entertainment,TV Broadcasting & Software Production,CLASSIFIED,,,,0
INE712B01010,SUPERHOUSE,Superhouse Limited,EQ,523283,Consumer Discretionary,Leather And Leather Products,Consumer Durables,Consumer Durables,Leather And Leather Products,CLASSIFIED,,,,0
INE662A01027,SUPERSPIN,Super Spinning Mills Limited,BE,521180,Consumer Discretionary,Other Textile Products,Textiles,Textiles & Apparels,Other Textile Products,CLASSIFIED,,,,0
INE399C01030,SUPRAJIT,Suprajit Engineering Limited,EQ,532509,Consumer Discretionary,Auto Components & Equipments,Automobile and Auto Components,Auto Components,Auto Components & Equipments,CLASSIFIED,,,,0
INE822E01011,SUPREME,Supreme Holdings & Hospitality (India) Limited,EQ,530677,Consumer Discretionary,"Residential, Commercial Projects",Realty,Realty,"Residential, Commercial Projects",CLASSIFIED,,,,0
INE319Z01021,SUPREMEENG,Supreme Engineering Limited,BZ,,,,,,,NOT_FOUND,,,,0
INE195A01028,SUPREMEIND,Supreme Industries Limited,EQ,509930,Industrials,Plastic Products - Industrial,Capital Goods,Industrial Products,Plastic Products - Industrial,CLASSIFIED,,,,0
INE550H01011,SUPREMEINF,Supreme Infrastructure India Limited,EQ,532904,Industrials,Civil Construction,Construction,Construction,Civil Construction,CLASSIFIED,,,,0
INE07RO01027,SUPRIYA,Supriya Lifescience Limited,EQ,543434,Healthcare,Pharmaceuticals,Healthcare,Pharmaceuticals & Biotechnology,Pharmaceuticals,CLASSIFIED,,,,0
INE460D01038,SUPTANERY,Super Tannery Limited,EQ,523842,Consumer Discretionary,Leather And Leather Products,Consumer Durables,Consumer Durables,Leather And Leather Products,CLASSIFIED,,,,0
INE843S01025,SURAJEST,Suraj Estate Developers Limited,EQ,544054,Consumer Discretionary,"Residential, Commercial Projects",Realty,Realty,"Residential, Commercial Projects",CLASSIFIED,,,,0
INE713C01016,SURAJLTD,Suraj Limited,EQ,531638,Industrials,Iron & Steel Products,Capital Goods,Industrial Products,Iron & Steel Products,CLASSIFIED,,,,0
INE877V01027,SURAKSHA,Suraksha Diagnostic Limited,EQ,544293,Healthcare,Healthcare Service Provider,Healthcare,Healthcare Services,Healthcare Service Provider,CLASSIFIED,,,,0
INE272L01022,SURANASOL,Surana Solar Limited,EQ,533298,Industrials,Heavy Electrical Equipment,Capital Goods,Electrical Equipment,Heavy Electrical Equipment,CLASSIFIED,,,,0
INE130B01031,SURANAT&P,Surana Telecom and Power Limited,EQ,517530,Utilities,Power Generation,Power,Power,Power Generation,CLASSIFIED,,,,0
INE132C01027,SURYALA,Suryalata Spinning Mills Limited,EQ,514138,Consumer Discretionary,Other Textile Products,Textiles,Textiles & Apparels,Other Textile Products,CLASSIFIED,,,,0
INE713B01026,SURYALAXMI,Suryalakshmi Cotton Mills Limited,EQ,521200,Consumer Discretionary,Other Textile Products,Textiles,Textiles & Apparels,Other Textile Products,CLASSIFIED,,,,0
INE335A01020,SURYAROSNI,Surya Roshni Limited,EQ,500336,Industrials,Iron & Steel Products,Capital Goods,Industrial Products,Iron & Steel Products,CLASSIFIED,,,,0
INE428Q01011,SURYODAY,Suryoday Small Finance Bank Limited,EQ,543279,Financial Services,Other Bank,Financial Services,Banks,Other Bank,CLASSIFIED,,,,0
INE645H01027,SUTLEJTEX,Sutlej Textiles and Industries Limited,BE,532782,Consumer Discretionary,Other Textile Products,Textiles,Textiles & Apparels,Other Textile Products,CLASSIFIED,,,,0
INE495B01038,SUVEN,Suven Life Sciences Limited,EQ,530239,Healthcare,"Healthcare Research, Analytics & Technology",Healthcare,Healthcare Services,"Healthcare Research, Analytics & Technology",CLASSIFIED,,,,0
INE018401013,SUVIDHAA,Suvidhaa Infoserve Limited,EQ,543281,Financial Services,Financial Technology (Fintech),Financial Services,Financial Technology (Fintech),Financial Technology (Fintech),CLASSIFIED,,,,0
INE442P01014,SUYOG,Suyog Telematics Limited,EQ,537259,Telecommunication,Telecom - Infrastructure,Telecommunication,Telecom - Services,Telecom - Infrastructure,CLASSIFIED,,,,0
INE040H01021,SUZLON,Suzlon Energy Limited,EQ,532667,Industrials,Heavy Electrical Equipment,Capital Goods,Electrical Equipment,Heavy Electrical Equipment,CLASSIFIED,,,,0
INE159L01013,SVGLOBAL,S V Global Mill Limited,EQ,535621,Consumer Discretionary,"Residential, Commercial Projects",Realty,Realty,"Residential, Commercial Projects",CLASSIFIED,,,,0
INE00CE01017,SVLL,Shree Vasu Logistics Limited,BE,,,,,,,NOT_FOUND,,,,0
INE308E01029,SVPGLOB,SVP GLOBAL TEXTILES LIMITED,EQ,505590,Consumer Discretionary,Other Textile Products,Textiles,Textiles & Apparels,Other Textile Products,CLASSIFIED,,,,0
INE665A01038,SWANCORP,SWAN CORP LIMITED,EQ,503310,Commodities,Petrochemicals,Chemicals,Chemicals & Petrochemicals,Petrochemicals,CLASSIFIED,,,,0
INE542F01020,SWANDEF,Swan Defence and Heavy Industries Limited,BE,533107,Industrials,Ship Building & Allied Services,Capital Goods,Industrial Manufacturing,Ship Building & Allied Services,CLASSIFIED,,,,0
INE0GMR01016,SWARAJ,Swaraj Suiting Limited,EQ,544861,Consumer Discretionary,Other Textile Products,Textiles,Textiles & Apparels,Other Textile Products,CLASSIFIED,,,,0
INE277A01016,SWARAJENG,Swaraj Engines Limited,EQ,500407,Industrials,"Compressors, Pumps & Diesel Engines",Capital Goods,Industrial Products,"Compressors, Pumps & Diesel Engines",CLASSIFIED,,,,0
INE967A01012,SWARNSAR,Swarnsarita Jewels India Limited,EQ,526365,Consumer Discretionary,"Gems, Jewellery And Watches",Consumer Durables,Consumer Durables,"Gems, Jewellery And Watches",CLASSIFIED,,,,0
INE409B01013,SWELECTES,Swelect Energy Systems Limited,EQ,532051,Industrials,Heavy Electrical Equipment,Capital Goods,Electrical Equipment,Heavy Electrical Equipment,CLASSIFIED,,,,0
INE00H001014,SWIGGY,Swiggy Limited,EQ,544285,Consumer Discretionary,E-Retail/ E-Commerce,Consumer Services,Retailing,E-Retail/ E-Commerce,CLASSIFIED,,,,0
INE010C01025,SWISSMLTRY,Swiss Military Consumer Goods Limited,EQ,523558,Consumer Discretionary,Diversified consumer products,Consumer Durables,Consumer Durables,Diversified consumer products,CLASSIFIED,,,,0
INE00M201021,SWSOLAR,Sterling and Wilson Renewable Energy Limited,EQ,542760,Industrials,Civil Construction,Construction,Construction,Civil Construction,CLASSIFIED,,,,0
INE225D01027,SYMPHONY,Symphony Limited,EQ,517385,Consumer Discretionary,Household Appliances,Consumer Durables,Consumer Durables,Household Appliances,CLASSIFIED,,,,0
INE312C01025,SYNCOMF,Syncom Formulations (India) Limited,EQ,524470,Healthcare,Pharmaceuticals,Healthcare,Pharmaceuticals & Biotechnology,Pharmaceuticals,CLASSIFIED,,,,0
INE398R01022,SYNGENE,Syngene International Limited,EQ,539268,Healthcare,"Healthcare Research, Analytics & Technology",Healthcare,Healthcare Services,"Healthcare Research, Analytics & Technology",CLASSIFIED,,,,0
INE0DYJ01015,SYRMA,Syrma SGS Technology Limited,EQ,543573,Industrials,Industrial Products,Capital Goods,Industrial Manufacturing,Industrial Products,CLASSIFIED,,,,0
INE356B01024,SYSTMTXC,Systematix Corporate Services Limited,BE,526506,Financial Services,Stockbroking & Allied,Financial Services,Capital Markets,Stockbroking & Allied,CLASSIFIED,,,,0
INE524T01011,TAALTECH,Taal Tech Limited,EQ,539956,Services,Airline,Services,Transport Services,Airline,CLASSIFIED,,,,0
INE123C01018,TAINWALCHM,Tainwala Chemical and Plastic (I) Limited,EQ,507785,Industrials,Plastic Products - Industrial,Capital Goods,Industrial Products,Plastic Products - Industrial,CLASSIFIED,,,,0
INE586B01026,TAJGVK,Taj GVK Hotels & Resorts Limited,EQ,532390,Consumer Discretionary,Hotels & Resorts,Consumer Services,Leisure Services,Hotels & Resorts,CLASSIFIED,,,,0
INE142I01023,TAKE,TAKE Limited,EQ,532890,Healthcare,"Healthcare Research, Analytics & Technology",Healthcare,Healthcare Services,"Healthcare Research, Analytics & Technology",CLASSIFIED,,,,0
INE187D01029,TALBROAUTO,Talbros Automotive Components Limited,EQ,505160,Consumer Discretionary,Auto Components & Equipments,Automobile and Auto Components,Auto Components,Auto Components & Equipments,CLASSIFIED,,,,0
INE864J01012,TAMBOLIIN,Tamboli Industries Limited,BE,533170,Financial Services,Holding Company,Financial Services,Finance,Holding Company,CLASSIFIED,,,,0
INE692C01020,TANAA,Taneja Aerospace & Aviation Limited,EQ,522229,Industrials,Aerospace & Defense,Capital Goods,Aerospace & Defense,Aerospace & Defense,CLASSIFIED,,,,0
INE483C01032,TANLA,Tanla Platforms Limited,EQ,532790,Information Technology,Software Products,Information Technology,IT - Software,Software Products,CLASSIFIED,,,,0
INE555Z01020,TARACHAND,Tara Chand InfraLogistic Solutions Limited,EQ,,,,,,,NOT_FOUND,,,,0
INE747K01017,TARAPUR,Tarapur Transformers Limited,EQ,533203,Industrials,Heavy Electrical Equipment,Capital Goods,Electrical Equipment,Heavy Electrical Equipment,CLASSIFIED,,,,0
INE0EK901012,TARC,TARC Limited,EQ,543249,Consumer Discretionary,"Residential, Commercial Projects",Realty,Realty,"Residential, Commercial Projects",CLASSIFIED,,,,0
INE763I01026,TARIL,Transformers And Rectifiers (India) Limited,EQ,532928,Industrials,Heavy Electrical Equipment,Capital Goods,Electrical Equipment,Heavy Electrical Equipment,CLASSIFIED,,,,0
INE924H01018,TARMAT,Tarmat Limited,EQ,532869,Industrials,Civil Construction,Construction,Construction,Civil Construction,CLASSIFIED,,,,0
INE144Z01023,TARSONS,Tarsons Products Limited,EQ,543399,Healthcare,Medical Equipment & Supplies,Healthcare,Healthcare Equipment & Supplies,Medical Equipment & Supplies,CLASSIFIED,,,,0
INE488B01017,TASTYBITE,Tasty Bite Eatables Limited,EQ,519091,Fast Moving Consumer Goods,Packaged Foods,Fast Moving Consumer Goods,Food Products,Packaged Foods,CLASSIFIED,,,,0
INE976I01016,TATACAP,Tata Capital Limited,EQ,544574,Financial Services,Non Banking Financial Company (NBFC),Financial Services,Finance,Non Banking Financial Company (NBFC),CLASSIFIED,,,,0
INE092A01019,TATACHEM,Tata Chemicals Limited,EQ,500770,Commodities,Commodity Chemicals,Chemicals,Chemicals & Petrochemicals,Commodity Chemicals,CLASSIFIED,,,,0
INE151A01013,TATACOMM,Tata Communications Limited,EQ,500483,Telecommunication,Telecom - Cellular & Fixed line services,Telecommunication,Telecom - Services,Telecom - Cellular & Fixed line services,CLASSIFIED,,,,0
INE192A01025,TATACONSUM,TATA CONSUMER PRODUCTS LIMITED,EQ,500800,Fast Moving Consumer Goods,Tea & Coffee,Fast Moving Consumer Goods,Agricultural Food & other Products,Tea & Coffee,CLASSIFIED,,,,0
INE670A01012,TATAELXSI,Tata Elxsi Limited,EQ,500408,Information Technology,Computers - Software & Consulting,Information Technology,IT - Software,Computers - Software & Consulting,CLASSIFIED,,,,0
INE672A01026,TATAINVEST,Tata Investment Corporation Limited,EQ,501301,Financial Services,Investment Company,Financial Services,Finance,Investment Company,CLASSIFIED,,,,0
INE245A01021,TATAPOWER,Tata Power Company Limited,EQ,500400,Utilities,Integrated Power Utilities,Power,Power,Integrated Power Utilities,CLASSIFIED,,,,0
INE081A01020,TATASTEEL,Tata Steel Limited,EQ,500470,Commodities,Iron & Steel,Metals & Mining,Ferrous Metals,Iron & Steel,CLASSIFIED,,,,0
INE142M01025,TATATECH,Tata Technologies Limited,EQ,544028,Information Technology,IT Enabled Services,Information Technology,IT - Services,IT Enabled Services,CLASSIFIED,,,,0
INE0GK401011,TATVA,Tatva Chintan Pharma Chem Limited,EQ,543321,Commodities,Specialty Chemicals,Chemicals,Chemicals & Petrochemicals,Specialty Chemicals,CLASSIFIED,,,,0
INE673O01025,TBOTEK,TBO Tek Limited,EQ,544174,Consumer Discretionary,"Tour, Travel Related Services",Consumer Services,Leisure Services,"Tour, Travel Related Services",CLASSIFIED,,,,0
INE760L01018,TBZ,Tribhovandas Bhimji Zaveri Limited,EQ,534369,Consumer Discretionary,"Gems, Jewellery And Watches",Consumer Durables,Consumer Durables,"Gems, Jewellery And Watches",CLASSIFIED,,,,0
INE887D01016,TCC,TCC Concept Limited,EQ,512038,Consumer Discretionary,Internet & Catalogue Retail,Consumer Services,Retailing,Internet & Catalogue Retail,CLASSIFIED,,,,0
INE688A01022,TCI,Transport Corporation of India Limited,EQ,532349,Services,Logistics Solution Provider,Services,Transport Services,Logistics Solution Provider,CLASSIFIED,,,,0
INE586V01016,TCIEXP,TCI Express Limited,EQ,540212,Services,Logistics Solution Provider,Services,Transport Services,Logistics Solution Provider,CLASSIFIED,,,,0
INE911B01018,TCIFINANCE,TCI Finance Limited,BE,501242,Financial Services,Non Banking Financial Company (NBFC),Financial Services,Finance,Non Banking Financial Company (NBFC),CLASSIFIED,,,,0
INE822C01015,TCPLPACK,TCPL Packaging Limited,EQ,523301,Industrials,Packaging,Capital Goods,Industrial Products,Packaging,CLASSIFIED,,,,0
INE467B01029,TCS,Tata Consultancy Services Limited,EQ,532540,Information Technology,Computers - Software & Consulting,Information Technology,IT - Software,Computers - Software & Consulting,CLASSIFIED,,,,0
INE419M01027,TDPOWERSYS,TD Power Systems Limited,EQ,533553,Industrials,Heavy Electrical Equipment,Capital Goods,Electrical Equipment,Heavy Electrical Equipment,CLASSIFIED,,,,0
INE289C01025,TEAMGTY,Team India Guaranty Limited,EQ,511559,Financial Services,Non Banking Financial Company (NBFC),Financial Services,Finance,Non Banking Financial Company (NBFC),CLASSIFIED,,,,0
INE985S01024,TEAMLEASE,Teamlease Services Limited,EQ,539658,Services,Diversified Commercial Services,Services,Commercial Services & Supplies,Diversified Commercial Services,CLASSIFIED,,,,0
INE669C01036,TECHM,Tech Mahindra Limited,EQ,532755,Information Technology,Computers - Software & Consulting,Information Technology,IT - Software,Computers - Software & Consulting,CLASSIFIED,,,,0
INE1D0W01018,TECHNOCRAF,Technocraft Ventures Limited,EQ,544864,Utilities,Water Supply & Management,Utilities,Other Utilities,Water Supply & Management,CLASSIFIED,,,,0
INE285K01026,TECHNOE,Techno Electric & Engineering Company Limited,EQ,542141,Industrials,Civil Construction,Construction,Construction,Civil Construction,CLASSIFIED,,,,0
INE314H01012,TECHNVISN,TechNVision Ventures Limited,EQ,501421,Information Technology,Software Products,Information Technology,IT - Software,Software Products,CLASSIFIED,,,,0
INE014B01011,TECILCHEM,TECIL Chemicals and Hydro Power Limited,EQ,506680,Commodities,Commodity Chemicals,Chemicals,Chemicals & Petrochemicals,Commodity Chemicals,CLASSIFIED,,,,0
INE011K01018,TEGA,Tega Industries Limited,EQ,543413,Industrials,Industrial Products,Capital Goods,Industrial Manufacturing,Industrial Products,CLASSIFIED,,,,0
INE010J01012,TEJASNET,Tejas Networks Limited,EQ,540595,Telecommunication,Telecom -  Equipment & Accessories,Telecommunication,Telecom -  Equipment & Accessories,Telecom -  Equipment & Accessories,CLASSIFIED,,,,0
INE869Y01028,TEMBO,Tembo Global Industries Limited,EQ,,,,,,,NOT_FOUND,,,,0
INE19RI01016,TENNIND,Tenneco Clean Air India Limited,EQ,544612,Consumer Discretionary,Auto Components & Equipments,Automobile and Auto Components,Auto Components,Auto Components & Equipments,CLASSIFIED,,,,0
INE390D01011,TERAI,Terai Tea Company Limited,EQ,530533,Fast Moving Consumer Goods,Tea & Coffee,Fast Moving Consumer Goods,Agricultural Food & other Products,Tea & Coffee,CLASSIFIED,,,,0
INE482B01010,TERASOFT,Tera Software Limited,EQ,533982,Information Technology,IT Enabled Services,Information Technology,IT - Services,IT Enabled Services,CLASSIFIED,,,,0
INE435C01024,TEXINFRA,Texmaco Infrastructure & Holdings Limited,EQ,505400,Services,Diversified Commercial Services,Services,Commercial Services & Supplies,Diversified Commercial Services,CLASSIFIED,,,,0
INE141K01013,TEXMOPIPES,Texmo Pipes and Products Limited,EQ,533164,Industrials,Plastic Products - Industrial,Capital Goods,Industrial Products,Plastic Products - Industrial,CLASSIFIED,,,,0
INE621L01012,TEXRAIL,Texmaco Rail & Engineering Limited,EQ,533326,Industrials,Railway Wagons,Capital Goods,Industrial Manufacturing,Railway Wagons,CLASSIFIED,,,,0
INE305A01023,TFCILTD,Tourism Finance Corporation of India Limited,EQ,526650,Financial Services,Financial Institution,Financial Services,Finance,Financial Institution,CLASSIFIED,,,,0
INE804H01012,TFL,Transwarranty Finance Limited,EQ,532812,Financial Services,Non Banking Financial Company (NBFC),Financial Services,Finance,Non Banking Financial Company (NBFC),CLASSIFIED,,,,0
INE797H01018,TGBHOTELS,TGB Banquets And Hotels Limited,EQ,532845,Consumer Discretionary,Hotels & Resorts,Consumer Services,Leisure Services,Hotels & Resorts,CLASSIFIED,,,,0
INE284B01028,TGVSL,TGV Sraac Limited,EQ,507753,Commodities,Commodity Chemicals,Chemicals,Chemicals & Petrochemicals,Commodity Chemicals,CLASSIFIED,,,,0
INE077P01034,THACKER,Thacker & Company Limited,BE,509945,Financial Services,Other Financial Services,Financial Services,Finance,Other Financial Services,CLASSIFIED,,,,0
INE403F01017,THAKDEV,Thakkers Developers Limited,EQ,526654,Consumer Discretionary,"Residential, Commercial Projects",Realty,Realty,"Residential, Commercial Projects",CLASSIFIED,,,,0
INE085J01014,THANGAMAYL,Thangamayil Jewellery Limited,EQ,533158,Consumer Discretionary,"Gems, Jewellery And Watches",Consumer Durables,Consumer Durables,"Gems, Jewellery And Watches",CLASSIFIED,,,,0
INE924D01017,THEINVEST,The Investment Trust Of India Limited,EQ,530023,Financial Services,Other Financial Services,Financial Services,Finance,Other Financial Services,CLASSIFIED,,,,0
INE121N01019,THEJO,Thejo Engineering Limited,EQ,,,,,,,NOT_FOUND,,,,0
INE0AQ201015,THELEELA,Leela Palaces Hotels & Resorts Limited,EQ,544408,Consumer Discretionary,Hotels & Resorts,Consumer Services,Leisure Services,Hotels & Resorts,CLASSIFIED,,,,0
INE083B01024,THEMISMED,Themis Medicare Limited,EQ,530199,Healthcare,Pharmaceuticals,Healthcare,Pharmaceuticals & Biotechnology,Pharmaceuticals,CLASSIFIED,,,,0
INE152A01029,THERMAX,Thermax Limited,EQ,500411,Industrials,Heavy Electrical Equipment,Capital Goods,Electrical Equipment,Heavy Electrical Equipment,CLASSIFIED,,,,0
INE332A01027,THOMASCOOK,Thomas Cook  (India)  Limited,EQ,500413,Consumer Discretionary,"Tour, Travel Related Services",Consumer Services,Leisure Services,"Tour, Travel Related Services",CLASSIFIED,,,,0
INE480M01011,THOMASCOTT,Thomas Scott (India) Limited,EQ,533941,Consumer Discretionary,Garments & Apparels,Textiles,Textiles & Apparels,Garments & Apparels,CLASSIFIED,,,,0
INE594H01019,THYROCARE,Thyrocare Technologies Limited,EQ,539871,Healthcare,Healthcare Service Provider,Healthcare,Healthcare Services,Healthcare Service Provider,CLASSIFIED,,,,0
INE133E01013,TI,Tilaknagar Industries Limited,EQ,507205,Fast Moving Consumer Goods,Breweries & Distilleries,Fast Moving Consumer Goods,Beverages,Breweries & Distilleries,CLASSIFIED,,,,0
INE388G01026,TICL,Twamev Construction and Infrastructure Limited,BE,532738,Industrials,Civil Construction,Construction,Construction,Civil Construction,CLASSIFIED,,,,0
INE906O01029,TIGERLOGS,Tiger Logistics (India) Limited,EQ,536264,Services,Logistics Solution Provider,Services,Transport Services,Logistics Solution Provider,CLASSIFIED,,,,0
INE545H01011,TIIL,Technocraft Industries (India) Limited,EQ,532804,Industrials,Iron & Steel Products,Capital Goods,Industrial Products,Iron & Steel Products,CLASSIFIED,,,,0
INE974X01010,TIINDIA,Tube Investments of India Limited,EQ,540762,Consumer Discretionary,Auto Components & Equipments,Automobile and Auto Components,Auto Components,Auto Components & Equipments,CLASSIFIED,,,,0
INE440L01017,TIJARIA,Tijaria Polypipes Limited,EQ,533629,Industrials,Plastic Products - Industrial,Capital Goods,Industrial Products,Plastic Products - Industrial,CLASSIFIED,,,,0
INE806C01018,TIL,TIL Limited,BE,505196,Industrials,Construction Vehicles,Capital Goods,"Agricultural, Commercial & Construction Vehicles",Construction Vehicles,CLASSIFIED,,,,0
INE508G01029,TIMETECHNO,Time Technoplast Limited,EQ,532856,Industrials,Plastic Products - Industrial,Capital Goods,Industrial Products,Plastic Products - Industrial,CLASSIFIED,,,,0
INE064A01026,TIMEX,Timex Group India Limited,EQ,500414,Consumer Discretionary,"Gems, Jewellery And Watches",Consumer Durables,Consumer Durables,"Gems, Jewellery And Watches",CLASSIFIED,,,,0
INE325A01013,TIMKEN,Timken India Limited,EQ,522113,Industrials,Abrasives & Bearings,Capital Goods,Industrial Products,Abrasives & Bearings,CLASSIFIED,,,,0
INE015C01016,TINNARUBR,Tinna Rubber and Infrastructure Limited,EQ,530475,Industrials,Rubber,Capital Goods,Industrial Products,Rubber,CLASSIFIED,,,,0
INE0LQS01015,TIPSFILMS,Tips Films Limited,EQ,543614,Consumer Discretionary,"Film Production, Distribution & Exhibition","Media, Entertainment & Publication",Entertainment,"Film Production, Distribution & Exhibition",CLASSIFIED,,,,0
INE716B01029,TIPSMUSIC,Tips Music Limited,EQ,532375,Consumer Discretionary,Media & Entertainment,"Media, Entertainment & Publication",Entertainment,Media & Entertainment,CLASSIFIED,,,,0
INE338A01024,TIRUMALCHM,Thirumalai Chemicals Limited,EQ,500412,Commodities,Commodity Chemicals,Chemicals,Chemicals & Petrochemicals,Commodity Chemicals,CLASSIFIED,,,,0
INE319Y01024,TIRUPATIFL,Tirupati Forge Limited,BE,,,,,,,NOT_FOUND,,,,0
INE615H01020,TITAGARH,TITAGARH RAIL SYSTEMS LIMITED,EQ,532966,Industrials,Railway Wagons,Capital Goods,Industrial Manufacturing,Railway Wagons,CLASSIFIED,,,,0
INE280A01028,TITAN,Titan Company Limited,EQ,500114,Consumer Discretionary,"Gems, Jewellery And Watches",Consumer Durables,Consumer Durables,"Gems, Jewellery And Watches",CLASSIFIED,,,,0
INE668A01016,TMB,Tamilnad Mercantile Bank Limited,EQ,543596,Financial Services,Private Sector Bank,Financial Services,Banks,Private Sector Bank,CLASSIFIED,,,,0
INE1TAE01010,TMCV,Tata Motors Limited,EQ,544569,Industrials,Commercial Vehicles,Capital Goods,"Agricultural, Commercial & Construction Vehicles",Commercial Vehicles,CLASSIFIED,,,,0
INE155A01022,TMPV,Tata Motors Passenger Vehicles Limited,EQ,500570,Consumer Discretionary,Passenger Cars & Utility Vehicles,Automobile and Auto Components,Automobiles,Passenger Cars & Utility Vehicles,CLASSIFIED,,,,0
INE148A01019,TNPETRO,Tamilnadu PetroProducts Limited,EQ,500777,Commodities,Petrochemicals,Chemicals,Chemicals & Petrochemicals,Petrochemicals,CLASSIFIED,,,,0
INE107A01015,TNPL,Tamil Nadu Newsprint & Papers Limited,EQ,531426,Commodities,Paper & Paper Products,Forest Materials,"Paper, Forest & Jute Products",Paper & Paper Products,CLASSIFIED,,,,0
INE141D01018,TNTELE,Tamilnadu Telecommunication Limited,EQ,523419,Telecommunication,Telecom -  Equipment & Accessories,Telecommunication,Telecom -  Equipment & Accessories,Telecom -  Equipment & Accessories,CLASSIFIED,,,,0
INE932C01012,TOKYOPLAST,Tokyo Plast International Limited,EQ,500418,Consumer Discretionary,Plastic Products - Consumer,Consumer Durables,Consumer Durables,Plastic Products - Consumer,CLASSIFIED,,,,0
INE0RWQ01014,TOLINS,Tolins Tyres Limited,EQ,544254,Consumer Discretionary,Tyres & Rubber Products,Automobile and Auto Components,Auto Components,Tyres & Rubber Products,CLASSIFIED,,,,0
INE685A01028,TORNTPHARM,Torrent Pharmaceuticals Limited,EQ,500420,Healthcare,Pharmaceuticals,Healthcare,Pharmaceuticals & Biotechnology,Pharmaceuticals,CLASSIFIED,,,,0
INE813H01021,TORNTPOWER,Torrent Power Limited,EQ,532779,Utilities,Integrated Power Utilities,Power,Power,Integrated Power Utilities,CLASSIFIED,,,,0
INE336X01012,TOTAL,Total Transport Systems Limited,EQ,,,,,,,NOT_FOUND,,,,0
INE486Y01013,TOUCHWOOD,Touchwood Entertainment Limited,EQ,,,,,,,NOT_FOUND,,,,0
INE457P01020,TOYAMSL,Toyam Sports Limited,EQ,538607,Financial Services,Other Financial Services,Financial Services,Finance,Other Financial Services,CLASSIFIED,,,,0
INE065J01024,TPHQ,Teamo Productions HQ Limited,EQ,533048,Industrials,Civil Construction,Construction,Construction,Civil Construction,CLASSIFIED,,,,0
INE413G01022,TPLPLASTEH,TPL Plastech Limited,EQ,526582,Industrials,Packaging,Capital Goods,Industrial Products,Packaging,CLASSIFIED,,,,0
INE0HMF01019,TRACXN,Tracxn Technologies Limited,EQ,543638,Services,Data Processing Services,Services,Commercial Services & Supplies,Data Processing Services,CLASSIFIED,,,,0
INE330E01023,TRANSCOR,Transcorp International Limited,EQ,532410,Financial Services,Other Financial Services,Financial Services,Finance,Other Financial Services,CLASSIFIED,,,,0
INE687A01016,TRANSPEK,Transpek Industry Limited,BE,506687,Commodities,Commodity Chemicals,Chemicals,Chemicals & Petrochemicals,Commodity Chemicals,CLASSIFIED,,,,0
INE454P01035,TRANSRAILL,Transrail Lighting Limited,EQ,544317,Industrials,Heavy Electrical Equipment,Capital Goods,Electrical Equipment,Heavy Electrical Equipment,CLASSIFIED,,,,0
INE757B01015,TRANSWORLD,TRANSWORLD SHIPPING LINES LIMITED,BE,520151,Services,Shipping,Services,Transport Services,Shipping,CLASSIFIED,,,,0
INE103V01028,TRAVELFOOD,Travel Food Services Limited,EQ,544443,Consumer Discretionary,Restaurants,Consumer Services,Leisure Services,Restaurants,CLASSIFIED,,,,0
INE040M01013,TREEHOUSE,Tree House Education & Accessories Limited,EQ,533540,Consumer Discretionary,Education,Consumer Services,Other Consumer Services,Education,CLASSIFIED,,,,0
INE00CA01015,TREJHARA,TREJHARA SOLUTIONS LIMITED,EQ,542233,Information Technology,Computers - Software & Consulting,Information Technology,IT - Software,Computers - Software & Consulting,CLASSIFIED,,,,0
INE0O3901029,TREL,Transindia Real Estate Limited,EQ,543955,Services,Logistics Solution Provider,Services,Transport Services,Logistics Solution Provider,CLASSIFIED,,,,0
INE849A01020,TRENT,Trent Limited,EQ,500251,Consumer Discretionary,Speciality Retail,Consumer Services,Retailing,Speciality Retail,CLASSIFIED,,,,0
INE391D01019,TRF,TRF Limited,EQ,505854,Industrials,Industrial Products,Capital Goods,Industrial Manufacturing,Industrial Products,CLASSIFIED,,,,0
INE064C01022,TRIDENT,Trident Limited,EQ,521064,Consumer Discretionary,Other Textile Products,Textiles,Textiles & Apparels,Other Textile Products,CLASSIFIED,,,,0
INE948A01012,TRIGYN,Trigyn Technologies Limited,EQ,517562,Information Technology,Computers - Software & Consulting,Information Technology,IT - Software,Computers - Software & Consulting,CLASSIFIED,,,,0
INE440G01017,TRITONV,Triton Valves Limited,EQ,505978,Consumer Discretionary,Auto Components & Equipments,Automobile and Auto Components,Auto Components,Auto Components & Equipments,CLASSIFIED,,,,0
INE152M01016,TRITURBINE,Triveni Turbine Limited,EQ,533655,Industrials,Heavy Electrical Equipment,Capital Goods,Electrical Equipment,Heavy Electrical Equipment,CLASSIFIED,,,,0
INE256C01024,TRIVENI,Triveni Engineering & Industries Limited,EQ,532356,Fast Moving Consumer Goods,Sugar,Fast Moving Consumer Goods,Agricultural Food & other Products,Sugar,CLASSIFIED,,,,0
INE615R01029,TRU,TruCap Finance Limited,EQ,540268,Financial Services,Non Banking Financial Company (NBFC),Financial Services,Finance,Non Banking Financial Company (NBFC),CLASSIFIED,,,,0
INE0MWH01014,TRUALT,TruAlt Bioenergy Limited,EQ,544545,Fast Moving Consumer Goods,Other Agricultural Products,Fast Moving Consumer Goods,Agricultural Food & other Products,Other Agricultural Products,CLASSIFIED,,,,0
INE202Z01029,TSFINV,TSF INVESTMENTS LIMITED,EQ,,,,,,,NOT_FOUND,,,,0
INE910C01018,TTKHLTCARE,TTK Healthcare Limited,EQ,507747,Diversified,Diversified,Diversified,Diversified,Diversified,CLASSIFIED,,,,0
INE690A01028,TTKPRESTIG,TTK Prestige Limited,EQ,517506,Consumer Discretionary,Household Appliances,Consumer Durables,Consumer Durables,Household Appliances,CLASSIFIED,,,,0
INE592B01024,TTL,T T Limited,EQ,514142,Consumer Discretionary,Other Textile Products,Textiles,Textiles & Apparels,Other Textile Products,CLASSIFIED,,,,0
INE517B01013,TTML,Tata Teleservices (Maharashtra) Limited,EQ,532371,Telecommunication,Telecom - Cellular & Fixed line services,Telecommunication,Telecom - Services,Telecom - Cellular & Fixed line services,CLASSIFIED,,,,0
INE0OC301013,TURTLEMINT,Turtlemint Fintech Solutions Limited,EQ,544799,Financial Services,Financial Technology (Fintech),Financial Services,Financial Technology (Fintech),Financial Technology (Fintech),CLASSIFIED,,,,0
INE400A01014,TUTIALKA,Tuticorin Alkali Chemicals & Fertilizers Limited,EQ,506808,Commodities,Commodity Chemicals,Chemicals,Chemicals & Petrochemicals,Commodity Chemicals,CLASSIFIED,,,,0
INE236G01019,TVSELECT,TVS Electronics Limited,EQ,532513,Information Technology,Computers Hardware & Equipments,Information Technology,IT - Hardware,Computers Hardware & Equipments,CLASSIFIED,,,,0
INE105A01035,TVSHLTD,TVS Holdings Limited,EQ,520056,Financial Services,Investment Company,Financial Services,Finance,Investment Company,CLASSIFIED,,,,0
INE494B01023,TVSMOTOR,TVS Motor Company Limited,EQ,532343,Consumer Discretionary,2/3 Wheelers,Automobile and Auto Components,Automobiles,2/3 Wheelers,CLASSIFIED,,,,0
INE395N01027,TVSSCS,TVS Supply Chain Solutions Limited,EQ,543965,Services,Logistics Solution Provider,Services,Transport Services,Logistics Solution Provider,CLASSIFIED,,,,0
INE421C01016,TVSSRICHAK,TVS Srichakra Limited,EQ,509243,Consumer Discretionary,Tyres & Rubber Products,Automobile and Auto Components,Auto Components,Tyres & Rubber Products,CLASSIFIED,,,,0
INE038F01029,TVTODAY,TV Today Network Limited,EQ,532515,Consumer Discretionary,TV Broadcasting & Software Production,"Media, Entertainment & Publication",Entertainment,TV Broadcasting & Software Production,CLASSIFIED,,,,0
INE871L01013,TVVISION,TV Vision Limited,BE,540083,Consumer Discretionary,TV Broadcasting & Software Production,"Media, Entertainment & Publication",Entertainment,TV Broadcasting & Software Production,CLASSIFIED,,,,0
INE686F01025,UBL,United Breweries Limited,EQ,532478,Fast Moving Consumer Goods,Breweries & Distilleries,Fast Moving Consumer Goods,Beverages,Breweries & Distilleries,CLASSIFIED,,,,0
INE139B01016,UCAL,UCAL LIMITED,BE,500464,Consumer Discretionary,Auto Components & Equipments,Automobile and Auto Components,Auto Components,Auto Components & Equipments,CLASSIFIED,,,,0
INE691A01018,UCOBANK,UCO Bank,EQ,532505,Financial Services,Public Sector Bank,Financial Services,Banks,Public Sector Bank,CLASSIFIED,,,,0
INE551B01012,UDAYJEW,Uday Jewellery Industries Limited,EQ,539518,Consumer Discretionary,"Gems, Jewellery And Watches",Consumer Durables,Consumer Durables,"Gems, Jewellery And Watches",CLASSIFIED,,,,0
INE851I01011,UDS,Updater Services Limited,EQ,543996,Services,Diversified Commercial Services,Services,Commercial Services & Supplies,Diversified Commercial Services,CLASSIFIED,,,,0
INE899L01030,UEL,Ujaas Energy Limited,EQ,533644,Utilities,Power Generation,Power,Power,Power Generation,CLASSIFIED,,,,0
INE382M01027,UFBL,United Foodbrands Limited,BE,543283,Consumer Discretionary,Restaurants,Consumer Services,Leisure Services,Restaurants,CLASSIFIED,,,,0
INE516A01017,UFLEX,UFLEX Limited,EQ,500148,Industrials,Packaging,Capital Goods,Industrial Products,Packaging,CLASSIFIED,,,,0
INE527H01019,UFO,UFO Moviez India Limited,EQ,539141,Consumer Discretionary,"Film Production, Distribution & Exhibition","Media, Entertainment & Publication",Entertainment,"Film Production, Distribution & Exhibition",CLASSIFIED,,,,0
INE071E01023,UGARSUGAR,The Ugar Sugar Works Limited,EQ,530363,Fast Moving Consumer Goods,Sugar,Fast Moving Consumer Goods,Agricultural Food & other Products,Sugar,CLASSIFIED,,,,0
INE583D01011,UGROCAP,Ugro Capital Limited,EQ,511742,Financial Services,Non Banking Financial Company (NBFC),Financial Services,Finance,Non Banking Financial Company (NBFC),CLASSIFIED,,,,0
INE551W01018,UJJIVANSFB,Ujjivan Small Finance Bank Limited,EQ,542904,Financial Services,Other Bank,Financial Services,Banks,Other Bank,CLASSIFIED,,,,0
INE481G01011,ULTRACEMCO,UltraTech Cement Limited,EQ,532538,Commodities,Cement & Cement Products,Construction Materials,Cement & Cement Products,Cement & Cement Products,CLASSIFIED,,,,0
INE405A01021,ULTRAMAR,Ultramarine & Pigments Limited,EQ,506685,Commodities,Dyes And Pigments,Chemicals,Chemicals & Petrochemicals,Dyes And Pigments,CLASSIFIED,,,,0
INE0GIU01018,UMAEXPORTS,Uma Exports Limited,BE,543513,Services,Trading & Distributors,Services,Commercial Services & Supplies,Trading & Distributors,CLASSIFIED,,,,0
INE240C01028,UMESLTD,Usha Martin Education & Solutions Limited,EQ,532398,Consumer Discretionary,E-Learning,Consumer Services,Other Consumer Services,E-Learning,CLASSIFIED,,,,0
INE398B01018,UMIYA-MRO,UMIYA BUILDCON LIMITED,EQ,532376,Telecommunication,Telecom -  Equipment & Accessories,Telecommunication,Telecom -  Equipment & Accessories,Telecom -  Equipment & Accessories,CLASSIFIED,,,,0
INE351A01035,UNICHEMLAB,Unichem Laboratories Limited,EQ,506690,Healthcare,Pharmaceuticals,Healthcare,Pharmaceuticals & Biotechnology,Pharmaceuticals,CLASSIFIED,,,,0
INE961D01019,UNIDT,United Drilling Tools Limited,BE,522014,Industrials,Industrial Products,Capital Goods,Industrial Manufacturing,Industrial Products,CLASSIFIED,,,,0
INE00U401027,UNIECOM,Unicommerce Esolutions Limited,EQ,544227,Information Technology,Software Products,Information Technology,IT - Software,Software Products,CLASSIFIED,,,,0
INE037A01022,UNIENTER,Uniphos Enterprises Limited,EQ,500429,Commodities,Trading - Chemicals,Chemicals,Chemicals & Petrochemicals,Trading - Chemicals,CLASSIFIED,,,,0
INE481Z01011,UNIINFO,Uniinfo Telecom Services Limited,EQ,,,,,,,NOT_FOUND,,,,0
INE0U3I01011,UNIMECH,Unimech Aerospace and Manufacturing Limited,EQ,544322,Industrials,Aerospace & Defense,Capital Goods,Aerospace & Defense,Aerospace & Defense,CLASSIFIED,,,,0
INE692A01016,UNIONBANK,Union Bank of India,EQ,532477,Financial Services,Public Sector Bank,Financial Services,Banks,Public Sector Bank,CLASSIFIED,,,,0
INE244O01017,UNIPARTS,Uniparts India Limited,EQ,543689,Consumer Discretionary,Auto Components & Equipments,Automobile and Auto Components,Auto Components,Auto Components & Equipments,CLASSIFIED,,,,0
INE854D01024,UNITDSPR,United Spirits Limited,EQ,532432,Fast Moving Consumer Goods,Breweries & Distilleries,Fast Moving Consumer Goods,Beverages,Breweries & Distilleries,CLASSIFIED,,,,0
INE694A01020,UNITECH,Unitech Limited,EQ,507878,Consumer Discretionary,"Residential, Commercial Projects",Realty,Realty,"Residential, Commercial Projects",CLASSIFIED,,,,0
INE368U01029,UNITEDPOLY,United Polyfab Gujarat Limited,BE,544756,Consumer Discretionary,Other Textile Products,Textiles,Textiles & Apparels,Other Textile Products,CLASSIFIED,,,,0
INE458F01011,UNITEDTEA,The United Nilgiri Tea Estates Company Limited,EQ,,,,,,,NOT_FOUND,,,,0
INE562X01013,UNIVASTU,Univastu India Limited,BE,,,,,,,NOT_FOUND,,,,0
INE279A01012,UNIVCABLES,Universal Cables Limited,EQ,504212,Industrials,Cables - Electricals,Capital Goods,Industrial Products,Cables - Electricals,CLASSIFIED,,,,0
INE03V001013,UNIVPHOTO,Universus Photo Imagings Limited,BE,542933,Consumer Discretionary,Consumer Electronics,Consumer Durables,Consumer Durables,Consumer Electronics,CLASSIFIED,,,,0
INE405E01023,UNOMINDA,UNO Minda Limited,EQ,532539,Consumer Discretionary,Auto Components & Equipments,Automobile and Auto Components,Auto Components,Auto Components & Equipments,CLASSIFIED,,,,0
INE726E01014,UPHOT,U P Hotels Limited,EQ,509960,Consumer Discretionary,Hotels & Resorts,Consumer Services,Leisure Services,Hotels & Resorts,CLASSIFIED,,,,0
INE628A01036,UPL,UPL Limited,EQ,512070,Commodities,Pesticides & Agrochemicals,Chemicals,Fertilizers & Agrochemicals,Pesticides & Agrochemicals,CLASSIFIED,,,,0
INE568Z01015,URAVIDEF,Uravi Defence and Technology Limited,BE,543930,Consumer Discretionary,Auto Components & Equipments,Automobile and Auto Components,Auto Components,Auto Components & Equipments,CLASSIFIED,,,,0
INE0CAZ01013,URBANCO,Urban Company Limited,EQ,544515,Consumer Discretionary,E-Retail/ E-Commerce,Consumer Services,Retailing,E-Retail/ E-Commerce,CLASSIFIED,,,,0
INE550C01020,URJA,Urja Global Limited,EQ,526987,Industrials,Other Electrical Equipment,Capital Goods,Electrical Equipment,Other Electrical Equipment,CLASSIFIED,,,,0
INE228A01035,USHAMART,Usha Martin Limited,EQ,517146,Industrials,Iron & Steel Products,Capital Goods,Industrial Products,Iron & Steel Products,CLASSIFIED,,,,0
INE0N0Y01013,USK,Udayshivakumar Infra Limited,EQ,543861,Industrials,Civil Construction,Construction,Construction,Civil Construction,CLASSIFIED,,,,0
INE094J01016,UTIAMC,UTI Asset Management Company Limited,EQ,543238,Financial Services,Asset Management Company,Financial Services,Capital Markets,Asset Management Company,CLASSIFIED,,,,0
INE735W01017,UTKARSHBNK,Utkarsh Small Finance Bank Limited,EQ,543942,Financial Services,Other Bank,Financial Services,Banks,Other Bank,CLASSIFIED,,,,0
INE12UR01024,UTLSOLAR,Fujiyama Power Systems Limited,EQ,544613,Industrials,Other Electrical Equipment,Capital Goods,Electrical Equipment,Other Electrical Equipment,CLASSIFIED,,,,0
INE786F01031,UTTAMSUGAR,Uttam Sugar Mills Limited,EQ,532729,Fast Moving Consumer Goods,Sugar,Fast Moving Consumer Goods,Agricultural Food & other Products,Sugar,CLASSIFIED,,,,0
INE152C01025,UYFINCORP,U. Y. Fincorp Limited,BE,530579,Financial Services,Non Banking Financial Company (NBFC),Financial Services,Finance,Non Banking Financial Company (NBFC),CLASSIFIED,,,,0
INE945H01021,V2RETAIL,V2 Retail Limited,EQ,532867,Consumer Discretionary,Speciality Retail,Consumer Services,Retailing,Speciality Retail,CLASSIFIED,,,,0
INE694D01016,VADILALIND,Vadilal Industries Limited,EQ,519156,Fast Moving Consumer Goods,Dairy Products,Fast Moving Consumer Goods,Food Products,Dairy Products,CLASSIFIED,,,,0
INE693D01018,VADILENT,Vadilal Enterprises Limited,EQ,519152,Fast Moving Consumer Goods,Dairy Products,Fast Moving Consumer Goods,Food Products,Dairy Products,CLASSIFIED,,,,0
INE884A01027,VAIBHAVGBL,Vaibhav Global Limited,EQ,532156,Consumer Discretionary,"Gems, Jewellery And Watches",Consumer Durables,Consumer Durables,"Gems, Jewellery And Watches",CLASSIFIED,,,,0
INE972X01022,VAISHALI,Vaishali Pharma Limited,EQ,,,,,,,NOT_FOUND,,,,0
INE051B01021,VAKRANGEE,Vakrangee Limited,EQ,511431,Information Technology,IT Enabled Services,Information Technology,IT - Services,IT Enabled Services,CLASSIFIED,,,,0
INE0JWS01017,VALIANTLAB,Valiant Laboratories Limited,EQ,543998,Healthcare,Pharmaceuticals,Healthcare,Pharmaceuticals & Biotechnology,Pharmaceuticals,CLASSIFIED,,,,0
INE565V01010,VALIANTORG,Valiant Organics Limited,BE,540145,Commodities,Specialty Chemicals,Chemicals,Chemicals & Petrochemicals,Specialty Chemicals,CLASSIFIED,,,,0
INE1CDF01017,VAML,Vedanta Aluminium Metal Limited,EQ,544780,Commodities,Aluminium,Metals & Mining,Non - Ferrous Metals,Aluminium,CLASSIFIED,,,,0
INE116G01013,VARDHACRLC,Vardhman Acrylics Limited,BE,,,,,,,NOT_FOUND,,,,0
INE835A01029,VARDMNPOLY,Vardhman Polytex Limited,EQ,514175,Consumer Discretionary,Other Textile Products,Textiles,Textiles & Apparels,Other Textile Products,CLASSIFIED,,,,0
INE665L01035,VARROC,Varroc Engineering Limited,EQ,541578,Consumer Discretionary,Auto Components & Equipments,Automobile and Auto Components,Auto Components,Auto Components & Equipments,CLASSIFIED,,,,0
INE893I01013,VASCONEQ,Vascon Engineers Limited,EQ,533156,Consumer Discretionary,"Residential, Commercial Projects",Realty,Realty,"Residential, Commercial Projects",CLASSIFIED,,,,0
INE574G01013,VASUPRADA,Shri Vasuprada Plantations Limited,EQ,538092,Fast Moving Consumer Goods,Tea & Coffee,Fast Moving Consumer Goods,Agricultural Food & other Products,Tea & Coffee,CLASSIFIED,,,,0
INE590L01019,VASWANI,Vaswani Industries Limited,EQ,533576,Commodities,Sponge Iron,Metals & Mining,Ferrous Metals,Sponge Iron,CLASSIFIED,,,,0
INE200M01039,VBL,Varun Beverages Limited,EQ,540180,Fast Moving Consumer Goods,Other Beverages,Fast Moving Consumer Goods,Beverages,Other Beverages,CLASSIFIED,,,,0
INE098201036,VCL,Vaxtex Cotfab Limited,BE,,,,,,,NOT_FOUND,,,,0
INE359B01010,VEDAVAAG,VEDAVAAG Systems Limited,EQ,533056,Information Technology,IT Enabled Services,Information Technology,IT - Services,IT Enabled Services,CLASSIFIED,,,,0
INE205A01025,VEDL,Vedanta Limited,EQ,500295,Commodities,Diversified Metals,Metals & Mining,Diversified Metals,Diversified Metals,CLASSIFIED,,,,0
INE694L01019,VEDPOWER,Vedanta Power Limited,EQ,544781,Utilities,Power Generation,Power,Power,Power Generation,CLASSIFIED,,,,0
INE484C01030,VEEDOL,Veedol Corporation Limited,EQ,590005,Energy,Lubricants,"Oil, Gas & Consumable Fuels",Petroleum Products,Lubricants,CLASSIFIED,,,,0
INE232E01013,VELJAN,Veljan Denison Limited,BE,505232,Consumer Discretionary,Auto Components & Equipments,Automobile and Auto Components,Auto Components,Auto Components & Equipments,CLASSIFIED,,,,0
INE398A01010,VENKEYS,Venky's (India) Limited,EQ,523261,Fast Moving Consumer Goods,Meat Products including Poultry,Fast Moving Consumer Goods,Food Products,Meat Products including Poultry,CLASSIFIED,,,,0
INE781S01027,VENTIVE,Ventive Hospitality Limited,EQ,544321,Consumer Discretionary,Hotels & Resorts,Consumer Services,Leisure Services,Hotels & Resorts,CLASSIFIED,,,,0
INE0JA001018,VENUSPIPES,Venus Pipes & Tubes Limited,EQ,543528,Industrials,Iron & Steel Products,Capital Goods,Industrial Products,Iron & Steel Products,CLASSIFIED,,,,0
INE411B01019,VENUSREM,Venus Remedies Limited,BE,526953,Healthcare,Pharmaceuticals,Healthcare,Pharmaceuticals & Biotechnology,Pharmaceuticals,CLASSIFIED,,,,0
INE0IQ001011,VERANDA,Veranda Learning Solutions Limited,EQ,543514,Consumer Discretionary,E-Learning,Consumer Services,Other Consumer Services,E-Learning,CLASSIFIED,,,,0
INE188Y01031,VERTOZ,Vertoz Limited,BE,,,,,,,NOT_FOUND,,,,0
INE386A01023,VESUVIUS,Vesuvius India Limited,EQ,520113,Industrials,Electrodes & Refractories,Capital Goods,Industrial Products,Electrodes & Refractories,CLASSIFIED,,,,0
INE918N01018,VETO,Veto Switchgears And Cables Limited,BE,539331,Consumer Discretionary,Consumer Electronics,Consumer Durables,Consumer Durables,Consumer Electronics,CLASSIFIED,,,,0
INE761Q01015,VGCL,Vibrant Global Capital Limited,EQ,538732,Financial Services,Non Banking Financial Company (NBFC),Financial Services,Finance,Non Banking Financial Company (NBFC),CLASSIFIED,,,,0
INE273D01027,VGL,VARVEE GLOBAL LIMITED,EQ,514274,Consumer Discretionary,Other Textile Products,Textiles,Textiles & Apparels,Other Textile Products,CLASSIFIED,,,,0
INE951I01027,VGUARD,V-Guard Industries Limited,EQ,532953,Consumer Discretionary,Household Appliances,Consumer Durables,Consumer Durables,Household Appliances,CLASSIFIED,,,,0
INE701A01023,VHL,Vardhman Holdings Limited,EQ,500439,Financial Services,Investment Company,Financial Services,Finance,Investment Company,CLASSIFIED,,,,0
INE048C01025,VHLTD,Viceroy Hotels Limited,BE,523796,Consumer Discretionary,Hotels & Resorts,Consumer Services,Leisure Services,Hotels & Resorts,CLASSIFIED,,,,0
INE632C01026,VIDHIING,Vidhi Specialty Food Ingredients Limited,EQ,531717,Commodities,Specialty Chemicals,Chemicals,Chemicals & Petrochemicals,Specialty Chemicals,CLASSIFIED,,,,0
INE14UN01029,VIDYAWIRES,Vidya Wires Limited,EQ,544633,Industrials,"Aluminium, Copper & Zinc Products",Capital Goods,Industrial Products,"Aluminium, Copper & Zinc Products",CLASSIFIED,,,,0
INE043W01024,VIJAYA,Vijaya Diagnostic Centre Limited,EQ,543350,Healthcare,Healthcare Service Provider,Healthcare,Healthcare Services,Healthcare Service Provider,CLASSIFIED,,,,0
INE159N01027,VIJIFIN,Viji Finance Limited,BE,537820,Financial Services,Non Banking Financial Company (NBFC),Financial Services,Finance,Non Banking Financial Company (NBFC),CLASSIFIED,,,,0
INE362D01010,VIJSOLX,Vijay Solvex Limited,EQ,531069,Fast Moving Consumer Goods,Edible Oil,Fast Moving Consumer Goods,Agricultural Food & other Products,Edible Oil,CLASSIFIED,,,,0
INE806A01020,VIKASECO,Vikas EcoTech Limited,EQ,530961,Commodities,Specialty Chemicals,Chemicals,Chemicals & Petrochemicals,Specialty Chemicals,CLASSIFIED,,,,0
INE161L01027,VIKASLIFE,Vikas Lifecare Limited,EQ,542655,Services,Trading & Distributors,Services,Commercial Services & Supplies,Trading & Distributors,CLASSIFIED,,,,0
INE078V01014,VIKRAMSOLR,Vikram Solar Limited,EQ,544488,Industrials,Other Electrical Equipment,Capital Goods,Electrical Equipment,Other Electrical Equipment,CLASSIFIED,,,,0
INE01R501028,VIKRAN,Vikran Engineering Limited,EQ,544496,Industrials,Civil Construction,Construction,Construction,Civil Construction,CLASSIFIED,,,,0
INE579C01029,VIMTALABS,Vimta Labs Limited,EQ,524394,Healthcare,"Healthcare Research, Analytics & Technology",Healthcare,Healthcare Services,"Healthcare Research, Analytics & Technology",CLASSIFIED,,,,0
INE410B01037,VINATIORGA,Vinati Organics Limited,EQ,524200,Commodities,Specialty Chemicals,Chemicals,Chemicals & Petrochemicals,Specialty Chemicals,CLASSIFIED,,,,0
INE498Q01014,VINCOFE,Vintage Coffee And Beverages Limited,EQ,538920,Fast Moving Consumer Goods,Tea & Coffee,Fast Moving Consumer Goods,Agricultural Food & other Products,Tea & Coffee,CLASSIFIED,,,,0
INE707A01012,VINDHYATEL,Vindhya Telelinks Limited,EQ,517015,Industrials,Civil Construction,Construction,Construction,Civil Construction,CLASSIFIED,,,,0
INE505Y01010,VINEETLAB,Vineet Laboratories Limited,EQ,543298,Healthcare,Pharmaceuticals,Healthcare,Pharmaceuticals & Biotechnology,Pharmaceuticals,CLASSIFIED,,,,0
INE01KI01027,VINNY,Vinny Overseas Limited,EQ,543670,Consumer Discretionary,Garments & Apparels,Textiles,Textiles & Apparels,Garments & Apparels,CLASSIFIED,,,,0
INE250B01029,VINYLINDIA,Vinyl Chemicals (India) Limited,EQ,524129,Commodities,Trading - Chemicals,Chemicals,Chemicals & Petrochemicals,Trading - Chemicals,CLASSIFIED,,,,0
INE450G01024,VIPCLOTHNG,VIP Clothing Limited,EQ,532613,Consumer Discretionary,Garments & Apparels,Textiles,Textiles & Apparels,Garments & Apparels,CLASSIFIED,,,,0
INE054A01027,VIPIND,VIP Industries Limited,EQ,507880,Consumer Discretionary,Plastic Products - Consumer,Consumer Durables,Consumer Durables,Plastic Products - Consumer,CLASSIFIED,,,,0
INE946H01037,VIPULLTD,Vipul Limited,BE,511726,Consumer Discretionary,"Residential, Commercial Projects",Realty,Realty,"Residential, Commercial Projects",CLASSIFIED,,,,0
INE467D01017,VIRAT,Virat Industries Limited,EQ,530521,Consumer Discretionary,Garments & Apparels,Textiles,Textiles & Apparels,Garments & Apparels,CLASSIFIED,,,,0
INE539B01017,VIRINCHI,Virinchi Limited,EQ,532372,Information Technology,Software Products,Information Technology,IT - Software,Software Products,CLASSIFIED,,,,0
INE247C01023,VIRTUALG,Virtual Global Education Limited,EQ,534741,Consumer Discretionary,Education,Consumer Services,Other Consumer Services,Education,CLASSIFIED,,,,0
INE286H01012,VISACHROME,VISA Chrome Limited,EQ,532721,Commodities,Ferro & Silica Manganese,Metals & Mining,Ferrous Metals,Ferro & Silica Manganese,CLASSIFIED,,,,0
INE392A01021,VISAKAIND,Visaka Industries Limited,EQ,509055,Commodities,Cement & Cement Products,Construction Materials,Cement & Cement Products,Cement & Cement Products,CLASSIFIED,,,,0
INE755Q01025,VISHAL,Vishal Fabrics Limited,EQ,538598,Consumer Discretionary,Garments & Apparels,Textiles,Textiles & Apparels,Garments & Apparels,CLASSIFIED,,,,0
INE270I01022,VISHNU,Vishnu Chemicals Limited,EQ,516072,Commodities,Specialty Chemicals,Chemicals,Chemicals & Petrochemicals,Specialty Chemicals,CLASSIFIED,,,,0
INE430N01022,VISHWARAJ,Vishwaraj Sugar Industries Limited,EQ,542852,Fast Moving Consumer Goods,Sugar,Fast Moving Consumer Goods,Agricultural Food & other Products,Sugar,CLASSIFIED,,,,0
INE1CLE01013,VISL,Vedanta Iron and Steel Limited,EQ,544784,Commodities,Iron & Steel,Metals & Mining,Ferrous Metals,Iron & Steel,CLASSIFIED,,,,0
INE0L4K01016,VITAL,Vital Chemtech Limited,BE,,,,,,,NOT_FOUND,,,,0
INE0MEG01014,VIVIANA,Viviana Power Tech Limited,BE,,,,,,,NOT_FOUND,,,,0
INE370E01029,VIVIDHA,Visagar Polytex Limited,EQ,506146,Consumer Discretionary,Garments & Apparels,Textiles,Textiles & Apparels,Garments & Apparels,CLASSIFIED,,,,0
INE526G01021,VIVIMEDLAB,Vivimed Labs Limited,BE,532660,Healthcare,Pharmaceuticals,Healthcare,Pharmaceuticals & Biotechnology,Pharmaceuticals,CLASSIFIED,,,,0
INE380K01017,VIVOBIOT,Vivo Bio Tech Limited,EQ,511509,Healthcare,Biotechnology,Healthcare,Pharmaceuticals & Biotechnology,Biotechnology,CLASSIFIED,,,,0
INE807F01027,VIYASH,Viyash Scientific Limited,EQ,512529,Healthcare,Pharmaceuticals,Healthcare,Pharmaceuticals & Biotechnology,Pharmaceuticals,CLASSIFIED,,,,0
INE03HW01020,VLEGOV,VL E-Governance & IT Solutions Limited,BE,543958,Information Technology,IT Enabled Services,Information Technology,IT - Services,IT Enabled Services,CLASSIFIED,,,,0
INE709A01018,VLSFINANCE,VLS Finance Limited,EQ,511333,Financial Services,Investment Company,Financial Services,Finance,Investment Company,CLASSIFIED,,,,0
INE665J01013,VMART,V-Mart Retail Limited,EQ,534976,Consumer Discretionary,Diversified Retail,Consumer Services,Retailing,Diversified Retail,CLASSIFIED,,,,0
INE01EA01019,VMM,Vishal Mega Mart Limited,EQ,544307,Consumer Discretionary,Diversified Retail,Consumer Services,Retailing,Diversified Retail,CLASSIFIED,,,,0
INE0SJA01013,VMSTMT,VMS TMT Limited,EQ,544521,Industrials,Iron & Steel Products,Capital Goods,Industrial Products,Iron & Steel Products,CLASSIFIED,,,,0
INE0I0T01010,VOEPL,Virtuoso Optoelectronics Limited,EQ,543597,Consumer Discretionary,Diversified consumer products,Consumer Durables,Consumer Durables,Diversified consumer products,CLASSIFIED,,,,0
INE704J01044,VOGL,Vedanta Oil and Gas Limited,EQ,544782,Energy,Oil Exploration & Production,"Oil, Gas & Consumable Fuels",Oil,Oil Exploration & Production,CLASSIFIED,,,,0
INE285C01015,VOITHPAPR,Voith Paper Fabrics India Limited,EQ,522122,Consumer Discretionary,Other Textile Products,Textiles,Textiles & Apparels,Other Textile Products,CLASSIFIED,,,,0
INE540H01012,VOLTAMP,Voltamp Transformers Limited,EQ,532757,Industrials,Heavy Electrical Equipment,Capital Goods,Electrical Equipment,Heavy Electrical Equipment,CLASSIFIED,,,,0
INE226A01021,VOLTAS,Voltas Limited,EQ,500575,Consumer Discretionary,Household Appliances,Consumer Durables,Consumer Durables,Household Appliances,CLASSIFIED,,,,0
INE0AE001013,VPRPL,Vishnu Prakash R Punglia Limited,EQ,543974,Industrials,Civil Construction,Construction,Construction,Civil Construction,CLASSIFIED,,,,0
INE0S2V01010,VRAJ,Vraj Iron and Steel Limited,EQ,544204,Commodities,Sponge Iron,Metals & Mining,Ferrous Metals,Sponge Iron,CLASSIFIED,,,,0
INE366I01010,VRLLOG,VRL Logistics Limited,EQ,539118,Services,Logistics Solution Provider,Services,Transport Services,Logistics Solution Provider,CLASSIFIED,,,,0
INE050M01012,VSSL,Vardhman Special Steels Limited,EQ,534392,Industrials,Iron & Steel Products,Capital Goods,Industrial Products,Iron & Steel Products,CLASSIFIED,,,,0
INE710A01016,VSTIND,VST Industries Limited,EQ,509966,Fast Moving Consumer Goods,Cigarettes & Tobacco Products,Fast Moving Consumer Goods,Cigarettes & Tobacco Products,Cigarettes & Tobacco Products,CLASSIFIED,,,,0
INE0QTF01015,VSTL,Vibhor Steel Tubes Limited,EQ,544124,Industrials,Iron & Steel Products,Capital Goods,Industrial Products,Iron & Steel Products,CLASSIFIED,,,,0
INE764D01017,VSTTILLERS,V.S.T Tillers Tractors Limited,EQ,531266,Industrials,Tractors,Capital Goods,"Agricultural, Commercial & Construction Vehicles",Tractors,CLASSIFIED,,,,0
INE825A01020,VTL,Vardhman Textiles Limited,EQ,502986,Consumer Discretionary,Other Textile Products,Textiles,Textiles & Apparels,Other Textile Products,CLASSIFIED,,,,0
INE222F01029,VTMLTD,VTM Limited,EQ,532893,Consumer Discretionary,Other Textile Products,Textiles,Textiles & Apparels,Other Textile Products,CLASSIFIED,,,,0
INE377N01017,WAAREEENER,Waaree Energies Limited,EQ,544277,Industrials,Other Electrical Equipment,Capital Goods,Electrical Equipment,Other Electrical Equipment,CLASSIFIED,,,,0
INE866K01023,WAAREEINDO,Indosolar Limited,EQ,533257,Industrials,Heavy Electrical Equipment,Capital Goods,Electrical Equipment,Heavy Electrical Equipment,CLASSIFIED,,,,0
INE299N01021,WAAREERTL,Waaree Renewable Technologies Limited,EQ,534618,Industrials,Other Electrical Equipment,Capital Goods,Electrical Equipment,Other Electrical Equipment,CLASSIFIED,,,,0
INE956G01038,WABAG,VA Tech Wabag Limited,EQ,533269,Utilities,Water Supply & Management,Utilities,Other Utilities,Water Supply & Management,CLASSIFIED,,,,0
INE0E7301029,WAKEFIT,Wakefit Innovations Limited,EQ,544642,Consumer Discretionary,"Furniture, Home Furnishing",Consumer Durables,Consumer Durables,"Furniture, Home Furnishing",CLASSIFIED,,,,0
INE711A01022,WALCHANNAG,Walchandnagar Industries Limited,EQ,507410,Industrials,Industrial Products,Capital Goods,Industrial Manufacturing,Industrial Products,CLASSIFIED,,,,0
INE107F01022,WANBURY,Wanbury Limited,EQ,524212,Healthcare,Pharmaceuticals,Healthcare,Pharmaceuticals & Biotechnology,Pharmaceuticals,CLASSIFIED,,,,0
INE945P01024,WARDINMOBI,Wardwizard Innovations & Mobility Limited,EQ,538970,Consumer Discretionary,2/3 Wheelers,Automobile and Auto Components,Automobiles,2/3 Wheelers,CLASSIFIED,,,,0
INE054C01015,WATERBASE,Waterbase Limited,EQ,523660,Fast Moving Consumer Goods,Seafood,Fast Moving Consumer Goods,Food Products,Seafood,CLASSIFIED,,,,0
INE0CJF01024,WCIL,Western Carriers (India) Limited,EQ,544258,Services,Logistics Solution Provider,Services,Transport Services,Logistics Solution Provider,CLASSIFIED,,,,0
INE658T01017,WEALTH,Wealth First Portfolio Managers Limited,EQ,544536,Financial Services,Other Financial Services,Financial Services,Finance,Other Financial Services,CLASSIFIED,,,,0
INE855C01023,WEBELSOLAR,Websol Energy System Limited,EQ,517498,Industrials,Other Electrical Equipment,Capital Goods,Electrical Equipment,Other Electrical Equipment,CLASSIFIED,,,,0
INE080A01014,WEIZMANIND,Weizmann Limited,EQ,523011,Consumer Discretionary,Other Textile Products,Textiles,Textiles & Apparels,Other Textile Products,CLASSIFIED,,,,0
INE02WG01024,WEL,Wonder Electricals Limited,EQ,543449,Consumer Discretionary,Household Appliances,Consumer Durables,Consumer Durables,Household Appliances,CLASSIFIED,,,,0
INE191B01025,WELCORP,Welspun Corp Limited,EQ,532144,Industrials,Iron & Steel Products,Capital Goods,Industrial Products,Iron & Steel Products,CLASSIFIED,,,,0
INE625G01013,WELENT,Welspun Enterprises Limited,EQ,532553,Industrials,Civil Construction,Construction,Construction,Civil Construction,CLASSIFIED,,,,0
INE389K01018,WELINV,Welspun Investments and Commercials Limited,BE,533252,Financial Services,Investment Company,Financial Services,Finance,Investment Company,CLASSIFIED,,,,0
INE731F01037,WELSPLSOL,Welspun Specialty Solutions Limited,EQ,500365,Industrials,Iron & Steel Products,Capital Goods,Industrial Products,Iron & Steel Products,CLASSIFIED,,,,0
INE192B01031,WELSPUNLIV,Welspun Living Limited,EQ,514162,Consumer Discretionary,Other Textile Products,Textiles,Textiles & Apparels,Other Textile Products,CLASSIFIED,,,,0
INE274C01019,WENDT,Wendt (India) Limited,EQ,505412,Industrials,Abrasives & Bearings,Capital Goods,Industrial Products,Abrasives & Bearings,CLASSIFIED,,,,0
INE274F01020,WESTLIFE,WESTLIFE FOODWORLD LIMITED,EQ,505533,Consumer Discretionary,Restaurants,Consumer Services,Leisure Services,Restaurants,CLASSIFIED,,,,0
INE082W01014,WEWIN,WE WIN LIMITED,EQ,543535,Services,Business Process Outsourcing (BPO)/ Knowledge Process Outsourcing (KPO),Services,Commercial Services & Supplies,Business Process Outsourcing (BPO)/ Knowledge Process Outsourcing (KPO),CLASSIFIED,,,,0
INE085001019,WEWORK,WeWork India Management Limited,EQ,544570,Services,Diversified Commercial Services,Services,Commercial Services & Supplies,Diversified Commercial Services,CLASSIFIED,,,,0
INE855A01019,WHBRADY,WH Brady & Company Limited,EQ,501391,Industrials,Other Industrial Products,Capital Goods,Industrial Products,Other Industrial Products,CLASSIFIED,,,,0
INE715A01015,WHEELS,Wheels India Limited,EQ,590073,Consumer Discretionary,Auto Components & Equipments,Automobile and Auto Components,Auto Components,Auto Components & Equipments,CLASSIFIED,,,,0
INE716A01013,WHIRLPOOL,Whirlpool of India Limited,EQ,500238,Consumer Discretionary,Household Appliances,Consumer Durables,Consumer Durables,Household Appliances,CLASSIFIED,,,,0
INE210A01017,WILLAMAGOR,Williamson Magor & Company Limited,EQ,519224,Financial Services,Investment Company,Financial Services,Finance,Investment Company,CLASSIFIED,,,,0
INE0H5O01029,WINDLAS,Windlas Biotech Limited,EQ,543329,Healthcare,Pharmaceuticals,Healthcare,Pharmaceuticals & Biotechnology,Pharmaceuticals,CLASSIFIED,,,,0
INE052A01021,WINDMACHIN,Windsor Machines Limited,EQ,522029,Industrials,Industrial Products,Capital Goods,Industrial Manufacturing,Industrial Products,CLASSIFIED,,,,0
INE215F01023,WIPL,The Western India Plywoods Limited,EQ,,,,,,,NOT_FOUND,,,,0
INE075A01022,WIPRO,Wipro Limited,EQ,507685,Information Technology,Computers - Software & Consulting,Information Technology,IT - Software,Computers - Software & Consulting,CLASSIFIED,,,,0
INE049B01025,WOCKPHARMA,Wockhardt Limited,EQ,532300,Healthcare,Pharmaceuticals,Healthcare,Pharmaceuticals & Biotechnology,Pharmaceuticals,CLASSIFIED,,,,0
INE066O01014,WONDERLA,Wonderla Holidays Limited,EQ,538268,Consumer Discretionary,Amusement Parks/ Other Recreation,Consumer Services,Leisure Services,Amusement Parks/ Other Recreation,CLASSIFIED,,,,0
INE196Y01018,WORTHPERI,Worth Peripherals Limited,EQ,544577,Industrials,Packaging,Capital Goods,Industrial Products,Packaging,CLASSIFIED,,,,0
INE765D01022,WPIL,WPIL Limited,EQ,505872,Industrials,Industrial Products,Capital Goods,Industrial Manufacturing,Industrial Products,CLASSIFIED,,,,0
INE100D01014,WSI,W S Industries (I) Limited,EQ,504220,Industrials,Civil Construction,Construction,Construction,Civil Construction,CLASSIFIED,,,,0
INE976A01021,WSTCSTPAPR,West Coast Paper Mills Limited,EQ,500444,Commodities,Paper & Paper Products,Forest Materials,"Paper, Forest & Jute Products",Paper & Paper Products,CLASSIFIED,,,,0
INE692G01013,XCHANGING,Xchanging Solutions Limited,EQ,532616,Information Technology,Computers - Software & Consulting,Information Technology,IT - Software,Computers - Software & Consulting,CLASSIFIED,,,,0
INE01P501012,XELPMOC,Xelpmoc Design And Tech Limited,EQ,542367,Information Technology,Software Products,Information Technology,IT - Software,Software Products,CLASSIFIED,,,,0
INE445C01015,XPROINDIA,Xpro India Limited,EQ,590013,Industrials,Packaging,Capital Goods,Industrial Products,Packaging,CLASSIFIED,,,,0
INE547B01028,XTGLOBAL,Xtglobal Infotech Limited,EQ,531225,Information Technology,Computers - Software & Consulting,Information Technology,IT - Software,Computers - Software & Consulting,CLASSIFIED,,,,0
INE0NG701011,XTRANET,Xtranet Technologies Limited,EQ,544838,Information Technology,IT Enabled Services,Information Technology,IT - Services,IT Enabled Services,CLASSIFIED,,,,0
INE616Z01012,YASHO,Yasho Industries Limited,EQ,541167,Commodities,Specialty Chemicals,Chemicals,Chemicals & Petrochemicals,Specialty Chemicals,CLASSIFIED,,,,0
INE0JO301016,YATHARTH,Yatharth Hospital & Trauma Care Services Limited,EQ,543950,Healthcare,Hospital,Healthcare,Healthcare Services,Hospital,CLASSIFIED,,,,0
INE0JR601024,YATRA,Yatra Online Limited,EQ,543992,Consumer Discretionary,"Tour, Travel Related Services",Consumer Services,Leisure Services,"Tour, Travel Related Services",CLASSIFIED,,,,0
INE528G01035,YESBANK,Yes Bank Limited,EQ,532648,Financial Services,Private Sector Bank,Financial Services,Banks,Private Sector Bank,CLASSIFIED,,,,0
INE290E01011,YOGI,Yogi Limited,EQ,511702,Consumer Discretionary,"Residential, Commercial Projects",Realty,Realty,"Residential, Commercial Projects",CLASSIFIED,,,,0
INE384C01016,YUKEN,Yuken India Limited,EQ,522108,Industrials,"Compressors, Pumps & Diesel Engines",Capital Goods,Industrial Products,"Compressors, Pumps & Diesel Engines",CLASSIFIED,,,,0
INE07K301024,ZAGGLE,Zaggle Prepaid Ocean Services Limited,EQ,543985,Information Technology,IT Enabled Services,Information Technology,IT - Services,IT Enabled Services,CLASSIFIED,,,,0
INE256A01028,ZEEL,Zee Entertainment Enterprises Limited,EQ,505537,Consumer Discretionary,TV Broadcasting & Software Production,"Media, Entertainment & Publication",Entertainment,TV Broadcasting & Software Production,CLASSIFIED,,,,0
INE565L01011,ZEELEARN,Zee Learn Limited,BE,533287,Consumer Discretionary,Education,Consumer Services,Other Consumer Services,Education,CLASSIFIED,,,,0
INE966H01019,ZEEMEDIA,Zee Media Corporation Limited,EQ,532794,Consumer Discretionary,TV Broadcasting & Software Production,"Media, Entertainment & Publication",Entertainment,TV Broadcasting & Software Production,CLASSIFIED,,,,0
INE058B01018,ZENITHEXPO,Zenith Exports Limited,EQ,512553,Consumer Discretionary,Leather And Leather Products,Consumer Durables,Consumer Durables,Leather And Leather Products,CLASSIFIED,,,,0
INE318D01020,ZENITHSTL,Zenith Steel Pipes & Industries Limited,EQ,531845,Industrials,Iron & Steel Products,Capital Goods,Industrial Products,Iron & Steel Products,CLASSIFIED,,,,0
INE520A01027,ZENSARTECH,Zensar Technologies Limited,EQ,504067,Information Technology,Computers - Software & Consulting,Information Technology,IT - Software,Computers - Software & Consulting,CLASSIFIED,,,,0
INE251B01027,ZENTEC,Zen Technologies Limited,EQ,533339,Industrials,Aerospace & Defense,Capital Goods,Aerospace & Defense,Aerospace & Defense,CLASSIFIED,,,,0
INE342J01019,ZFCVINDIA,ZF Commercial Vehicle Control Systems India Limited,EQ,533023,Consumer Discretionary,Auto Components & Equipments,Automobile and Auto Components,Auto Components,Auto Components & Equipments,CLASSIFIED,,,,0
INE116C01012,ZFSTEERING,ZF Steering Gear (India) Limited,EQ,505163,Consumer Discretionary,Auto Components & Equipments,Automobile and Auto Components,Auto Components,Auto Components & Equipments,CLASSIFIED,,,,0
INE518E01015,ZIMLAB,Zim Laboratories Limited,EQ,541400,Healthcare,Pharmaceuticals,Healthcare,Pharmaceuticals & Biotechnology,Pharmaceuticals,CLASSIFIED,,,,0
INE761Y01019,ZODIAC,Zodiac Energy Limited,EQ,543416,Industrials,Civil Construction,Construction,Construction,Civil Construction,CLASSIFIED,,,,0
INE206B01013,ZODIACLOTH,Zodiac Clothing Company Limited,EQ,521163,Consumer Discretionary,Garments & Apparels,Textiles,Textiles & Apparels,Garments & Apparels,CLASSIFIED,,,,0
INE358U01012,ZOTA,Zota Health Care LImited,EQ,,,,,,,NOT_FOUND,,,,0
INE967G01019,ZSARACOM,Saraswati Commercial India Limited,EQ,512020,Financial Services,Non Banking Financial Company (NBFC),Financial Services,Finance,Non Banking Financial Company (NBFC),CLASSIFIED,,,,0
INE840M01016,ZUARI,Zuari Agro Chemicals Limited,EQ,534742,Commodities,Fertilizers,Chemicals,Fertilizers & Agrochemicals,Fertilizers,CLASSIFIED,,,,0
INE217A01012,ZUARIIND,ZUARI INDUSTRIES LIMITED,EQ,500780,Fast Moving Consumer Goods,Sugar,Fast Moving Consumer Goods,Agricultural Food & other Products,Sugar,CLASSIFIED,,,,0
INE010B01027,ZYDUSLIFE,Zydus Lifesciences Limited,EQ,532321,Healthcare,Pharmaceuticals,Healthcare,Pharmaceuticals & Biotechnology,Pharmaceuticals,CLASSIFIED,,,,0
INE768C01028,ZYDUSWELL,Zydus Wellness Limited,EQ,531335,Fast Moving Consumer Goods,Packaged Foods,Fast Moving Consumer Goods,Food Products,Packaged Foods,CLASSIFIED,,,,0
